2026-05-22 14:02:15,472 [INFO] Activator:176 - 


2026-05-22 14:02:15,488 [INFO] Activator:177 - !SESSION log4j initialized
2026-05-22 14:02:30,838 [INFO] LogOutputStream:77 - [STDOUT_REDIRECT] 
2026-05-22 14:02:32,908 [INFO] ApplicationProperties:184 - Using Application install path: C:\Users\matuh\STM32CubeIDE_1.19.0\STM32CubeIDE\plugins\com.st.stm32cube.common.mx_6.15.0.202507011659
2026-05-22 14:02:32,946 [INFO] DbMcusXml:78 - Set database path to: C:\Users\matuh\STM32CubeIDE_1.19.0\STM32CubeIDE\plugins\com.st.stm32cube.common.mx_6.15.0.202507011659\\db\/mcu/
2026-05-22 14:02:32,947 [INFO] ApiDb:274 - Set plugin database path to: C:\Users\matuh\STM32CubeIDE_1.19.0\STM32CubeIDE\plugins\com.st.stm32cube.common.mx_6.15.0.202507011659\\db\/plugins/boardmanager/
2026-05-22 14:02:32,954 [WARN] ApiDb:259 - Overriding images path with different value:  => C:\Users\matuh\STM32CubeIDE_1.19.0\STM32CubeIDE\plugins\com.st.stm32cube.common.mx_6.15.0.202507011659\\db\/plugins/mcufinder/images/
2026-05-22 14:02:32,969 [INFO] ApiDb:250 - Set database path to: C:\Users\matuh\.stmcufinder\plugins\mcufinder//mcu/
2026-05-22 14:02:32,974 [INFO] DbMcusAds:125 - Set database path to: C:\Users\matuh\.stmcufinder\plugins\mcufinder//mcu/
2026-05-22 14:02:32,981 [INFO] CrossReferenceDbSqlite:203 - Set database path to: C:\Users\matuh\.stmcufinder\plugins\mcufinder//mcu/cs/
2026-05-22 14:02:33,212 [INFO] RulesReader:64 - Compatibility file has been processed (317 Rules)
2026-05-22 14:02:33,459 [INFO] DbMcusXml:78 - Set database path to: C:\Users\matuh\STM32CubeIDE_1.19.0\STM32CubeIDE\plugins\com.st.stm32cube.common.mx_6.15.0.202507011659\\db\/mcu/
2026-05-22 14:02:33,460 [INFO] ApiDb:274 - Set plugin database path to: C:\Users\matuh\STM32CubeIDE_1.19.0\STM32CubeIDE\plugins\com.st.stm32cube.common.mx_6.15.0.202507011659\\db\/plugins/boardmanager/
2026-05-22 14:02:33,460 [INFO] ApiDb:261 - Set plugin images path to: C:\Users\matuh\STM32CubeIDE_1.19.0\STM32CubeIDE\plugins\com.st.stm32cube.common.mx_6.15.0.202507011659\\db\/plugins/mcufinder/images/
2026-05-22 14:02:33,461 [WARN] DbFile:41 - Overriding database path with different value: C:\Users\matuh\.stmcufinder\plugins\mcufinder/ => C:\Users\matuh\.stmcufinder\plugins\mcufinder
2026-05-22 14:02:33,462 [INFO] ApiDb:250 - Set database path to: C:\Users\matuh\.stmcufinder\plugins\mcufinder//mcu/
2026-05-22 14:02:33,462 [WARN] DbFile:41 - Overriding database path with different value: C:\Users\matuh\.stmcufinder\plugins\mcufinder/ => C:\Users\matuh\.stmcufinder\plugins\mcufinder
2026-05-22 14:02:33,462 [INFO] DbMcusAds:125 - Set database path to: C:\Users\matuh\.stmcufinder\plugins\mcufinder//mcu/
2026-05-22 14:02:33,462 [WARN] DbFile:41 - Overriding database path with different value: C:\Users\matuh\.stmcufinder\plugins\mcufinder/ => C:\Users\matuh\.stmcufinder\plugins\mcufinder
2026-05-22 14:02:33,462 [WARN] DbFile:41 - Overriding database path with different value: C:\Users\matuh\.stmcufinder\plugins\mcufinder/ => C:\Users\matuh\.stmcufinder\plugins\mcufinder
2026-05-22 14:02:33,463 [INFO] CrossReferenceDbSqlite:203 - Set database path to: C:\Users\matuh\.stmcufinder\plugins\mcufinder//mcu/cs/
2026-05-22 14:02:33,647 [INFO] MainPanel:274 - HeapMemory: 268435456
2026-05-22 14:02:33,894 [INFO] DbMcusXml:78 - Set database path to: C:\Users\matuh\STM32CubeIDE_1.19.0\STM32CubeIDE\plugins\com.st.stm32cube.common.mx_6.15.0.202507011659\\db\/mcu/
2026-05-22 14:02:33,895 [INFO] ApiDb:274 - Set plugin database path to: C:\Users\matuh\STM32CubeIDE_1.19.0\STM32CubeIDE\plugins\com.st.stm32cube.common.mx_6.15.0.202507011659\\db\/plugins/boardmanager/
2026-05-22 14:02:33,895 [INFO] ApiDb:261 - Set plugin images path to: C:\Users\matuh\STM32CubeIDE_1.19.0\STM32CubeIDE\plugins\com.st.stm32cube.common.mx_6.15.0.202507011659\\db\/plugins/mcufinder/images/
2026-05-22 14:02:33,896 [WARN] DbFile:41 - Overriding database path with different value: C:\Users\matuh\.stmcufinder\plugins\mcufinder/ => C:\Users\matuh\.stmcufinder\plugins\mcufinder
2026-05-22 14:02:33,896 [INFO] ApiDb:250 - Set database path to: C:\Users\matuh\.stmcufinder\plugins\mcufinder//mcu/
2026-05-22 14:02:33,897 [WARN] DbFile:41 - Overriding database path with different value: C:\Users\matuh\.stmcufinder\plugins\mcufinder/ => C:\Users\matuh\.stmcufinder\plugins\mcufinder
2026-05-22 14:02:33,897 [INFO] DbMcusAds:125 - Set database path to: C:\Users\matuh\.stmcufinder\plugins\mcufinder//mcu/
2026-05-22 14:02:33,898 [WARN] DbFile:41 - Overriding database path with different value: C:\Users\matuh\.stmcufinder\plugins\mcufinder/ => C:\Users\matuh\.stmcufinder\plugins\mcufinder
2026-05-22 14:02:33,898 [WARN] DbFile:41 - Overriding database path with different value: C:\Users\matuh\.stmcufinder\plugins\mcufinder/ => C:\Users\matuh\.stmcufinder\plugins\mcufinder
2026-05-22 14:02:33,898 [INFO] CrossReferenceDbSqlite:203 - Set database path to: C:\Users\matuh\.stmcufinder\plugins\mcufinder//mcu/cs/
2026-05-22 14:02:33,950 [INFO] ApplicationProperties:184 - Using Application install path: C:\Users\matuh\STM32CubeIDE_1.19.0\STM32CubeIDE\plugins\com.st.stm32cube.common.mx_6.15.0.202507011659
2026-05-22 14:02:33,953 [INFO] PluginManage:196 - Search for loadable plugins [exclusion list=, ]
2026-05-22 14:02:33,956 [INFO] PluginManage:310 - Check plugin analytics
2026-05-22 14:02:34,377 [INFO] AnalyticsPlugin:253 - Accepted Software Licenses: STM32CubeMX.6.15.0
2026-05-22 14:02:34,378 [INFO] AnalyticsPlugin:255 - Accepted CMSIS Pack Licenses: 
2026-05-22 14:02:34,378 [INFO] AnalyticsPlugin:257 - Accepted Firmware Licenses: FW.G4.1.5.0,FW.F7.1.17.0,FW.G0.1.6.0,FW.G4.1.6.0,FW.H7.1.12.0,FW.C0.1.4.0,FW.F4.1.28.0
2026-05-22 14:02:34,385 [INFO] PluginManage:359 - Loaded plugin analytics (category:tool,tabindex:-1)
2026-05-22 14:02:34,386 [INFO] PluginManage:310 - Check plugin cadmodel
2026-05-22 14:02:34,400 [INFO] CADModel:105 - Init CAD model plugin
2026-05-22 14:02:34,400 [INFO] PluginManage:359 - Loaded plugin cadmodel (category:power,tabindex:5)
2026-05-22 14:02:34,401 [INFO] PluginManage:310 - Check plugin clock
2026-05-22 14:02:34,427 [INFO] PluginManage:359 - Loaded plugin clock (category:base,tabindex:2)
2026-05-22 14:02:34,427 [INFO] PluginManage:310 - Check plugin ddr
2026-05-22 14:02:34,434 [INFO] PluginManage:359 - Loaded plugin ddr (category:tool,tabindex:6)
2026-05-22 14:02:34,434 [INFO] PluginManage:310 - Check plugin filemanager
2026-05-22 14:02:34,778 [INFO] PluginManage:359 - Loaded plugin filemanager (category:base,tabindex:10)
2026-05-22 14:02:34,778 [INFO] PluginManage:310 - Check plugin ipmanager
2026-05-22 14:02:34,795 [INFO] PluginManage:359 - Loaded plugin ipmanager (category:base,tabindex:5)
2026-05-22 14:02:34,795 [INFO] PluginManage:310 - Check plugin lpbam
2026-05-22 14:02:34,813 [INFO] PluginManage:359 - Loaded plugin lpbam (category:base,tabindex:0)
2026-05-22 14:02:34,813 [INFO] PluginManage:310 - Check plugin memorymap
2026-05-22 14:02:34,843 [INFO] PluginManage:359 - Loaded plugin memorymap (category:base,tabindex:4)
2026-05-22 14:02:34,843 [INFO] PluginManage:310 - Check plugin pinoutandconfiguration
2026-05-22 14:02:34,865 [INFO] PluginManage:359 - Loaded plugin pinoutandconfiguration (category:base,tabindex:1)
2026-05-22 14:02:34,866 [INFO] PluginManage:310 - Check plugin pinoutconfig
2026-05-22 14:02:35,036 [WARN] SupportedApi:132 - Cannot load RTOS API schema: s4s-elt-must-match.1: The content of 'definitions' must match (annotation?, (simpleType | complexType)?, (unique | key | keyref)*)). A problem was found starting at: attribute.
2026-05-22 14:02:35,285 [INFO] PluginManage:359 - Loaded plugin pinoutconfig (category:base,tabindex:0)
2026-05-22 14:02:35,285 [INFO] PluginManage:310 - Check plugin power
2026-05-22 14:02:35,307 [INFO] PluginManage:359 - Loaded plugin power (category:power,tabindex:4)
2026-05-22 14:02:35,308 [INFO] PluginManage:310 - Check plugin projectmanager
2026-05-22 14:02:35,339 [INFO] PluginManage:359 - Loaded plugin projectmanager (category:projectmanager,tabindex:4)
2026-05-22 14:02:35,339 [INFO] PluginManage:310 - Check plugin rif
2026-05-22 14:02:35,359 [INFO] PluginManage:359 - Loaded plugin rif (category:base,tabindex:3)
2026-05-22 14:02:35,360 [INFO] PluginManage:310 - Check plugin thirdparty
2026-05-22 14:02:35,670 [INFO] PluginManage:359 - Loaded plugin thirdparty (category:base,tabindex:-1)
2026-05-22 14:02:35,670 [WARN] IntegrityCheckThread:84 - waiting for thirdparty lock release [integrity check]
2026-05-22 14:02:35,670 [INFO] PluginManage:310 - Check plugin tools
2026-05-22 14:02:35,670 [INFO] IntegrityCheckThread:86 - entering critical section [integrity check]
2026-05-22 14:02:35,671 [INFO] ThirdPartyUpdaterWithRetryManager:70 - Updater plugin not ready yet. [1/15]
2026-05-22 14:02:35,677 [INFO] PluginManage:359 - Loaded plugin tools (category:base,tabindex:7)
2026-05-22 14:02:35,678 [INFO] PluginManage:310 - Check plugin tutovideos
2026-05-22 14:02:36,145 [INFO] PluginManage:359 - Loaded plugin tutovideos (category:base,tabindex:-1)
2026-05-22 14:02:36,145 [INFO] PluginManage:310 - Check plugin updater
2026-05-22 14:02:36,187 [INFO] PluginManage:359 - Loaded plugin updater (category:base,tabindex:12)
2026-05-22 14:02:36,187 [INFO] PluginManage:310 - Check plugin userauth
2026-05-22 14:02:36,195 [INFO] UserAuth:118 - Init User Auth plugin
2026-05-22 14:02:36,197 [INFO] PluginManage:359 - Loaded plugin userauth (category:base,tabindex:14)
2026-05-22 14:02:36,199 [INFO] PluginManage:283 - PluginManage : Loaded plugins [18]
2026-05-22 14:02:36,608 [INFO] PinOutPanel:1589 - setPackage(No Configuration,No Configuration)
2026-05-22 14:02:36,783 [INFO] CADModel:165 - CPN selected for project level
2026-05-22 14:02:36,783 [INFO] CADModel:114 - Register for checkConnection events
2026-05-22 14:02:36,819 [INFO] IPUIPlugin:80 - create IPUIPlugin
2026-05-22 14:02:36,820 [INFO] PluginManager:220 - loadIPPluginJar : add adc
2026-05-22 14:02:36,826 [INFO] IPUIPlugin:80 - create IPUIPlugin
2026-05-22 14:02:36,827 [INFO] PluginManager:220 - loadIPPluginJar : add aes
2026-05-22 14:02:36,833 [INFO] IPUIPlugin:80 - create IPUIPlugin
2026-05-22 14:02:36,833 [INFO] PluginManager:220 - loadIPPluginJar : add can
2026-05-22 14:02:36,839 [INFO] IPUIPlugin:80 - create IPUIPlugin
2026-05-22 14:02:36,839 [INFO] PluginManager:220 - loadIPPluginJar : add comp
2026-05-22 14:02:36,845 [INFO] IPUIPlugin:80 - create IPUIPlugin
2026-05-22 14:02:36,846 [INFO] PluginManager:220 - loadIPPluginJar : add cryp
2026-05-22 14:02:36,852 [INFO] IPUIPlugin:80 - create IPUIPlugin
2026-05-22 14:02:36,853 [INFO] PluginManager:220 - loadIPPluginJar : add ddr_ctrl_phy
2026-05-22 14:02:36,859 [INFO] IPUIPlugin:80 - create IPUIPlugin
2026-05-22 14:02:36,859 [INFO] PluginManager:220 - loadIPPluginJar : add dfsdm
2026-05-22 14:02:36,871 [INFO] IPUIPlugin:80 - create IPUIPlugin
2026-05-22 14:02:36,872 [INFO] PluginManager:220 - loadIPPluginJar : add dma
2026-05-22 14:02:36,879 [INFO] IPUIPlugin:80 - create IPUIPlugin
2026-05-22 14:02:36,880 [INFO] PluginManager:220 - loadIPPluginJar : add dma3
2026-05-22 14:02:36,886 [INFO] IPUIPlugin:80 - create IPUIPlugin
2026-05-22 14:02:36,886 [INFO] PluginManager:220 - loadIPPluginJar : add extmemmanager
2026-05-22 14:02:36,891 [INFO] IPUIPlugin:80 - create IPUIPlugin
2026-05-22 14:02:36,891 [INFO] PluginManager:220 - loadIPPluginJar : add fatfs
2026-05-22 14:02:36,900 [INFO] IPUIPlugin:80 - create IPUIPlugin
2026-05-22 14:02:36,900 [INFO] PluginManager:220 - loadIPPluginJar : add fmc
2026-05-22 14:02:36,912 [INFO] IPUIPlugin:80 - create IPUIPlugin
2026-05-22 14:02:36,913 [INFO] PluginManager:220 - loadIPPluginJar : add freertos
2026-05-22 14:02:36,917 [INFO] IPUIPlugin:80 - create IPUIPlugin
2026-05-22 14:02:36,917 [INFO] PluginManager:220 - loadIPPluginJar : add genericplugin
2026-05-22 14:02:36,922 [INFO] IPUIPlugin:80 - create IPUIPlugin
2026-05-22 14:02:36,923 [INFO] PluginManager:220 - loadIPPluginJar : add gfxmmu
2026-05-22 14:02:36,932 [INFO] IPUIPlugin:80 - create IPUIPlugin
2026-05-22 14:02:36,933 [INFO] PluginManager:220 - loadIPPluginJar : add gic
2026-05-22 14:02:36,941 [INFO] IPUIPlugin:80 - create IPUIPlugin
2026-05-22 14:02:36,941 [INFO] PluginManager:220 - loadIPPluginJar : add gpio
2026-05-22 14:02:36,947 [INFO] IPUIPlugin:80 - create IPUIPlugin
2026-05-22 14:02:36,948 [INFO] PluginManager:220 - loadIPPluginJar : add gtzc
2026-05-22 14:02:36,954 [INFO] IPUIPlugin:80 - create IPUIPlugin
2026-05-22 14:02:36,955 [INFO] PluginManager:220 - loadIPPluginJar : add hash
2026-05-22 14:02:36,961 [INFO] IPUIPlugin:80 - create IPUIPlugin
2026-05-22 14:02:36,961 [INFO] PluginManager:220 - loadIPPluginJar : add i2c
2026-05-22 14:02:36,968 [INFO] IPUIPlugin:80 - create IPUIPlugin
2026-05-22 14:02:36,968 [INFO] PluginManager:220 - loadIPPluginJar : add i2s
2026-05-22 14:02:36,975 [INFO] IPUIPlugin:80 - create IPUIPlugin
2026-05-22 14:02:36,976 [INFO] PluginManager:220 - loadIPPluginJar : add i3c
2026-05-22 14:02:36,982 [INFO] IPUIPlugin:80 - create IPUIPlugin
2026-05-22 14:02:36,983 [INFO] PluginManager:220 - loadIPPluginJar : add ipddr
2026-05-22 14:02:36,997 [INFO] IPUIPlugin:80 - create IPUIPlugin
2026-05-22 14:02:36,997 [INFO] PluginManager:220 - loadIPPluginJar : add linkedlist
2026-05-22 14:02:37,025 [INFO] IPUIPlugin:80 - create IPUIPlugin
2026-05-22 14:02:37,025 [INFO] PluginManager:220 - loadIPPluginJar : add lorawan
2026-05-22 14:02:37,031 [INFO] IPUIPlugin:80 - create IPUIPlugin
2026-05-22 14:02:37,031 [INFO] PluginManager:220 - loadIPPluginJar : add ltdc
2026-05-22 14:02:37,048 [INFO] IPUIPlugin:80 - create IPUIPlugin
2026-05-22 14:02:37,048 [INFO] PluginManager:220 - loadIPPluginJar : add mdma
2026-05-22 14:02:37,058 [INFO] IPUIPlugin:80 - create IPUIPlugin
2026-05-22 14:02:37,058 [INFO] PluginManager:220 - loadIPPluginJar : add nvic
2026-05-22 14:02:37,068 [INFO] IPUIPlugin:80 - create IPUIPlugin
2026-05-22 14:02:37,068 [INFO] PluginManager:220 - loadIPPluginJar : add opamp
2026-05-22 14:02:37,076 [INFO] IPUIPlugin:80 - create IPUIPlugin
2026-05-22 14:02:37,076 [INFO] PluginManager:220 - loadIPPluginJar : add openamp
2026-05-22 14:02:37,085 [INFO] IPUIPlugin:80 - create IPUIPlugin
2026-05-22 14:02:37,086 [INFO] PluginManager:220 - loadIPPluginJar : add pdm2pcm
2026-05-22 14:02:37,099 [INFO] IPUIPlugin:80 - create IPUIPlugin
2026-05-22 14:02:37,104 [INFO] PluginManager:220 - loadIPPluginJar : add plateformsettings
2026-05-22 14:02:37,111 [INFO] IPUIPlugin:80 - create IPUIPlugin
2026-05-22 14:02:37,111 [INFO] PluginManager:220 - loadIPPluginJar : add quadspi
2026-05-22 14:02:37,116 [INFO] IPUIPlugin:80 - create IPUIPlugin
2026-05-22 14:02:37,117 [INFO] PluginManager:220 - loadIPPluginJar : add radio
2026-05-22 14:02:37,126 [INFO] IPUIPlugin:80 - create IPUIPlugin
2026-05-22 14:02:37,126 [INFO] PluginManager:220 - loadIPPluginJar : add resmgrutility
2026-05-22 14:02:37,134 [INFO] IPUIPlugin:80 - create IPUIPlugin
2026-05-22 14:02:37,134 [INFO] PluginManager:220 - loadIPPluginJar : add sai
2026-05-22 14:02:37,139 [INFO] IPUIPlugin:80 - create IPUIPlugin
2026-05-22 14:02:37,140 [INFO] PluginManager:220 - loadIPPluginJar : add spi
2026-05-22 14:02:37,153 [INFO] IPUIPlugin:80 - create IPUIPlugin
2026-05-22 14:02:37,153 [INFO] PluginManager:220 - loadIPPluginJar : add stm32_wpan
2026-05-22 14:02:37,159 [INFO] IPUIPlugin:80 - create IPUIPlugin
2026-05-22 14:02:37,159 [INFO] PluginManager:220 - loadIPPluginJar : add tim
2026-05-22 14:02:37,167 [INFO] IPUIPlugin:80 - create IPUIPlugin
2026-05-22 14:02:37,167 [INFO] PluginManager:220 - loadIPPluginJar : add touchsensing
2026-05-22 14:02:37,172 [INFO] IPUIPlugin:80 - create IPUIPlugin
2026-05-22 14:02:37,172 [INFO] PluginManager:220 - loadIPPluginJar : add tracer_emb
2026-05-22 14:02:37,177 [INFO] IPUIPlugin:80 - create IPUIPlugin
2026-05-22 14:02:37,177 [INFO] PluginManager:220 - loadIPPluginJar : add ts
2026-05-22 14:02:37,181 [INFO] IPUIPlugin:80 - create IPUIPlugin
2026-05-22 14:02:37,181 [INFO] PluginManager:220 - loadIPPluginJar : add tsc
2026-05-22 14:02:37,186 [INFO] IPUIPlugin:80 - create IPUIPlugin
2026-05-22 14:02:37,186 [INFO] PluginManager:220 - loadIPPluginJar : add ucpd
2026-05-22 14:02:37,192 [INFO] IPUIPlugin:80 - create IPUIPlugin
2026-05-22 14:02:37,192 [INFO] PluginManager:220 - loadIPPluginJar : add usart
2026-05-22 14:02:37,199 [INFO] IPUIPlugin:80 - create IPUIPlugin
2026-05-22 14:02:37,199 [INFO] PluginManager:220 - loadIPPluginJar : add usbx
2026-05-22 14:02:37,384 [FATAL] Updater:351 - Updater called before beeing initialized
2026-05-22 14:02:37,434 [INFO] RulesReader:64 - Compatibility file has been processed (317 Rules)
2026-05-22 14:02:37,453 [INFO] RulesReader:64 - Compatibility file has been processed (317 Rules)
2026-05-22 14:02:37,478 [INFO] CADModel:165 - CPN selected for project level
2026-05-22 14:02:37,478 [INFO] CADModel:114 - Register for checkConnection events
2026-05-22 14:02:37,479 [FATAL] Updater:351 - Updater called before beeing initialized
2026-05-22 14:02:37,479 [ERROR] CADModel:125 - Updater not yet initialized, retry later 
2026-05-22 14:02:37,768 [FATAL] Updater:351 - Updater called before beeing initialized
2026-05-22 14:02:37,773 [INFO] CADModel:165 - CPN selected for project level
2026-05-22 14:02:37,773 [INFO] CADModel:114 - Register for checkConnection events
2026-05-22 14:02:37,774 [FATAL] Updater:351 - Updater called before beeing initialized
2026-05-22 14:02:37,774 [ERROR] CADModel:125 - Updater not yet initialized, retry later 
2026-05-22 14:02:37,780 [FATAL] Updater:351 - Updater called before beeing initialized
2026-05-22 14:02:38,083 [FATAL] Updater:351 - Updater called before beeing initialized
2026-05-22 14:02:38,093 [INFO] DbMcusAds:53 - JSON generation date=Mon Apr 27 10:14:29 CEST 2026 (1777277669577)
2026-05-22 14:02:38,093 [FATAL] Updater:351 - Updater called before beeing initialized
2026-05-22 14:02:38,174 [WARN] DetailPanel:346 - Failed to get advertising image, set to default
2026-05-22 14:02:38,366 [FATAL] Updater:351 - Updater called before beeing initialized
2026-05-22 14:02:38,369 [FATAL] Updater:351 - Updater called before beeing initialized
2026-05-22 14:02:38,370 [FATAL] Updater:351 - Updater called before beeing initialized
2026-05-22 14:02:38,371 [WARN] DetailPanel:346 - Failed to get advertising image, set to default
2026-05-22 14:02:38,372 [FATAL] Updater:351 - Updater called before beeing initialized
2026-05-22 14:02:38,479 [ERROR] Updater:1198 - MainUpdater not yet initialized. External WinMGr cannot be set.
2026-05-22 14:02:38,486 [INFO] Updater:1134 - Updater Version found : 6.15.0
2026-05-22 14:02:38,519 [INFO] ApplicationProperties:184 - Using Application install path: C:\Users\matuh\STM32CubeIDE_1.19.0\STM32CubeIDE\plugins\com.st.stm32cube.common.mx_6.15.0.202507011659
2026-05-22 14:02:38,672 [INFO] ThirdPartyUpdaterWithRetryManager:70 - Updater plugin not ready yet. [2/15]
2026-05-22 14:02:40,110 [ERROR] LogOutputStream:75 - [STDERR_REDIRECT] May 22, 2026 2:02:40 PM java.util.prefs.WindowsPreferences <init>
2026-05-22 14:02:40,113 [ERROR] LogOutputStream:75 - [STDERR_REDIRECT] WARNING: Could not open/create prefs root node Software\JavaSoft\Prefs at root 0xffffffff80000002. Windows RegCreateKeyEx(...) returned error code 5.
2026-05-22 14:02:40,113 [ERROR] LogOutputStream:75 - [STDERR_REDIRECT] 
2026-05-22 14:02:40,717 [INFO] MainUpdater:2872 - connection check result : 10
2026-05-22 14:02:40,718 [INFO] MainUpdater:289 - Updater Check For Update Now.
2026-05-22 14:02:40,718 [INFO] MicroXplorer:498 - Change Database Version : DB.6.0.150
2026-05-22 14:02:40,729 [INFO] McuFinderGlobals:63 - Set McuFinder mode to 2 (CubeIDE integrated)
2026-05-22 14:02:40,733 [INFO] UserAuth:487 - Internet connection configuration mode: 1
2026-05-22 14:02:40,788 [INFO] JxBrowserEngine:152 - Initiate JxBrowser Engine with user profile folder
2026-05-22 14:02:40,985 [INFO] CheckServerUpdateThread:120 - End of CheckServer Thread
2026-05-22 14:02:42,696 [INFO] WebApp:169 - Instantiating new browser for Auth
2026-05-22 14:02:43,212 [WARN] PackLoader:240 - Cannot read IP mode file for STMicroelectronics.X-CUBE-AZRTOS-H7.3.5.0
2026-05-22 14:02:43,244 [WARN] PackLoader:240 - Cannot read IP mode file for STMicroelectronics.FP-SNS-MOTENVWB1.1.4.0
2026-05-22 14:02:43,261 [WARN] PackLoader:240 - Cannot read IP mode file for STMicroelectronics.FP-ATR-ASTRA1.2.0.2
2026-05-22 14:02:43,273 [WARN] PackLoader:240 - Cannot read IP mode file for STMicroelectronics.FP-ATR-ASTRA1.2.0.1
2026-05-22 14:02:43,322 [WARN] PackLoader:240 - Cannot read IP mode file for STMicroelectronics.X-CUBE-SMBUS.2.1.0
2026-05-22 14:02:43,347 [WARN] PackLoader:240 - Cannot read IP mode file for STMicroelectronics.X-CUBE-WB05N.1.1.0
2026-05-22 14:02:43,364 [WARN] PackLoader:240 - Cannot read IP mode file for STMicroelectronics.X-CUBE-ST60.1.0.0
2026-05-22 14:02:43,382 [WARN] PackLoader:240 - Cannot read IP mode file for STMicroelectronics.X-CUBE-TOUCHGFX.4.23.1
2026-05-22 14:02:43,393 [WARN] PackLoader:240 - Cannot read IP mode file for STMicroelectronics.X-CUBE-TOUCHGFX.4.23.0
2026-05-22 14:02:43,403 [WARN] PackLoader:240 - Cannot read IP mode file for STMicroelectronics.X-CUBE-TOUCHGFX.4.23.2
2026-05-22 14:02:43,456 [WARN] PackLoader:240 - Cannot read IP mode file for STMicroelectronics.X-CUBE-AZRTOS-F7.1.1.0
2026-05-22 14:02:43,474 [WARN] PackLoader:240 - Cannot read IP mode file for STMicroelectronics.FP-SNS-MOTENV1.4.3.2
2026-05-22 14:02:43,603 [WARN] PackLoader:240 - Cannot read IP mode file for STMicroelectronics.X-CUBE-MEMS1.11.0.0
2026-05-22 14:02:43,951 [WARN] PackLoader:240 - Cannot read IP mode file for STMicroelectronics.X-CUBE-BLE1.6.2.4
2026-05-22 14:02:43,964 [WARN] PackLoader:240 - Cannot read IP mode file for STMicroelectronics.FP-SNS-MOTENV1.5.1.0
2026-05-22 14:02:43,980 [WARN] PackLoader:240 - Cannot read IP mode file for STMicroelectronics.FP-SNS-FLIGHT1.5.0.2
2026-05-22 14:02:44,028 [WARN] PackLoader:240 - Cannot read IP mode file for STMicroelectronics.X-CUBE-AZRTOS-H7.3.4.0
2026-05-22 14:02:44,063 [WARN] PackLoader:240 - Cannot read IP mode file for STMicroelectronics.X-CUBE-DISPLAY.3.0.0
2026-05-22 14:02:44,089 [WARN] PackLoader:240 - Cannot read IP mode file for STMicroelectronics.X-CUBE-GNSS1.7.1.1
2026-05-22 14:02:44,102 [WARN] PackLoader:240 - Cannot read IP mode file for STMicroelectronics.FP-SNS-MOTENVWB1.1.5.0
2026-05-22 14:02:44,112 [WARN] PackLoader:240 - Cannot read IP mode file for STMicroelectronics.X-CUBE-BLE1.7.0.0
2026-05-22 14:02:44,132 [WARN] PackLoader:240 - Cannot read IP mode file for STMicroelectronics.X-CUBE-NFC10.1.0.0
2026-05-22 14:02:44,163 [WARN] PackLoader:240 - Cannot read IP mode file for STMicroelectronics.X-CUBE-BLEMGR.4.0.0
2026-05-22 14:02:44,182 [WARN] PackLoader:240 - Cannot read IP mode file for STMicroelectronics.X-CUBE-ST60.1.1.0
2026-05-22 14:02:44,201 [WARN] PackLoader:240 - Cannot read IP mode file for emotas.I-CUBE-CANOPEN.1.3.0
2026-05-22 14:02:44,212 [WARN] PackLoader:240 - Cannot read IP mode file for STMicroelectronics.X-CUBE-TOUCHGFX.4.22.0
2026-05-22 14:02:44,226 [WARN] PackLoader:240 - Cannot read IP mode file for STMicroelectronics.X-CUBE-GNSS1.7.1.0
2026-05-22 14:02:44,236 [WARN] PackLoader:240 - Cannot read IP mode file for STMicroelectronics.X-CUBE-TOUCHGFX.4.22.1
2026-05-22 14:02:44,254 [WARN] PackLoader:240 - Cannot read IP mode file for STMicroelectronics.X-CUBE-BLEMGR.3.1.0
2026-05-22 14:02:44,272 [WARN] PackLoader:240 - Cannot read IP mode file for STMicroelectronics.X-CUBE-AI.10.0.0
2026-05-22 14:02:44,293 [WARN] PackLoader:240 - Cannot read IP mode file for STMicroelectronics.FP-SNS-STBOX1.2.1.0
2026-05-22 14:02:44,312 [WARN] PackLoader:240 - Cannot read IP mode file for STMicroelectronics.FP-SNS-SMARTAG2.1.2.0
2026-05-22 14:02:44,323 [WARN] PackLoader:240 - Cannot read IP mode file for STMicroelectronics.FP-SNS-FLIGHT1.5.1.0
2026-05-22 14:02:44,438 [WARN] PackLoader:240 - Cannot read IP mode file for STMicroelectronics.X-CUBE-MEMS1.11.1.0
2026-05-22 14:02:44,836 [INFO] LogOutputStream:77 - [STDOUT_REDIRECT] 1 : Invalid condition id : UX_CORESTACK_Condition cause : null
2026-05-22 14:02:44,837 [INFO] LogOutputStream:77 - [STDOUT_REDIRECT] 1 : Invalid condition id : UX_CORESTACK_Condition cause : null
2026-05-22 14:02:44,840 [INFO] LogOutputStream:77 - [STDOUT_REDIRECT] 1 : Invalid condition id : UX_CORESTACK_Condition cause : null
2026-05-22 14:02:44,843 [INFO] LogOutputStream:77 - [STDOUT_REDIRECT] 1 : Invalid condition id : UX_CORESTACK_Condition cause : null
2026-05-22 14:02:44,846 [INFO] LogOutputStream:77 - [STDOUT_REDIRECT] 1 : Invalid condition id : UX_CORESTACK_Condition cause : null
2026-05-22 14:02:44,853 [WARN] PackLoader:240 - Cannot read IP mode file for STMicroelectronics.X-CUBE-AZRTOS-WL.2.0.0
2026-05-22 14:02:44,869 [WARN] PackLoader:240 - Cannot read IP mode file for STMicroelectronics.FP-SNS-MOTENV1.5.0.0
2026-05-22 14:02:44,922 [WARN] PackLoader:240 - Cannot read IP mode file for STMicroelectronics.X-CUBE-AZRTOS-H7RS.1.2.0
2026-05-22 14:02:44,945 [WARN] PackLoader:240 - Cannot read IP mode file for wolfSSL.I-CUBE-wolfMQTT.1.19.0
2026-05-22 14:02:44,968 [WARN] PackLoader:240 - Cannot read IP mode file for WES.I-CUBE-Cesium.1.3.0
2026-05-22 14:02:44,984 [WARN] PackLoader:240 - Cannot read IP mode file for STMicroelectronics.X-CUBE-BLE2.3.3.0
2026-05-22 14:02:45,046 [WARN] PackLoader:240 - Cannot read IP mode file for STMicroelectronics.X-CUBE-NFC9.1.0.0
2026-05-22 14:02:45,064 [WARN] PackLoader:240 - Cannot read IP mode file for STMicroelectronics.X-CUBE-BLE1.7.1.0
2026-05-22 14:02:45,087 [WARN] PackLoader:240 - Cannot read IP mode file for STMicroelectronics.X-CUBE-TCPP.4.1.0
2026-05-22 14:02:45,111 [WARN] PackLoader:240 - Cannot read IP mode file for STMicroelectronics.X-CUBE-FREERTOS.1.4.0
2026-05-22 14:02:45,130 [WARN] PackLoader:240 - Cannot read IP mode file for STMicroelectronics.X-CUBE-EEPRMA1.5.2.0
2026-05-22 14:02:45,140 [INFO] WebApp:463 - Apply proxy settings
2026-05-22 14:02:45,141 [INFO] WebApp:548 - Chromium requires no authentication
2026-05-22 14:02:45,149 [WARN] PackLoader:240 - Cannot read IP mode file for STMicroelectronics.X-CUBE-ST67W61.1.1.0
2026-05-22 14:02:45,162 [WARN] PackLoader:240 - Cannot read IP mode file for STMicroelectronics.X-CUBE-AI.10.1.0
2026-05-22 14:02:45,176 [INFO] WebApp:491 - Direct internet connection detected
2026-05-22 14:02:45,178 [WARN] PackLoader:240 - Cannot read IP mode file for STMicroelectronics.FP-SNS-STAIOTCFT.1.1.0
2026-05-22 14:02:45,251 [INFO] WebApp:900 - Register for checkConnection events
2026-05-22 14:02:45,252 [INFO] WebApp:463 - Apply proxy settings
2026-05-22 14:02:45,252 [INFO] WebApp:548 - Chromium requires no authentication
2026-05-22 14:02:45,253 [INFO] WebApp:491 - Direct internet connection detected
2026-05-22 14:02:45,264 [WARN] PackLoader:240 - Cannot read IP mode file for STMicroelectronics.X-CUBE-MEMS1.12.0.0
2026-05-22 14:02:45,443 [WARN] PackLoader:240 - Cannot read IP mode file for STMicroelectronics.X-CUBE-ALGOBUILD.1.3.0
2026-05-22 14:02:45,515 [INFO] WebApp:191 - Connection restablished
2026-05-22 14:02:45,540 [WARN] PackLoader:240 - Cannot read IP mode file for STMicroelectronics.X-CUBE-MEMS1.11.2.0
2026-05-22 14:02:45,867 [WARN] PackLoader:240 - Cannot read IP mode file for STMicroelectronics.X-CUBE-AZRTOS-G0.1.1.0
2026-05-22 14:02:45,887 [WARN] PackLoader:240 - Cannot read IP mode file for STMicroelectronics.X-CUBE-SAFEA1.1.2.2
2026-05-22 14:02:45,902 [WARN] PackLoader:240 - Cannot read IP mode file for STMicroelectronics.X-CUBE-NFC4.3.0.0
2026-05-22 14:02:45,923 [WARN] PackLoader:240 - Cannot read IP mode file for EmbeddedOffice.I-CUBE-FS-RTOS.1.0.1
2026-05-22 14:02:45,934 [WARN] PackLoader:240 - Cannot read IP mode file for STMicroelectronics.X-CUBE-WB05N.2.0.0
2026-05-22 14:02:45,950 [WARN] PackLoader:240 - Cannot read IP mode file for STMicroelectronics.X-CUBE-BLEMGR.3.0.0
2026-05-22 14:02:45,963 [WARN] PackLoader:240 - Cannot read IP mode file for STMicroelectronics.X-CUBE-TCPP.4.2.0
2026-05-22 14:02:45,976 [WARN] PackLoader:240 - Cannot read IP mode file for RealThread.X-CUBE-RT-Thread_Nano.4.1.1
2026-05-22 14:02:45,988 [WARN] PackLoader:240 - Cannot read IP mode file for STMicroelectronics.FP-ATR-SIGFOX1.3.2.0
2026-05-22 14:02:46,003 [WARN] ConditionMgr:438 - getConditionDescription Invalid condition id : Cortex-A Device cause : null
2026-05-22 14:02:46,025 [WARN] ConditionMgr:1044 - genDependencies : Invalid condition id : Cortex-A Device cause : null
2026-05-22 14:02:46,025 [WARN] ConditionMgr:1044 - genDependencies : Invalid condition id : Cortex-A Device cause : null
2026-05-22 14:02:46,025 [WARN] ConditionMgr:1044 - genDependencies : Invalid condition id : Cortex-A Device cause : null
2026-05-22 14:02:46,037 [WARN] PackLoader:240 - Cannot read IP mode file for STMicroelectronics.X-CUBE-EEPRMA1.5.1.0
2026-05-22 14:02:46,050 [WARN] PackLoader:240 - Cannot read IP mode file for STMicroelectronics.X-CUBE-FREERTOS.1.5.0
2026-05-22 14:02:46,074 [WARN] PackLoader:240 - Cannot read IP mode file for STMicroelectronics.X-CUBE-NFC6.3.2.0
2026-05-22 14:02:46,104 [WARN] PackLoader:240 - Cannot read IP mode file for STMicroelectronics.X-CUBE-ST67W61.1.0.0
2026-05-22 14:02:46,116 [WARN] PackLoader:240 - Cannot read IP mode file for STMicroelectronics.X-CUBE-AI.10.2.0
2026-05-22 14:02:46,165 [INFO] WebApp:225 - Starting web application
2026-05-22 14:02:46,166 [INFO] WebApp:593 - Web application path used C:\Users\matuh\STM32CubeIDE_1.19.0\STM32CubeIDE\plugins\com.st.stm32cube.common.mx_6.15.0.202507011659\db\plugins\mcufinder\reactClient1\index.html
2026-05-22 14:02:46,210 [WARN] PackLoader:240 - Cannot read IP mode file for STMicroelectronics.X-CUBE-MEMS1.12.1.0
2026-05-22 14:02:46,438 [WARN] PackLoader:240 - Cannot read IP mode file for SEGGER.I-CUBE-embOS.1.3.1
2026-05-22 14:02:46,514 [WARN] PackLoader:240 - Cannot read IP mode file for STMicroelectronics.X-CUBE-ALGOBUILD.1.4.0
2026-05-22 14:02:46,516 [INFO] UserAuth:487 - Internet connection configuration mode: 1
2026-05-22 14:02:46,608 [WARN] PackLoader:240 - Cannot read IP mode file for STMicroelectronics.X-CUBE-MEMS1.11.3.0
2026-05-22 14:02:46,843 [WARN] PackLoader:240 - Cannot read IP mode file for STMicroelectronics.X-CUBE-AI.9.1.0
2026-05-22 14:02:46,855 [WARN] PackLoader:240 - Cannot read IP mode file for STMicroelectronics.X-CUBE-PM33A1.1.0.0
2026-05-22 14:02:46,866 [WARN] PackLoader:240 - Cannot read IP mode file for STMicroelectronics.X-CUBE-GNSS1.6.0.0
2026-05-22 14:02:46,894 [WARN] PackLoader:240 - Cannot read IP mode file for STMicroelectronics.X-CUBE-AZRTOS-F4.1.1.0
2026-05-22 14:02:46,907 [WARN] PackLoader:240 - Cannot read IP mode file for wolfSSL.I-CUBE-wolfSSL.5.6.3
2026-05-22 14:02:46,917 [WARN] PackLoader:240 - Cannot read IP mode file for Avnet-IotConnect.X-CUBE-IoTC-DA16k-PMOD.1.0.0
2026-05-22 14:02:46,928 [WARN] PackLoader:240 - Cannot read IP mode file for STMicroelectronics.X-CUBE-ISPU.2.1.0
2026-05-22 14:02:46,949 [WARN] PackLoader:240 - Cannot read IP mode file for STMicroelectronics.X-CUBE-IPS.3.2.0
2026-05-22 14:02:46,971 [WARN] PackLoader:240 - Cannot read IP mode file for STMicroelectronics.eDS-WB_DPC_TT-BIDIR.2.1.1
2026-05-22 14:02:46,980 [WARN] PackLoader:240 - Cannot read IP mode file for STMicroelectronics.X-CUBE-FREERTOS.1.2.0
2026-05-22 14:02:46,993 [WARN] PackLoader:240 - Cannot read IP mode file for STMicroelectronics.X-CUBE-NFC12.1.0.0
2026-05-22 14:02:47,024 [WARN] PackLoader:240 - Cannot read IP mode file for STMicroelectronics.X-CUBE-AZRTOS-L5.2.0.0
2026-05-22 14:02:47,079 [WARN] PackLoader:240 - Cannot read IP mode file for STMicroelectronics.X-CUBE-MEMS1.9.6.0
2026-05-22 14:02:47,252 [WARN] PackLoader:240 - Cannot read IP mode file for STMicroelectronics.X-CUBE-EEPRMA1.4.2.0
2026-05-22 14:02:47,273 [WARN] PackLoader:240 - Cannot read IP mode file for STMicroelectronics.X-CUBE-NFC6.3.1.0
2026-05-22 14:02:47,287 [WARN] PackLoader:240 - Cannot read IP mode file for ITTIA_DB.I-CUBE-ITTIADB.8.8.0
2026-05-22 14:02:47,302 [WARN] PackLoader:240 - Cannot read IP mode file for STMicroelectronics.X-CUBE-BLEMGR.2.0.0
2026-05-22 14:02:47,316 [WARN] PackLoader:240 - Cannot read IP mode file for STMicroelectronics.X-CUBE-DPower.1.2.0
2026-05-22 14:02:47,326 [WARN] PackLoader:240 - Cannot read IP mode file for STMicroelectronics.eDS-WB_DPC_VIENNA.1.2.0
2026-05-22 14:02:47,338 [WARN] PackLoader:240 - Cannot read IP mode file for STMicroelectronics.eDS-WB_DPC_3PH2L-BIDIR.1.1.1
2026-05-22 14:02:47,347 [WARN] PackLoader:240 - Cannot read IP mode file for STMicroelectronics.X-CUBE-AI.9.0.0
2026-05-22 14:02:47,370 [WARN] ConditionMgr:438 - getConditionDescription Invalid condition id : UX DEVICE CLASS RTOS Condition cause : null
2026-05-22 14:02:47,371 [WARN] ConditionMgr:438 - getConditionDescription Invalid condition id : UX DEVICE CLASS RTOS Condition cause : null
2026-05-22 14:02:47,374 [WARN] PackLoader:240 - Cannot read IP mode file for STMicroelectronics.X-CUBE-AZRTOS-H7.3.1.0
2026-05-22 14:02:47,376 [WARN] ConditionMgr:1044 - genDependencies : Invalid condition id : UX DEVICE CLASS RTOS Condition cause : null
2026-05-22 14:02:47,376 [WARN] ConditionMgr:1044 - genDependencies : Invalid condition id : UX DEVICE CLASS RTOS Condition cause : null
2026-05-22 14:02:47,377 [WARN] ConditionMgr:1044 - genDependencies : Invalid condition id : UX DEVICE CLASS RTOS Condition cause : null
2026-05-22 14:02:47,377 [WARN] ConditionMgr:1044 - genDependencies : Invalid condition id : UX DEVICE CLASS RTOS Condition cause : null
2026-05-22 14:02:47,377 [WARN] ConditionMgr:1044 - genDependencies : Invalid condition id : UX DEVICE CLASS RTOS Condition cause : null
2026-05-22 14:02:47,386 [ERROR] Engine:466 - C:\Users\matuh\.stm32cubemx\thirdparties\pdsc\STMicroelectronics.X-CUBE-ST67W61.1.3.0.pdsc: PDSC version is not supported
2026-05-22 14:02:47,394 [WARN] PackLoader:240 - Cannot read IP mode file for STMicroelectronics.X-CUBE-FREERTOS.1.3.1
2026-05-22 14:02:47,403 [WARN] PackLoader:240 - Cannot read IP mode file for STMicroelectronics.X-CUBE-FREERTOS.1.3.0
2026-05-22 14:02:47,415 [WARN] PackLoader:240 - Cannot read IP mode file for STMicroelectronics.X-CUBE-NFC7.1.0.1
2026-05-22 14:02:47,425 [WARN] PackLoader:240 - Cannot read IP mode file for wolfSSL.I-CUBE-wolfTPM.3.2.0
2026-05-22 14:02:47,434 [WARN] PackLoader:240 - Cannot read IP mode file for STMicroelectronics.X-CUBE-TOUCHGFX.4.26.0
2026-05-22 14:02:47,443 [WARN] PackLoader:240 - Cannot read IP mode file for STMicroelectronics.X-CUBE-NFC6.3.0.0
2026-05-22 14:02:47,455 [WARN] PackLoader:240 - Cannot read IP mode file for STMicroelectronics.X-CUBE-TOUCHGFX.4.26.1
2026-05-22 14:02:47,466 [WARN] PackLoader:240 - Cannot read IP mode file for STMicroelectronics.X-CUBE-EEPRMA1.4.1.0
2026-05-22 14:02:47,477 [WARN] PackLoader:240 - Cannot read IP mode file for STMicroelectronics.FP-SNS-STAIOTCFT.1.0.0
2026-05-22 14:02:47,485 [WARN] PackLoader:240 - Cannot read IP mode file for STMicroelectronics.X-CUBE-DPower.1.3.0
2026-05-22 14:02:47,494 [WARN] PackLoader:240 - Cannot read IP mode file for STMicroelectronics.X-CUBE-AI.8.1.0
2026-05-22 14:02:47,521 [WARN] ConditionMgr:438 - getConditionDescription Invalid condition id : LAN8742 Phy interface Condition cause : null
2026-05-22 14:02:47,522 [WARN] PackLoader:240 - Cannot read IP mode file for STMicroelectronics.X-CUBE-AZRTOS-L4.2.0.0
2026-05-22 14:02:47,524 [WARN] ConditionMgr:1044 - genDependencies : Invalid condition id : LAN8742 Phy interface Condition cause : null
2026-05-22 14:02:47,524 [WARN] ConditionMgr:1044 - genDependencies : Invalid condition id : LAN8742 Phy interface Condition cause : null
2026-05-22 14:02:47,525 [WARN] ConditionMgr:1044 - genDependencies : Invalid condition id : LAN8742 Phy interface Condition cause : null
2026-05-22 14:02:47,540 [WARN] PackLoader:240 - Cannot read IP mode file for STMicroelectronics.X-CUBE-SFXS2LP1.4.0.0
2026-05-22 14:02:47,551 [WARN] PackLoader:240 - Cannot read IP mode file for STMicroelectronics.X-CUBE-WB05N.2.1.0
2026-05-22 14:02:47,561 [WARN] PackLoader:240 - Cannot read IP mode file for STMicroelectronics.X-CUBE-ST67W61.1.2.0
2026-05-22 14:02:47,572 [WARN] PackLoader:240 - Cannot read IP mode file for STMicroelectronics.X-CUBE-ISPU.1.1.0
2026-05-22 14:02:47,601 [WARN] PackLoader:240 - Cannot read IP mode file for STMicroelectronics.X-CUBE-AZRTOS-H7.3.3.0
2026-05-22 14:02:47,619 [WARN] PackLoader:240 - Cannot read IP mode file for STMicroelectronics.X-CUBE-BLEMGR.4.1.0
2026-05-22 14:02:47,644 [WARN] PackLoader:240 - Cannot read IP mode file for STMicroelectronics.X-CUBE-IPS.3.0.0
2026-05-22 14:02:47,685 [WARN] ConditionMgr:438 - getConditionDescription Invalid condition id : UX DEVICE CLASS RTOS Condition cause : null
2026-05-22 14:02:47,685 [WARN] ConditionMgr:438 - getConditionDescription Invalid condition id : UX DEVICE CLASS RTOS Condition cause : null
2026-05-22 14:02:47,690 [WARN] PackLoader:240 - Cannot read IP mode file for STMicroelectronics.X-CUBE-AZRTOS-WB.2.0.0
2026-05-22 14:02:47,691 [WARN] ConditionMgr:1044 - genDependencies : Invalid condition id : UX DEVICE CLASS RTOS Condition cause : null
2026-05-22 14:02:47,691 [WARN] ConditionMgr:1044 - genDependencies : Invalid condition id : UX DEVICE CLASS RTOS Condition cause : null
2026-05-22 14:02:47,692 [WARN] ConditionMgr:1044 - genDependencies : Invalid condition id : UX DEVICE CLASS RTOS Condition cause : null
2026-05-22 14:02:47,693 [WARN] ConditionMgr:1044 - genDependencies : Invalid condition id : UX DEVICE CLASS RTOS Condition cause : null
2026-05-22 14:02:47,693 [WARN] ConditionMgr:1044 - genDependencies : Invalid condition id : UX DEVICE CLASS RTOS Condition cause : null
2026-05-22 14:02:47,706 [WARN] PackLoader:240 - Cannot read IP mode file for STMicroelectronics.X-CUBE-FREERTOS.1.0.1
2026-05-22 14:02:47,719 [WARN] PackLoader:240 - Cannot read IP mode file for STMicroelectronics.X-CUBE-GNSS1.7.0.0
2026-05-22 14:02:47,731 [WARN] PackLoader:240 - Cannot read IP mode file for STMicroelectronics.X-CUBE-GNSS1.7.0.1
2026-05-22 14:02:47,741 [WARN] PackLoader:240 - Cannot read IP mode file for STMicroelectronics.X-CUBE-TOUCHGFX.4.25.0
2026-05-22 14:02:47,753 [WARN] PackLoader:240 - Cannot read IP mode file for STMicroelectronics.FP-SNS-STBOX1.2.0.0
2026-05-22 14:02:47,791 [WARN] PackLoader:240 - Cannot read IP mode file for STMicroelectronics.X-CUBE-STSE01.2.0.0
2026-05-22 14:02:47,815 [WARN] PackLoader:240 - Cannot read IP mode file for STMicroelectronics.X-CUBE-AZRTOS-L5.1.1.0
2026-05-22 14:02:47,827 [WARN] PackLoader:240 - Cannot read IP mode file for STMicroelectronics.X-CUBE-AI.8.0.1
2026-05-22 14:02:47,849 [WARN] PackLoader:240 - Cannot read IP mode file for STMicroelectronics.X-CUBE-SUBG2.5.0.0
2026-05-22 14:02:47,884 [WARN] PackLoader:240 - Cannot read IP mode file for STMicroelectronics.X-CUBE-AZRTOS-H7RS.1.1.0
2026-05-22 14:02:47,899 [WARN] PackLoader:240 - Cannot read IP mode file for Cesanta.I-CUBE-Mongoose.7.13.0
2026-05-22 14:02:47,914 [WARN] PackLoader:240 - Cannot read IP mode file for STMicroelectronics.X-CUBE-TOF1.3.3.1
2026-05-22 14:02:47,942 [WARN] PackLoader:240 - Cannot read IP mode file for STMicroelectronics.X-CUBE-AZRTOS-G4.2.0.0
2026-05-22 14:02:47,964 [WARN] PackLoader:240 - Cannot read IP mode file for Infineon.AIROC-Wi-Fi-Bluetooth-STM32.1.5.1
2026-05-22 14:02:47,977 [WARN] PackLoader:240 - Cannot read IP mode file for STMicroelectronics.FP-SNS-MOTENVWB1.1.3.0
2026-05-22 14:02:47,987 [WARN] PackLoader:240 - Cannot read IP mode file for STMicroelectronics.X-CUBE-NFC7.2.0.0
2026-05-22 14:02:47,996 [WARN] PackLoader:240 - Cannot read IP mode file for STMicroelectronics.FP-SNS-MOTENVWB1.1.3.1
2026-05-22 14:02:48,006 [WARN] PackLoader:240 - Cannot read IP mode file for STMicroelectronics.X-CUBE-ISPU.2.0.0
2026-05-22 14:02:48,020 [WARN] PackLoader:240 - Cannot read IP mode file for STMicroelectronics.X-CUBE-IPS.3.1.0
2026-05-22 14:02:48,033 [WARN] PackLoader:240 - Cannot read IP mode file for STMicroelectronics.X-CUBE-ALS.1.0.2
2026-05-22 14:02:48,070 [WARN] PackLoader:240 - Cannot read IP mode file for STMicroelectronics.X-CUBE-MEMS1.10.0.0
2026-05-22 14:02:48,209 [WARN] PackLoader:240 - Cannot read IP mode file for STMicroelectronics.X-CUBE-FREERTOS.1.1.0
2026-05-22 14:02:48,218 [WARN] PackLoader:240 - Cannot read IP mode file for STMicroelectronics.X-CUBE-TOUCHGFX.4.24.0
2026-05-22 14:02:48,225 [WARN] PackLoader:240 - Cannot read IP mode file for STMicroelectronics.X-CUBE-TOUCHGFX.4.24.2
2026-05-22 14:02:48,232 [WARN] PackLoader:240 - Cannot read IP mode file for STMicroelectronics.X-CUBE-TOUCHGFX.4.24.1
2026-05-22 14:02:48,242 [WARN] PackLoader:240 - Cannot read IP mode file for STMicroelectronics.X-CUBE-STSE01.1.0.0
2026-05-22 14:02:48,259 [WARN] PackLoader:240 - Cannot read IP mode file for portGmbH.I-Cube-SoM-uGOAL.1.1.0
2026-05-22 14:02:48,267 [WARN] PackLoader:240 - Cannot read IP mode file for STMicroelectronics.X-CUBE-ALS.1.0.1
2026-05-22 14:02:48,283 [WARN] PackLoader:240 - Cannot read IP mode file for STMicroelectronics.X-CUBE-AZRTOS-WB.1.1.0
2026-05-22 14:02:48,309 [WARN] PackLoader:240 - Cannot read IP mode file for STMicroelectronics.X-CUBE-AZRTOS-H7RS.1.0.0
2026-05-22 14:02:48,320 [WARN] PackLoader:240 - Cannot read IP mode file for STMicroelectronics.FP-ATR-ASTRA1.2.0.0
2026-05-22 14:02:48,335 [WARN] PackLoader:240 - Cannot read IP mode file for STMicroelectronics.X-CUBE-TOF1.3.4.2
2026-05-22 14:02:48,357 [WARN] PackLoader:240 - Cannot read IP mode file for STMicroelectronics.X-CUBE-TOF1.3.4.3
2026-05-22 14:02:48,385 [WARN] PackLoader:240 - Cannot read IP mode file for STMicroelectronics.X-CUBE-TOF1.3.4.0
2026-05-22 14:02:48,411 [WARN] PackLoader:240 - Cannot read IP mode file for STMicroelectronics.X-CUBE-TOF1.3.4.1
2026-05-22 14:02:48,444 [WARN] PackLoader:240 - Cannot read IP mode file for STMicroelectronics.X-CUBE-AZRTOS-H7.3.2.0
2026-05-22 14:02:48,459 [WARN] PackLoader:240 - Cannot read IP mode file for wolfSSL.I-CUBE-wolfSSH.1.4.17
2026-05-22 14:02:48,460 [INFO] ThirdParty:978 - Integrity check success = true
2026-05-22 14:02:48,461 [INFO] IntegrityCheckThread:100 - exiting critical section [integrity check]
2026-05-22 14:02:48,461 [INFO] IntegrityCheckThread:103 - End integrity checks thread
2026-05-22 14:02:49,634 [INFO] McuFinderGlobals:63 - Set McuFinder mode to 2 (CubeIDE integrated)
2026-05-22 14:02:49,652 [INFO] MainUpdater:2872 - connection check result : 10
2026-05-22 14:02:49,657 [INFO] MainUpdater:2872 - connection check result : 10
2026-05-22 14:02:49,767 [INFO] MicroXplorer:468 - Change Database Path : 
2026-05-22 14:02:49,767 [INFO] MicroXplorer:498 - Change Database Version : DB.6.0.150
2026-05-22 14:02:49,783 [WARN] ThirdParty:871 - waiting for thirdparty lock release [close project]
2026-05-22 14:02:49,783 [INFO] ThirdParty:873 - entering critical section [close project]
2026-05-22 14:02:49,785 [INFO] ThirdParty:883 - exiting critical section [close project]
2026-05-22 14:02:49,788 [INFO] PinOutPanel:1589 - setPackage(No Configuration,No Configuration)
2026-05-22 14:02:49,789 [INFO] UtilMem:75 - Begin LoadConfig() Used Memory: 262507904 Bytes (324009984)
2026-05-22 14:02:49,791 [INFO] MicroXplorer:468 - Change Database Path : 
2026-05-22 14:02:49,791 [INFO] MicroXplorer:498 - Change Database Version : DB.6.0.150
2026-05-22 14:02:49,792 [INFO] OpenFileManager:355 - Change cursor
2026-05-22 14:02:49,838 [INFO] Mcu:2029 - Initializing MCU STM32G030K(6-8)Tx STM32G030K6Tx STM32G030K6T6
2026-05-22 14:02:53,091 [INFO] Context:786 - Trying to add GPIOservice into a context  which must be forbidden
2026-05-22 14:02:53,984 [INFO] ImportTextPane:234 - (OptionalMessage_ERROR) Pin17 (VP_RIF_VS_RIF1) cannot be retrieved for this MCU
2026-05-22 14:02:54,575 [INFO] RtosManager:558 - Registered RTOS mode: class=CMSIS, group=RTOS, mode=CMSIS_V1, owner=FREERTOS
2026-05-22 14:02:54,575 [INFO] RtosManager:558 - Registered RTOS mode: class=CMSIS, group=RTOS2, mode=CMSIS_V2, owner=FREERTOS
2026-05-22 14:02:54,576 [INFO] RtosManager:558 - Registered RTOS mode: class=RTOS, group=Core, mode=CMSIS_V1, owner=FREERTOS
2026-05-22 14:02:54,576 [INFO] RtosManager:558 - Registered RTOS mode: class=RTOS, group=Core, mode=CMSIS_V2, owner=FREERTOS
2026-05-22 14:02:54,577 [WARN] ModelIntegratedComponent:184 - Missing modes for component STMicroelectronics:FreeRTOS:0.0.1:STMicroelectronics:RTOS:FreeRTOS:Core:::10.2.0:
2026-05-22 14:02:54,602 [WARN] ModelIntegratedComponent:63 - No mode defined for component null
2026-05-22 14:02:54,602 [WARN] ModelIntegratedComponent:63 - No mode defined for component null
2026-05-22 14:02:54,603 [WARN] ModelIntegratedComponent:63 - No mode defined for component null
2026-05-22 14:02:54,603 [WARN] ModelIntegratedComponent:63 - No mode defined for component null
2026-05-22 14:02:54,603 [WARN] ModelIntegratedComponent:63 - No mode defined for component null
2026-05-22 14:02:54,603 [WARN] ModelIntegratedComponent:63 - No mode defined for component null
2026-05-22 14:02:54,604 [WARN] ModelIntegratedComponent:63 - No mode defined for component null
2026-05-22 14:02:54,604 [WARN] ModelIntegratedComponent:63 - No mode defined for component null
2026-05-22 14:02:54,604 [WARN] ModelIntegratedComponent:63 - No mode defined for component null
2026-05-22 14:02:54,604 [WARN] ModelIntegratedComponent:63 - No mode defined for component null
2026-05-22 14:02:54,605 [WARN] ModelIntegratedComponent:63 - No mode defined for component null
2026-05-22 14:02:54,605 [WARN] ModelIntegratedComponent:63 - No mode defined for component null
2026-05-22 14:02:54,605 [WARN] ModelIntegratedComponent:63 - No mode defined for component null
2026-05-22 14:02:54,606 [WARN] ModelIntegratedComponent:63 - No mode defined for component null
2026-05-22 14:02:54,606 [WARN] ModelIntegratedComponent:63 - No mode defined for component null
2026-05-22 14:02:54,606 [WARN] ModelIntegratedComponent:63 - No mode defined for component null
2026-05-22 14:02:54,606 [WARN] ModelIntegratedComponent:63 - No mode defined for component null
2026-05-22 14:02:54,606 [WARN] ModelIntegratedComponent:63 - No mode defined for component null
2026-05-22 14:02:54,607 [WARN] ModelIntegratedComponent:63 - No mode defined for component null
2026-05-22 14:02:54,607 [WARN] ModelIntegratedComponent:63 - No mode defined for component null
2026-05-22 14:02:54,607 [WARN] ModelIntegratedComponent:63 - No mode defined for component null
2026-05-22 14:02:54,607 [WARN] ModelIntegratedComponent:63 - No mode defined for component null
2026-05-22 14:02:54,607 [WARN] ModelIntegratedComponent:63 - No mode defined for component null
2026-05-22 14:02:54,607 [WARN] ModelIntegratedComponent:63 - No mode defined for component null
2026-05-22 14:02:54,608 [WARN] ModelIntegratedComponent:63 - No mode defined for component null
2026-05-22 14:02:54,608 [WARN] ModelIntegratedComponent:63 - No mode defined for component null
2026-05-22 14:02:54,608 [WARN] ModelIntegratedComponent:63 - No mode defined for component null
2026-05-22 14:02:54,608 [WARN] ModelIntegratedComponent:63 - No mode defined for component null
2026-05-22 14:02:54,608 [WARN] ModelIntegratedComponent:63 - No mode defined for component null
2026-05-22 14:02:54,608 [WARN] ModelIntegratedComponent:63 - No mode defined for component null
2026-05-22 14:02:54,609 [WARN] ModelIntegratedComponent:63 - No mode defined for component null
2026-05-22 14:02:54,609 [WARN] ModelIntegratedComponent:63 - No mode defined for component null
2026-05-22 14:02:54,609 [WARN] ModelIntegratedComponent:63 - No mode defined for component null
2026-05-22 14:02:54,609 [WARN] ModelIntegratedComponent:63 - No mode defined for component null
2026-05-22 14:02:54,609 [WARN] ModelIntegratedComponent:63 - No mode defined for component null
2026-05-22 14:02:54,610 [WARN] ModelPack:524 - Component already loaded: STMicroelectronics:HAL Drivers:0.0.0:STMicroelectronics:Device:STMicro_Driver:XSPI:HAL::0.0.1:HAL_XSPI
2026-05-22 14:02:55,478 [INFO] ThirdPartyModel:298 - Start build external matchings
2026-05-22 14:03:05,925 [INFO] ThirdPartyModel:316 - End build external matchings
2026-05-22 14:03:06,885 [INFO] ApiDb:581 - Connected to CubeFinder SQLite database (C:\Users\matuh\.stmcufinder\plugins\mcufinder\mcu\cube-finder-db.db)
2026-05-22 14:03:07,157 [INFO] ApiDb:668 - CubeFinder database Data Model version=2.1
2026-05-22 14:03:07,158 [INFO] ApiDb:669 - CubeFinder database Configuration version=3.0.42
2026-05-22 14:03:07,158 [INFO] ApiDb:670 - CubeFinder database generation date=2026-05-06 (1778060171)
2026-05-22 14:03:07,159 [INFO] ApiDb:671 - CubeFinder database FW Pack versions=[FP-ATR-ASTRA1_V2.0.0, FP-SNS-FLIGHT1_V5.1.0, FP-SNS-MOTENV1_V5.1.0, FP-SNS-MOTENVWB1_V1.5.0, FP-SNS-SMARTAG2_V1.2.0, FP-SNS-STBOX1_V2.1.0, STM32Cube_FW_C0_V1.4.0, STM32Cube_FW_F4_V1.28.3, STM32Cube_FW_F7_V1.17.4, STM32Cube_FW_G0_V1.6.3, STM32Cube_FW_G4_V1.6.2, STM32Cube_FW_H5_V1.6.0, STM32Cube_FW_H7RS_V1.3.0, STM32Cube_FW_H7_V1.13.0, STM32Cube_FW_L0_V1.12.2, STM32Cube_FW_L4_V1.18.2, STM32Cube_FW_L5_V1.6.0, STM32Cube_FW_N6_V1.3.0, STM32Cube_FW_U0_V1.3.0, STM32Cube_FW_U3_V1.3.0, STM32Cube_FW_U5_V1.8.0, STM32Cube_FW_WB0_V1.4.0, STM32Cube_FW_WBA_V1.9.0, STM32Cube_FW_WB_V1.24.0, STM32Cube_FW_WL3_V1.4.0, STM32Cube_FW_WL_V1.5.0, X-CUBE-ALGOBUILD_V1.4.0, X-CUBE-ALS_V1.0.2, X-CUBE-AZRTOS-F4_V1.1.0, X-CUBE-AZRTOS-F7_V1.1.0, X-CUBE-AZRTOS-G0_V1.1.0, X-CUBE-AZRTOS-G4_V2.0.0, X-CUBE-AZRTOS-H7RS_V1.1.0, X-CUBE-AZRTOS-H7_V3.5.0, X-CUBE-AZRTOS-L4_V2.0.0, X-CUBE-AZRTOS-L5_V2.0.0, X-CUBE-AZRTOS-WB_V2.0.0, X-CUBE-AZRTOS-WL_V2.0.0, X-CUBE-BLE1_V7.1.0, X-CUBE-BLE2_V3.3.0, X-CUBE-BLEMGR_V4.1.0, X-CUBE-EEPRMA1_V5.2.0, X-CUBE-FREERTOS_V1.5.0, X-CUBE-GNSS1_V6.0.0, X-CUBE-MEMS1_V12.0.0, X-CUBE-NFC4_V3.0.0, X-CUBE-NFC7_V2.0.0, X-CUBE-SFXS2LP1_V4.0.0, X-CUBE-ST67W61_V1.2.0, X-CUBE-SUBG2_V5.0.0, X-CUBE-TOF1_V3.4.3]
2026-05-22 14:03:07,558 [INFO] DbBoardsSqlite:226 - include board P-NUCLEO-WB55-NUCLEO as a kit item of type 'Nucleo-64'
2026-05-22 14:03:07,559 [INFO] DbBoardsSqlite:226 - include board P-NUCLEO-WB55-USBDONGLE as a kit item of type 'Nucleo USB Dongle'
2026-05-22 14:03:07,564 [INFO] DbBoardsSqlite:226 - include board STEVAL-IDP005V1 as a kit item of type 'Evaluation Board'
2026-05-22 14:03:07,566 [INFO] DbBoardsSqlite:226 - include board STEVAL-IDP005V2 as a kit item of type 'Evaluation Board'
2026-05-22 14:03:08,765 [INFO] ApiDb:240 - Found 880 in-development CPN: [B-G473E-ZEST1S, B-WB1M-WPAN1, B-WBA5M-WPAN, B-WL5M-SUBG1, NUCLEO-C031C6, NUCLEO-C051C8, NUCLEO-C071RB, NUCLEO-C092RC, NUCLEO-H503RB, NUCLEO-H533RE, NUCLEO-H563ZI, NUCLEO-H7S3L8, NUCLEO-N657X0-Q, NUCLEO-U031R8, NUCLEO-U083RC, NUCLEO-U385RG-Q, NUCLEO-U545RE-Q, NUCLEO-U5A5ZJ-Q, NUCLEO-WB05KZ, NUCLEO-WB07CC, NUCLEO-WB09KE, NUCLEO-WBA52CG, NUCLEO-WBA55CG, NUCLEO-WL33CC1, NUCLEO-WL33CC2, STEVAL-PROTEUS1, STEVAL-SMARTAG2, STEVAL-STWINBX1, STM320518-EVAL, STM32C0116-DK, STM32C011D6Y3TR, STM32C011D6Y6TR, STM32C011F4P3, STM32C011F4P6, STM32C011F4U3, STM32C011F4U6TR, STM32C011F6P3, STM32C011F6P6, STM32C011F6U3, STM32C011F6U6TR, STM32C011J4M3, STM32C011J4M6, STM32C011J6M3, STM32C011J6M6, STM32C0316-DK, STM32C031C4T3, STM32C031C4T6, STM32C031C4U3, STM32C031C4U6, STM32C031C6T3, STM32C031C6T6, STM32C031C6U3, STM32C031C6U6, STM32C031F4P3, STM32C031F4P6, STM32C031F6P3, STM32C031F6P6, STM32C031G4U3, STM32C031G4U6, STM32C031G6U3, STM32C031G6U6, STM32C031K4T3, STM32C031K4T6, STM32C031K4U3, STM32C031K4U6, STM32C031K6T3, STM32C031K6T6, STM32C031K6U3, STM32C031K6U6, STM32C051C6T6, STM32C051C6U6, STM32C051C8T6, STM32C051C8U6, STM32C051D8Y6TR, STM32C051F6P6, STM32C051F8P6, STM32C051G6U6, STM32C051G8U6, STM32C051K6T6, STM32C051K6U6, STM32C051K8T6, STM32C071C8T6, STM32C071C8T6N, STM32C071C8U6, STM32C071C8U6N, STM32C071CBT6, STM32C071CBT6N, STM32C071CBU6, STM32C071CBU6N, STM32C071F8P6, STM32C071F8P6N, STM32C071FBP6, STM32C071FBP6N, STM32C071FBY6TR, STM32C071G8U6, STM32C071G8U6N, STM32C071GBU6, STM32C071GBU6N, STM32C071K8T6, STM32C071K8T6N, STM32C071K8U6, STM32C071K8U6N, STM32C071KBT6, STM32C071KBT6N, STM32C071KBU6, STM32C071KBU6N, STM32C071R8T6, STM32C071R8T6N, STM32C071RBI6N, STM32C071RBT6, STM32C071RBT6N, STM32C091CBT6, STM32C091CBU6, STM32C091CCT6, STM32C091CCU6, STM32C091ECY6TR, STM32C091FBP6, STM32C091FCP6, STM32C091GBU6, STM32C091GCU6, STM32C091KBT6, STM32C091KBU6, STM32C091KCT6, STM32C091KCU6, STM32C091RBT6, STM32C091RCI6, STM32C091RCT6, STM32C092CBT6, STM32C092CBU6, STM32C092CCT6, STM32C092CCU6, STM32C092ECY6TR, STM32C092FBP6, STM32C092FCP6, STM32C092GBU6, STM32C092GCU6, STM32C092KBT6, STM32C092KBU6, STM32C092KCT6, STM32C092KCU6, STM32C092RBT6, STM32C092RCI6, STM32C092RCT6, STM32G071K8TXN, STM32G071K8UXN, STM32G081GBU6N, STM32G081KBT6N, STM32G081KBUXN, STM32G0B1CCT6N, STM32G0B1KCT6, STM32G0B1NEY6TR, STM32G0B1RCT6N, STM32G0C1CCT6, STM32G0C1CCT6N, STM32G0C1CCU6N, STM32G0C1CET6N, STM32G0C1CEU6N, STM32G0C1KCT6, STM32G0C1NEY6TR, STM32G0C1RCI6N, STM32G0C1RCT6N, STM32G0C1REI6N, STM32G0C1RET6N, STM32G0C1VCI6, STM32G0C1VEI6, STM32G411C6T3, STM32G411C6T6, STM32G411C6U3, STM32G411C6U6, STM32G411C8T3, STM32G411C8T6, STM32G411C8U3, STM32G411C8U6, STM32G411CBT3, STM32G411CBT6, STM32G411CBU3, STM32G411CBU6, STM32G411K6T3, STM32G411K6T6, STM32G411K6U3, STM32G411K6U6, STM32G411K8T3, STM32G411K8T6, STM32G411K8U3, STM32G411K8U6, STM32G411KBT3, STM32G411KBT6, STM32G411KBU3, STM32G411KBU6, STM32G411M6T3, STM32G411M6T6, STM32G411M8T3, STM32G411M8T6, STM32G411MBT3, STM32G411MBT6, STM32G411R6T3, STM32G411R6T6, STM32G411R8T3, STM32G411R8T6, STM32G411RBT3, STM32G411RBT6, STM32G414CBT3, STM32G414CBT6, STM32G414CBU3, STM32G414CBU6, STM32G414CCT3, STM32G414CCT6, STM32G414CCU3, STM32G414CCU6, STM32G414MBT3, STM32G414MBT6, STM32G414MCT3, STM32G414MCT6, STM32G414RBT3, STM32G414RBT6, STM32G414RCT3, STM32G414RCT6, STM32G414VBT3, STM32G414VBT6, STM32G414VCT3, STM32G414VCT6, STM32G431CBT3Z, STM32G431RBT3Z, STM32G471CCT6, STM32G471CCU6, STM32G471CET3, STM32G471CET6, STM32G471CEU3, STM32G471CEU6, STM32G471MCT6, STM32G471MET3, STM32G471MET6, STM32G471MEY6TR, STM32G471QCT6, STM32G471QET3, STM32G471RCT6, STM32G471RET3, STM32G471RET6, STM32G471VCH6, STM32G471VCI6, STM32G471VCT6, STM32G471VEH3, STM32G471VEH6, STM32G471VEI3, STM32G471VEI6, STM32G471VET3, STM32G471VET6, STM32G473QET3Z, STM32G473RET3Z, STM32G474CCT6, STM32G491RET3Z, STM32H503CBT6, STM32H503CBU6, STM32H503EBY6TR, STM32H503KBU6, STM32H503RBT6, STM32H523CCT6, STM32H523CCU6, STM32H523CET6, STM32H523CEU6, STM32H523HEY6TR, STM32H523RCT6, STM32H523RET6, STM32H523VCI6, STM32H523VCT6, STM32H523VEI6, STM32H523VET6, STM32H523ZCJ6, STM32H523ZCT6, STM32H523ZEJ6, STM32H523ZET6, STM32H533CET6, STM32H533CEU6, STM32H533HEY6TR, STM32H533RET6, STM32H533VEI6, STM32H533VET6, STM32H533ZEJ6, STM32H533ZET6, STM32H562AGI6, STM32H562AII6, STM32H562IGK6, STM32H562IGT6, STM32H562IIK6, STM32H562IIT6, STM32H562RGT6, STM32H562RGV6, STM32H562RIT6, STM32H562RIV6, STM32H562VGT6, STM32H562VIT6, STM32H562ZGT6, STM32H562ZIT6, STM32H563AGI6, STM32H563AII3Q, STM32H563AII6, STM32H563IGK6, STM32H563IGT6, STM32H563IIK3Q, STM32H563IIK6, STM32H563IIT3Q, STM32H563IIT6, STM32H563MIY3QTR, STM32H563RGT6, STM32H563RGV6, STM32H563RIT6, STM32H563RIV6, STM32H563VGT6, STM32H563VIT3Q, STM32H563VIT6, STM32H563ZGT6, STM32H563ZIT3Q, STM32H563ZIT6, STM32H573AII3Q, STM32H573AII6, STM32H573I-DK, STM32H573IIK3Q, STM32H573IIK6, STM32H573IIT3Q, STM32H573IIT6, STM32H573MIY3QTR, STM32H573RIT6, STM32H573RIV6, STM32H573VIT3Q, STM32H573VIT6, STM32H573ZIT3Q, STM32H573ZIT6, STM32H7R3A8I6, STM32H7R3I8K6, STM32H7R3I8T6, STM32H7R3L8H6, STM32H7R3L8H6H, STM32H7R3R8V6, STM32H7R3V8H6, STM32H7R3V8T6, STM32H7R3V8Y6TR, STM32H7R3Z8J6, STM32H7R3Z8T6, STM32H7R7A8I6, STM32H7R7I8K6, STM32H7R7I8T6, STM32H7R7L8H6, STM32H7R7L8H6H, STM32H7R7Z8J6, STM32H7S3A8I6, STM32H7S3I8K6, STM32H7S3I8T6, STM32H7S3L8H6, STM32H7S3L8H6H, STM32H7S3R8V6, STM32H7S3V8H6, STM32H7S3V8T6, STM32H7S3V8Y6TR, STM32H7S3Z8J6, STM32H7S3Z8T6, STM32H7S78-DK, STM32H7S7A8I6, STM32H7S7I8K6, STM32H7S7I8T6, STM32H7S7L8H6, STM32H7S7L8H6H, STM32H7S7Z8J6, STM32L4R5QGI6STR, STM32MP131AAE3, STM32MP131AAF3, STM32MP131AAG3, STM32MP131CAE3, STM32MP131CAF3, STM32MP131CAG3, STM32MP131DAE7, STM32MP131DAF7, STM32MP131DAG7, STM32MP131FAE7, STM32MP131FAF7, STM32MP131FAG7, STM32MP133AAE3, STM32MP133AAF3, STM32MP133AAG3, STM32MP133CAE3, STM32MP133CAF3, STM32MP133CAG3, STM32MP133DAE7, STM32MP133DAF7, STM32MP133DAG7, STM32MP133FAE7, STM32MP133FAF7, STM32MP133FAG7, STM32MP135AAE3, STM32MP135AAF3, STM32MP135AAG3, STM32MP135CAE3, STM32MP135CAF3, STM32MP135CAG3, STM32MP135DAE7, STM32MP135DAF7, STM32MP135DAG7, STM32MP135F-DK, STM32MP135FAE7, STM32MP135FAF7, STM32MP135FAF7T, STM32MP135FAF7U, STM32MP135FAG7, STM32MP211AAL3, STM32MP211AAM3, STM32MP211AAN3, STM32MP211AAO3, STM32MP211CAL3, STM32MP211CAM3, STM32MP211CAN3, STM32MP211CAO3, STM32MP211DAL3, STM32MP211DAM3, STM32MP211DAN3, STM32MP211DAO3, STM32MP211FAL3, STM32MP211FAM3, STM32MP211FAN3, STM32MP211FAO3, STM32MP213AAL3, STM32MP213AAM3, STM32MP213AAN3, STM32MP213AAO3, STM32MP213CAL3, STM32MP213CAM3, STM32MP213CAN3, STM32MP213CAO3, STM32MP213DAL3, STM32MP213DAM3, STM32MP213DAN3, STM32MP213DAO3, STM32MP213FAL3, STM32MP213FAM3, STM32MP213FAN3, STM32MP213FAO3, STM32MP215AAL3, STM32MP215AAM3, STM32MP215AAN3, STM32MP215AAO3, STM32MP215CAL3, STM32MP215CAM3, STM32MP215CAN3, STM32MP215CAO3, STM32MP215DAL3, STM32MP215DAM3, STM32MP215DAN3, STM32MP215DAO3, STM32MP215F-DK, STM32MP215FAL3, STM32MP215FAM3, STM32MP215FAN3, STM32MP215FAO3, STM32MP231AAJ3, STM32MP231AAK3, STM32MP231AAL3, STM32MP231CAJ3, STM32MP231CAK3, STM32MP231CAL3, STM32MP231DAJ3, STM32MP231DAK3, STM32MP231DAL3, STM32MP231FAJ3, STM32MP231FAK3, STM32MP231FAL3, STM32MP233AAJ3, STM32MP233AAK3, STM32MP233AAL3, STM32MP233CAJ3, STM32MP233CAK3, STM32MP233CAL3, STM32MP233DAJ3, STM32MP233DAK3, STM32MP233DAL3, STM32MP233FAJ3, STM32MP233FAK3, STM32MP233FAL3, STM32MP235AAJ3, STM32MP235AAK3, STM32MP235AAL3, STM32MP235CAJ3, STM32MP235CAK3, STM32MP235CAL3, STM32MP235DAJ3, STM32MP235DAK3, STM32MP235DAL3, STM32MP235FAJ3, STM32MP235FAK3, STM32MP235FAL3, STM32MP251AAI3, STM32MP251AAK3, STM32MP251AAL3, STM32MP251CAI3, STM32MP251CAK3, STM32MP251CAL3, STM32MP251DAI3, STM32MP251DAK3, STM32MP251DAL3, STM32MP251FAI3, STM32MP251FAK3, STM32MP251FAL3, STM32MP253AAI3, STM32MP253AAK3, STM32MP253AAL3, STM32MP253CAI3, STM32MP253CAK3, STM32MP253CAL3, STM32MP253DAI3, STM32MP253DAK3, STM32MP253DAL3, STM32MP253FAI3, STM32MP253FAK3, STM32MP253FAL3, STM32MP255AAI3, STM32MP255AAK3, STM32MP255AAL3, STM32MP255CAI3, STM32MP255CAK3, STM32MP255CAL3, STM32MP255DAI3, STM32MP255DAK3, STM32MP255DAL3, STM32MP255FAI3, STM32MP255FAK3, STM32MP255FAL3, STM32MP257AAI3, STM32MP257AAK3, STM32MP257AAL3, STM32MP257CAI3, STM32MP257CAK3, STM32MP257CAL3, STM32MP257DAI3, STM32MP257DAK3, STM32MP257DAL3, STM32MP257F-DK, STM32MP257F-EV1, STM32MP257FAI3, STM32MP257FAK3, STM32MP257FAL3, STM32N645A0H3Q, STM32N645B0H3Q, STM32N645I0H3Q, STM32N645L0H3Q, STM32N645X0H3Q, STM32N645Z0H3Q, STM32N647A0H3Q, STM32N647B0H3Q, STM32N647I0H3Q, STM32N647L0H3Q, STM32N647X0H3Q, STM32N647Z0H3Q, STM32N655A0H3Q, STM32N655B0H3Q, STM32N655I0H3Q, STM32N655L0H3Q, STM32N655X0H3Q, STM32N655Z0H3Q, STM32N6570-DK, STM32N657A0H3Q, STM32N657B0H3Q, STM32N657I0H3Q, STM32N657L0H3Q, STM32N657X0H3Q, STM32N657Z0H3Q, STM32U031C6T6, STM32U031C6U6, STM32U031C8T6, STM32U031C8U6, STM32U031F4P6, STM32U031F6P6, STM32U031F8P6, STM32U031G6Y6TR, STM32U031G8Y6TR, STM32U031K4U6, STM32U031K6U6, STM32U031K8U6, STM32U031R6I6, STM32U031R6T6, STM32U031R8I6, STM32U031R8T6, STM32U073C8T6, STM32U073C8U6, STM32U073CBT6, STM32U073CBU6, STM32U073CCT6, STM32U073CCU6, STM32U073H8Y6TR, STM32U073HBY6TR, STM32U073HCY6TR, STM32U073K8U6, STM32U073KBU6, STM32U073KCU6, STM32U073M8I6, STM32U073M8T6, STM32U073MBI6, STM32U073MBT6, STM32U073MCI6, STM32U073MCT6, STM32U073R8I6, STM32U073R8T6, STM32U073RBI6, STM32U073RBT6, STM32U073RCI6, STM32U073RCT6, STM32U083C-DK, STM32U083CCT6, STM32U083CCU6, STM32U083HCY6TR, STM32U083KCU6, STM32U083MCI6, STM32U083MCT6, STM32U083RCI6, STM32U083RCT6, STM32U375CET6, STM32U375CET6Q, STM32U375CEU6, STM32U375CEU6Q, STM32U375CEY6QTR, STM32U375CGT6, STM32U375CGT6Q, STM32U375CGU6, STM32U375CGU6Q, STM32U375CGY6QTR, STM32U375KEU6, STM32U375KGU6, STM32U375REI6, STM32U375REI6Q, STM32U375RET6, STM32U375RET6Q, STM32U375REY6GTR, STM32U375REY6QTR, STM32U375RGI6, STM32U375RGI6Q, STM32U375RGT6, STM32U375RGT6Q, STM32U375RGY6GTR, STM32U375RGY6QTR, STM32U375VEI6, STM32U375VEI6Q, STM32U375VET6, STM32U375VET6Q, STM32U375VGI6, STM32U375VGI6Q, STM32U375VGT6, STM32U375VGT6Q, STM32U385CGT6, STM32U385CGT6Q, STM32U385CGU6, STM32U385CGU6Q, STM32U385CGY6QTR, STM32U385KGU6, STM32U385RGI6, STM32U385RGI6Q, STM32U385RGT6, STM32U385RGT6Q, STM32U385RGY6GTR, STM32U385RGY6QTR, STM32U385VGI6, STM32U385VGI6Q, STM32U385VGT6, STM32U385VGT6Q, STM32U535CBT6, STM32U535CBT6Q, STM32U535CBU6, STM32U535CBU6Q, STM32U535CCT6, STM32U535CCT6Q, STM32U535CCU6, STM32U535CCU6Q, STM32U535CET6, STM32U535CET6Q, STM32U535CEU6, STM32U535CEU6Q, STM32U535JEY6QTR, STM32U535NCY6QTR, STM32U535NEY6QTR, STM32U535RBI6, STM32U535RBI6Q, STM32U535RBT6, STM32U535RBT6Q, STM32U535RCI6, STM32U535RCI6Q, STM32U535RCT6, STM32U535RCT6Q, STM32U535REI6, STM32U535REI6Q, STM32U535RET6, STM32U535RET6Q, STM32U535VCI6, STM32U535VCI6Q, STM32U535VCT6, STM32U535VCT6Q, STM32U535VEI6, STM32U535VEI6Q, STM32U535VET6, STM32U535VET6Q, STM32U545CET6, STM32U545CET6Q, STM32U545CEU6, STM32U545CEU6Q, STM32U545JEY6QTR, STM32U545NEY6QTR, STM32U545REI6, STM32U545REI6Q, STM32U545RET6, STM32U545RET6Q, STM32U545VEI6, STM32U545VEI6Q, STM32U545VET6, STM32U545VET6Q, STM32U595AIH6, STM32U595AIH6Q, STM32U595AJH6, STM32U595AJH6Q, STM32U595QII6, STM32U595QII6Q, STM32U595QJI6, STM32U595QJI6Q, STM32U595RIT6, STM32U595RIT6Q, STM32U595RJT6, STM32U595RJT6Q, STM32U595VIT6, STM32U595VIT6Q, STM32U595VJT6, STM32U595VJT6Q, STM32U595ZIT6, STM32U595ZIT6Q, STM32U595ZIY6QTR, STM32U595ZJT6, STM32U595ZJT6Q, STM32U595ZJY6QTR, STM32U599BJY6QTR, STM32U599NIH6Q, STM32U599NJH6Q, STM32U599VIT6Q, STM32U599VJT6, STM32U599VJT6Q, STM32U599ZIT6Q, STM32U599ZIY6QTR, STM32U599ZJT6Q, STM32U599ZJY6QTR, STM32U5A5AJH6, STM32U5A5AJH6Q, STM32U5A5QII3Q , STM32U5A5QJI6, STM32U5A5QJI6Q, STM32U5A5RJT6, STM32U5A5RJT6Q, STM32U5A5VJT6, STM32U5A5VJT6Q, STM32U5A5ZJT6, STM32U5A5ZJT6Q, STM32U5A5ZJY6QTR, STM32U5A9BJY6QTR, STM32U5A9J-DK, STM32U5A9NJH6Q, STM32U5A9VJT6Q, STM32U5A9ZJT6Q, STM32U5A9ZJY6QTR, STM32U5F7VIT6, STM32U5F7VIT6Q, STM32U5F7VJT6, STM32U5F7VJT6Q, STM32U5F9BJY6QTR, STM32U5F9NJH6Q, STM32U5F9VIT6Q, STM32U5F9VJT6Q, STM32U5F9ZIJ6QTR, STM32U5F9ZIT6Q, STM32U5F9ZJJ6QTR, STM32U5F9ZJT6Q, STM32U5G7VJT6, STM32U5G7VJT6Q, STM32U5G9BJY6QTR, STM32U5G9J-DK1, STM32U5G9J-DK2, STM32U5G9NJH6Q, STM32U5G9VJT6Q, STM32U5G9ZJJ6QTR, STM32U5G9ZJT6Q, STM32WB05KZV6TR, STM32WB05KZV7TR, STM32WB05TZF6TR, STM32WB05TZF7TR, STM32WB06CCF6TR, STM32WB06CCF7TR, STM32WB06CCV6TR, STM32WB06CCV7TR, STM32WB06KCV6TR, STM32WB06KCV7TR, STM32WB07CCF6TR, STM32WB07CCF7TR, STM32WB07CCV6TR, STM32WB07CCV7TR, STM32WB07KCV6TR, STM32WB07KCV7TR, STM32WB09KEV6TR, STM32WB09KEV7TR, STM32WB09TEF6TR, STM32WB09TEF7TR, STM32WB1MMCH6, STM32WBA50KGU6, STM32WBA50KGU6TR, STM32WBA52CEU6, STM32WBA52CEU6TR, STM32WBA52CEU7, STM32WBA52CEU7TR, STM32WBA52CGU6, STM32WBA52CGU6TR, STM32WBA52CGU6U, STM32WBA52CGU7, STM32WBA52CGU7TR, STM32WBA52KEU6, STM32WBA52KEU6TR, STM32WBA52KGU6, STM32WBA52KGU6TR, STM32WBA54CEU6, STM32WBA54CEU6TR, STM32WBA54CEU7, STM32WBA54CEU7TR, STM32WBA54CGU6, STM32WBA54CGU6TR, STM32WBA54CGU7, STM32WBA54CGU7TR, STM32WBA54KEU6, STM32WBA54KEU6TR, STM32WBA54KEU7, STM32WBA54KEU7TR, STM32WBA54KGU6, STM32WBA54KGU6TR, STM32WBA54KGU7, STM32WBA54KGU7TR, STM32WBA55CEU6, STM32WBA55CEU6TR, STM32WBA55CEU7, STM32WBA55CEU7TR, STM32WBA55CGU6, STM32WBA55CGU6TR, STM32WBA55CGU6U, STM32WBA55CGU7, STM32WBA55CGU7TR, STM32WBA55G-DK1, STM32WBA55HEF6, STM32WBA55HEF7, STM32WBA55HGF6, STM32WBA55HGF7, STM32WBA55UEI6, STM32WBA55UEI6TR, STM32WBA55UEI7, STM32WBA55UEI7TR, STM32WBA55UGI6, STM32WBA55UGI6TR, STM32WBA55UGI7, STM32WBA55UGI7TR, STM32WBA5MMGH6TR, STM32WBA62MGF6, STM32WBA62MIF6, STM32WBA65MGF7, STM32WBA65MIF6, STM32WBA65MIF7, STM32WL30K8V6, STM32WL30KBV6, STM32WL31C8V6, STM32WL31CBV6, STM32WL31K8V6, STM32WL31KBV6, STM32WL33C8V6, STM32WL33C8V6X, STM32WL33CBV6, STM32WL33CBV6X, STM32WL33CCV6, STM32WL33CCV6A, STM32WL33CCV6X, STM32WL33K8V7, STM32WL33K8V7X, STM32WL33KBV7 , STM32WL33KBV7X, STM32WL33KCV7, STM32WL33KCV7X, STM32WL5MOCH6, STM32WL5MOCH6TR]
2026-05-22 14:03:08,774 [INFO] ApiDb:668 - CubeFinder database Data Model version=2.1
2026-05-22 14:03:08,774 [INFO] ApiDb:669 - CubeFinder database Configuration version=3.0.42
2026-05-22 14:03:08,774 [INFO] ApiDb:670 - CubeFinder database generation date=2026-05-06 (1778060171)
2026-05-22 14:03:08,774 [INFO] ApiDb:671 - CubeFinder database FW Pack versions=[FP-ATR-ASTRA1_V2.0.0, FP-SNS-FLIGHT1_V5.1.0, FP-SNS-MOTENV1_V5.1.0, FP-SNS-MOTENVWB1_V1.5.0, FP-SNS-SMARTAG2_V1.2.0, FP-SNS-STBOX1_V2.1.0, STM32Cube_FW_C0_V1.4.0, STM32Cube_FW_F4_V1.28.3, STM32Cube_FW_F7_V1.17.4, STM32Cube_FW_G0_V1.6.3, STM32Cube_FW_G4_V1.6.2, STM32Cube_FW_H5_V1.6.0, STM32Cube_FW_H7RS_V1.3.0, STM32Cube_FW_H7_V1.13.0, STM32Cube_FW_L0_V1.12.2, STM32Cube_FW_L4_V1.18.2, STM32Cube_FW_L5_V1.6.0, STM32Cube_FW_N6_V1.3.0, STM32Cube_FW_U0_V1.3.0, STM32Cube_FW_U3_V1.3.0, STM32Cube_FW_U5_V1.8.0, STM32Cube_FW_WB0_V1.4.0, STM32Cube_FW_WBA_V1.9.0, STM32Cube_FW_WB_V1.24.0, STM32Cube_FW_WL3_V1.4.0, STM32Cube_FW_WL_V1.5.0, X-CUBE-ALGOBUILD_V1.4.0, X-CUBE-ALS_V1.0.2, X-CUBE-AZRTOS-F4_V1.1.0, X-CUBE-AZRTOS-F7_V1.1.0, X-CUBE-AZRTOS-G0_V1.1.0, X-CUBE-AZRTOS-G4_V2.0.0, X-CUBE-AZRTOS-H7RS_V1.1.0, X-CUBE-AZRTOS-H7_V3.5.0, X-CUBE-AZRTOS-L4_V2.0.0, X-CUBE-AZRTOS-L5_V2.0.0, X-CUBE-AZRTOS-WB_V2.0.0, X-CUBE-AZRTOS-WL_V2.0.0, X-CUBE-BLE1_V7.1.0, X-CUBE-BLE2_V3.3.0, X-CUBE-BLEMGR_V4.1.0, X-CUBE-EEPRMA1_V5.2.0, X-CUBE-FREERTOS_V1.5.0, X-CUBE-GNSS1_V6.0.0, X-CUBE-MEMS1_V12.0.0, X-CUBE-NFC4_V3.0.0, X-CUBE-NFC7_V2.0.0, X-CUBE-SFXS2LP1_V4.0.0, X-CUBE-ST67W61_V1.2.0, X-CUBE-SUBG2_V5.0.0, X-CUBE-TOF1_V3.4.3]
2026-05-22 14:03:15,948 [INFO] ApiDb:240 - Found 880 in-development CPN: [B-G473E-ZEST1S, B-WB1M-WPAN1, B-WBA5M-WPAN, B-WL5M-SUBG1, NUCLEO-C031C6, NUCLEO-C051C8, NUCLEO-C071RB, NUCLEO-C092RC, NUCLEO-H503RB, NUCLEO-H533RE, NUCLEO-H563ZI, NUCLEO-H7S3L8, NUCLEO-N657X0-Q, NUCLEO-U031R8, NUCLEO-U083RC, NUCLEO-U385RG-Q, NUCLEO-U545RE-Q, NUCLEO-U5A5ZJ-Q, NUCLEO-WB05KZ, NUCLEO-WB07CC, NUCLEO-WB09KE, NUCLEO-WBA52CG, NUCLEO-WBA55CG, NUCLEO-WL33CC1, NUCLEO-WL33CC2, STEVAL-PROTEUS1, STEVAL-SMARTAG2, STEVAL-STWINBX1, STM320518-EVAL, STM32C0116-DK, STM32C011D6Y3TR, STM32C011D6Y6TR, STM32C011F4P3, STM32C011F4P6, STM32C011F4U3, STM32C011F4U6TR, STM32C011F6P3, STM32C011F6P6, STM32C011F6U3, STM32C011F6U6TR, STM32C011J4M3, STM32C011J4M6, STM32C011J6M3, STM32C011J6M6, STM32C0316-DK, STM32C031C4T3, STM32C031C4T6, STM32C031C4U3, STM32C031C4U6, STM32C031C6T3, STM32C031C6T6, STM32C031C6U3, STM32C031C6U6, STM32C031F4P3, STM32C031F4P6, STM32C031F6P3, STM32C031F6P6, STM32C031G4U3, STM32C031G4U6, STM32C031G6U3, STM32C031G6U6, STM32C031K4T3, STM32C031K4T6, STM32C031K4U3, STM32C031K4U6, STM32C031K6T3, STM32C031K6T6, STM32C031K6U3, STM32C031K6U6, STM32C051C6T6, STM32C051C6U6, STM32C051C8T6, STM32C051C8U6, STM32C051D8Y6TR, STM32C051F6P6, STM32C051F8P6, STM32C051G6U6, STM32C051G8U6, STM32C051K6T6, STM32C051K6U6, STM32C051K8T6, STM32C071C8T6, STM32C071C8T6N, STM32C071C8U6, STM32C071C8U6N, STM32C071CBT6, STM32C071CBT6N, STM32C071CBU6, STM32C071CBU6N, STM32C071F8P6, STM32C071F8P6N, STM32C071FBP6, STM32C071FBP6N, STM32C071FBY6TR, STM32C071G8U6, STM32C071G8U6N, STM32C071GBU6, STM32C071GBU6N, STM32C071K8T6, STM32C071K8T6N, STM32C071K8U6, STM32C071K8U6N, STM32C071KBT6, STM32C071KBT6N, STM32C071KBU6, STM32C071KBU6N, STM32C071R8T6, STM32C071R8T6N, STM32C071RBI6N, STM32C071RBT6, STM32C071RBT6N, STM32C091CBT6, STM32C091CBU6, STM32C091CCT6, STM32C091CCU6, STM32C091ECY6TR, STM32C091FBP6, STM32C091FCP6, STM32C091GBU6, STM32C091GCU6, STM32C091KBT6, STM32C091KBU6, STM32C091KCT6, STM32C091KCU6, STM32C091RBT6, STM32C091RCI6, STM32C091RCT6, STM32C092CBT6, STM32C092CBU6, STM32C092CCT6, STM32C092CCU6, STM32C092ECY6TR, STM32C092FBP6, STM32C092FCP6, STM32C092GBU6, STM32C092GCU6, STM32C092KBT6, STM32C092KBU6, STM32C092KCT6, STM32C092KCU6, STM32C092RBT6, STM32C092RCI6, STM32C092RCT6, STM32G071K8TXN, STM32G071K8UXN, STM32G081GBU6N, STM32G081KBT6N, STM32G081KBUXN, STM32G0B1CCT6N, STM32G0B1KCT6, STM32G0B1NEY6TR, STM32G0B1RCT6N, STM32G0C1CCT6, STM32G0C1CCT6N, STM32G0C1CCU6N, STM32G0C1CET6N, STM32G0C1CEU6N, STM32G0C1KCT6, STM32G0C1NEY6TR, STM32G0C1RCI6N, STM32G0C1RCT6N, STM32G0C1REI6N, STM32G0C1RET6N, STM32G0C1VCI6, STM32G0C1VEI6, STM32G411C6T3, STM32G411C6T6, STM32G411C6U3, STM32G411C6U6, STM32G411C8T3, STM32G411C8T6, STM32G411C8U3, STM32G411C8U6, STM32G411CBT3, STM32G411CBT6, STM32G411CBU3, STM32G411CBU6, STM32G411K6T3, STM32G411K6T6, STM32G411K6U3, STM32G411K6U6, STM32G411K8T3, STM32G411K8T6, STM32G411K8U3, STM32G411K8U6, STM32G411KBT3, STM32G411KBT6, STM32G411KBU3, STM32G411KBU6, STM32G411M6T3, STM32G411M6T6, STM32G411M8T3, STM32G411M8T6, STM32G411MBT3, STM32G411MBT6, STM32G411R6T3, STM32G411R6T6, STM32G411R8T3, STM32G411R8T6, STM32G411RBT3, STM32G411RBT6, STM32G414CBT3, STM32G414CBT6, STM32G414CBU3, STM32G414CBU6, STM32G414CCT3, STM32G414CCT6, STM32G414CCU3, STM32G414CCU6, STM32G414MBT3, STM32G414MBT6, STM32G414MCT3, STM32G414MCT6, STM32G414RBT3, STM32G414RBT6, STM32G414RCT3, STM32G414RCT6, STM32G414VBT3, STM32G414VBT6, STM32G414VCT3, STM32G414VCT6, STM32G431CBT3Z, STM32G431RBT3Z, STM32G471CCT6, STM32G471CCU6, STM32G471CET3, STM32G471CET6, STM32G471CEU3, STM32G471CEU6, STM32G471MCT6, STM32G471MET3, STM32G471MET6, STM32G471MEY6TR, STM32G471QCT6, STM32G471QET3, STM32G471RCT6, STM32G471RET3, STM32G471RET6, STM32G471VCH6, STM32G471VCI6, STM32G471VCT6, STM32G471VEH3, STM32G471VEH6, STM32G471VEI3, STM32G471VEI6, STM32G471VET3, STM32G471VET6, STM32G473QET3Z, STM32G473RET3Z, STM32G474CCT6, STM32G491RET3Z, STM32H503CBT6, STM32H503CBU6, STM32H503EBY6TR, STM32H503KBU6, STM32H503RBT6, STM32H523CCT6, STM32H523CCU6, STM32H523CET6, STM32H523CEU6, STM32H523HEY6TR, STM32H523RCT6, STM32H523RET6, STM32H523VCI6, STM32H523VCT6, STM32H523VEI6, STM32H523VET6, STM32H523ZCJ6, STM32H523ZCT6, STM32H523ZEJ6, STM32H523ZET6, STM32H533CET6, STM32H533CEU6, STM32H533HEY6TR, STM32H533RET6, STM32H533VEI6, STM32H533VET6, STM32H533ZEJ6, STM32H533ZET6, STM32H562AGI6, STM32H562AII6, STM32H562IGK6, STM32H562IGT6, STM32H562IIK6, STM32H562IIT6, STM32H562RGT6, STM32H562RGV6, STM32H562RIT6, STM32H562RIV6, STM32H562VGT6, STM32H562VIT6, STM32H562ZGT6, STM32H562ZIT6, STM32H563AGI6, STM32H563AII3Q, STM32H563AII6, STM32H563IGK6, STM32H563IGT6, STM32H563IIK3Q, STM32H563IIK6, STM32H563IIT3Q, STM32H563IIT6, STM32H563MIY3QTR, STM32H563RGT6, STM32H563RGV6, STM32H563RIT6, STM32H563RIV6, STM32H563VGT6, STM32H563VIT3Q, STM32H563VIT6, STM32H563ZGT6, STM32H563ZIT3Q, STM32H563ZIT6, STM32H573AII3Q, STM32H573AII6, STM32H573I-DK, STM32H573IIK3Q, STM32H573IIK6, STM32H573IIT3Q, STM32H573IIT6, STM32H573MIY3QTR, STM32H573RIT6, STM32H573RIV6, STM32H573VIT3Q, STM32H573VIT6, STM32H573ZIT3Q, STM32H573ZIT6, STM32H7R3A8I6, STM32H7R3I8K6, STM32H7R3I8T6, STM32H7R3L8H6, STM32H7R3L8H6H, STM32H7R3R8V6, STM32H7R3V8H6, STM32H7R3V8T6, STM32H7R3V8Y6TR, STM32H7R3Z8J6, STM32H7R3Z8T6, STM32H7R7A8I6, STM32H7R7I8K6, STM32H7R7I8T6, STM32H7R7L8H6, STM32H7R7L8H6H, STM32H7R7Z8J6, STM32H7S3A8I6, STM32H7S3I8K6, STM32H7S3I8T6, STM32H7S3L8H6, STM32H7S3L8H6H, STM32H7S3R8V6, STM32H7S3V8H6, STM32H7S3V8T6, STM32H7S3V8Y6TR, STM32H7S3Z8J6, STM32H7S3Z8T6, STM32H7S78-DK, STM32H7S7A8I6, STM32H7S7I8K6, STM32H7S7I8T6, STM32H7S7L8H6, STM32H7S7L8H6H, STM32H7S7Z8J6, STM32L4R5QGI6STR, STM32MP131AAE3, STM32MP131AAF3, STM32MP131AAG3, STM32MP131CAE3, STM32MP131CAF3, STM32MP131CAG3, STM32MP131DAE7, STM32MP131DAF7, STM32MP131DAG7, STM32MP131FAE7, STM32MP131FAF7, STM32MP131FAG7, STM32MP133AAE3, STM32MP133AAF3, STM32MP133AAG3, STM32MP133CAE3, STM32MP133CAF3, STM32MP133CAG3, STM32MP133DAE7, STM32MP133DAF7, STM32MP133DAG7, STM32MP133FAE7, STM32MP133FAF7, STM32MP133FAG7, STM32MP135AAE3, STM32MP135AAF3, STM32MP135AAG3, STM32MP135CAE3, STM32MP135CAF3, STM32MP135CAG3, STM32MP135DAE7, STM32MP135DAF7, STM32MP135DAG7, STM32MP135F-DK, STM32MP135FAE7, STM32MP135FAF7, STM32MP135FAF7T, STM32MP135FAF7U, STM32MP135FAG7, STM32MP211AAL3, STM32MP211AAM3, STM32MP211AAN3, STM32MP211AAO3, STM32MP211CAL3, STM32MP211CAM3, STM32MP211CAN3, STM32MP211CAO3, STM32MP211DAL3, STM32MP211DAM3, STM32MP211DAN3, STM32MP211DAO3, STM32MP211FAL3, STM32MP211FAM3, STM32MP211FAN3, STM32MP211FAO3, STM32MP213AAL3, STM32MP213AAM3, STM32MP213AAN3, STM32MP213AAO3, STM32MP213CAL3, STM32MP213CAM3, STM32MP213CAN3, STM32MP213CAO3, STM32MP213DAL3, STM32MP213DAM3, STM32MP213DAN3, STM32MP213DAO3, STM32MP213FAL3, STM32MP213FAM3, STM32MP213FAN3, STM32MP213FAO3, STM32MP215AAL3, STM32MP215AAM3, STM32MP215AAN3, STM32MP215AAO3, STM32MP215CAL3, STM32MP215CAM3, STM32MP215CAN3, STM32MP215CAO3, STM32MP215DAL3, STM32MP215DAM3, STM32MP215DAN3, STM32MP215DAO3, STM32MP215F-DK, STM32MP215FAL3, STM32MP215FAM3, STM32MP215FAN3, STM32MP215FAO3, STM32MP231AAJ3, STM32MP231AAK3, STM32MP231AAL3, STM32MP231CAJ3, STM32MP231CAK3, STM32MP231CAL3, STM32MP231DAJ3, STM32MP231DAK3, STM32MP231DAL3, STM32MP231FAJ3, STM32MP231FAK3, STM32MP231FAL3, STM32MP233AAJ3, STM32MP233AAK3, STM32MP233AAL3, STM32MP233CAJ3, STM32MP233CAK3, STM32MP233CAL3, STM32MP233DAJ3, STM32MP233DAK3, STM32MP233DAL3, STM32MP233FAJ3, STM32MP233FAK3, STM32MP233FAL3, STM32MP235AAJ3, STM32MP235AAK3, STM32MP235AAL3, STM32MP235CAJ3, STM32MP235CAK3, STM32MP235CAL3, STM32MP235DAJ3, STM32MP235DAK3, STM32MP235DAL3, STM32MP235FAJ3, STM32MP235FAK3, STM32MP235FAL3, STM32MP251AAI3, STM32MP251AAK3, STM32MP251AAL3, STM32MP251CAI3, STM32MP251CAK3, STM32MP251CAL3, STM32MP251DAI3, STM32MP251DAK3, STM32MP251DAL3, STM32MP251FAI3, STM32MP251FAK3, STM32MP251FAL3, STM32MP253AAI3, STM32MP253AAK3, STM32MP253AAL3, STM32MP253CAI3, STM32MP253CAK3, STM32MP253CAL3, STM32MP253DAI3, STM32MP253DAK3, STM32MP253DAL3, STM32MP253FAI3, STM32MP253FAK3, STM32MP253FAL3, STM32MP255AAI3, STM32MP255AAK3, STM32MP255AAL3, STM32MP255CAI3, STM32MP255CAK3, STM32MP255CAL3, STM32MP255DAI3, STM32MP255DAK3, STM32MP255DAL3, STM32MP255FAI3, STM32MP255FAK3, STM32MP255FAL3, STM32MP257AAI3, STM32MP257AAK3, STM32MP257AAL3, STM32MP257CAI3, STM32MP257CAK3, STM32MP257CAL3, STM32MP257DAI3, STM32MP257DAK3, STM32MP257DAL3, STM32MP257F-DK, STM32MP257F-EV1, STM32MP257FAI3, STM32MP257FAK3, STM32MP257FAL3, STM32N645A0H3Q, STM32N645B0H3Q, STM32N645I0H3Q, STM32N645L0H3Q, STM32N645X0H3Q, STM32N645Z0H3Q, STM32N647A0H3Q, STM32N647B0H3Q, STM32N647I0H3Q, STM32N647L0H3Q, STM32N647X0H3Q, STM32N647Z0H3Q, STM32N655A0H3Q, STM32N655B0H3Q, STM32N655I0H3Q, STM32N655L0H3Q, STM32N655X0H3Q, STM32N655Z0H3Q, STM32N6570-DK, STM32N657A0H3Q, STM32N657B0H3Q, STM32N657I0H3Q, STM32N657L0H3Q, STM32N657X0H3Q, STM32N657Z0H3Q, STM32U031C6T6, STM32U031C6U6, STM32U031C8T6, STM32U031C8U6, STM32U031F4P6, STM32U031F6P6, STM32U031F8P6, STM32U031G6Y6TR, STM32U031G8Y6TR, STM32U031K4U6, STM32U031K6U6, STM32U031K8U6, STM32U031R6I6, STM32U031R6T6, STM32U031R8I6, STM32U031R8T6, STM32U073C8T6, STM32U073C8U6, STM32U073CBT6, STM32U073CBU6, STM32U073CCT6, STM32U073CCU6, STM32U073H8Y6TR, STM32U073HBY6TR, STM32U073HCY6TR, STM32U073K8U6, STM32U073KBU6, STM32U073KCU6, STM32U073M8I6, STM32U073M8T6, STM32U073MBI6, STM32U073MBT6, STM32U073MCI6, STM32U073MCT6, STM32U073R8I6, STM32U073R8T6, STM32U073RBI6, STM32U073RBT6, STM32U073RCI6, STM32U073RCT6, STM32U083C-DK, STM32U083CCT6, STM32U083CCU6, STM32U083HCY6TR, STM32U083KCU6, STM32U083MCI6, STM32U083MCT6, STM32U083RCI6, STM32U083RCT6, STM32U375CET6, STM32U375CET6Q, STM32U375CEU6, STM32U375CEU6Q, STM32U375CEY6QTR, STM32U375CGT6, STM32U375CGT6Q, STM32U375CGU6, STM32U375CGU6Q, STM32U375CGY6QTR, STM32U375KEU6, STM32U375KGU6, STM32U375REI6, STM32U375REI6Q, STM32U375RET6, STM32U375RET6Q, STM32U375REY6GTR, STM32U375REY6QTR, STM32U375RGI6, STM32U375RGI6Q, STM32U375RGT6, STM32U375RGT6Q, STM32U375RGY6GTR, STM32U375RGY6QTR, STM32U375VEI6, STM32U375VEI6Q, STM32U375VET6, STM32U375VET6Q, STM32U375VGI6, STM32U375VGI6Q, STM32U375VGT6, STM32U375VGT6Q, STM32U385CGT6, STM32U385CGT6Q, STM32U385CGU6, STM32U385CGU6Q, STM32U385CGY6QTR, STM32U385KGU6, STM32U385RGI6, STM32U385RGI6Q, STM32U385RGT6, STM32U385RGT6Q, STM32U385RGY6GTR, STM32U385RGY6QTR, STM32U385VGI6, STM32U385VGI6Q, STM32U385VGT6, STM32U385VGT6Q, STM32U535CBT6, STM32U535CBT6Q, STM32U535CBU6, STM32U535CBU6Q, STM32U535CCT6, STM32U535CCT6Q, STM32U535CCU6, STM32U535CCU6Q, STM32U535CET6, STM32U535CET6Q, STM32U535CEU6, STM32U535CEU6Q, STM32U535JEY6QTR, STM32U535NCY6QTR, STM32U535NEY6QTR, STM32U535RBI6, STM32U535RBI6Q, STM32U535RBT6, STM32U535RBT6Q, STM32U535RCI6, STM32U535RCI6Q, STM32U535RCT6, STM32U535RCT6Q, STM32U535REI6, STM32U535REI6Q, STM32U535RET6, STM32U535RET6Q, STM32U535VCI6, STM32U535VCI6Q, STM32U535VCT6, STM32U535VCT6Q, STM32U535VEI6, STM32U535VEI6Q, STM32U535VET6, STM32U535VET6Q, STM32U545CET6, STM32U545CET6Q, STM32U545CEU6, STM32U545CEU6Q, STM32U545JEY6QTR, STM32U545NEY6QTR, STM32U545REI6, STM32U545REI6Q, STM32U545RET6, STM32U545RET6Q, STM32U545VEI6, STM32U545VEI6Q, STM32U545VET6, STM32U545VET6Q, STM32U595AIH6, STM32U595AIH6Q, STM32U595AJH6, STM32U595AJH6Q, STM32U595QII6, STM32U595QII6Q, STM32U595QJI6, STM32U595QJI6Q, STM32U595RIT6, STM32U595RIT6Q, STM32U595RJT6, STM32U595RJT6Q, STM32U595VIT6, STM32U595VIT6Q, STM32U595VJT6, STM32U595VJT6Q, STM32U595ZIT6, STM32U595ZIT6Q, STM32U595ZIY6QTR, STM32U595ZJT6, STM32U595ZJT6Q, STM32U595ZJY6QTR, STM32U599BJY6QTR, STM32U599NIH6Q, STM32U599NJH6Q, STM32U599VIT6Q, STM32U599VJT6, STM32U599VJT6Q, STM32U599ZIT6Q, STM32U599ZIY6QTR, STM32U599ZJT6Q, STM32U599ZJY6QTR, STM32U5A5AJH6, STM32U5A5AJH6Q, STM32U5A5QII3Q , STM32U5A5QJI6, STM32U5A5QJI6Q, STM32U5A5RJT6, STM32U5A5RJT6Q, STM32U5A5VJT6, STM32U5A5VJT6Q, STM32U5A5ZJT6, STM32U5A5ZJT6Q, STM32U5A5ZJY6QTR, STM32U5A9BJY6QTR, STM32U5A9J-DK, STM32U5A9NJH6Q, STM32U5A9VJT6Q, STM32U5A9ZJT6Q, STM32U5A9ZJY6QTR, STM32U5F7VIT6, STM32U5F7VIT6Q, STM32U5F7VJT6, STM32U5F7VJT6Q, STM32U5F9BJY6QTR, STM32U5F9NJH6Q, STM32U5F9VIT6Q, STM32U5F9VJT6Q, STM32U5F9ZIJ6QTR, STM32U5F9ZIT6Q, STM32U5F9ZJJ6QTR, STM32U5F9ZJT6Q, STM32U5G7VJT6, STM32U5G7VJT6Q, STM32U5G9BJY6QTR, STM32U5G9J-DK1, STM32U5G9J-DK2, STM32U5G9NJH6Q, STM32U5G9VJT6Q, STM32U5G9ZJJ6QTR, STM32U5G9ZJT6Q, STM32WB05KZV6TR, STM32WB05KZV7TR, STM32WB05TZF6TR, STM32WB05TZF7TR, STM32WB06CCF6TR, STM32WB06CCF7TR, STM32WB06CCV6TR, STM32WB06CCV7TR, STM32WB06KCV6TR, STM32WB06KCV7TR, STM32WB07CCF6TR, STM32WB07CCF7TR, STM32WB07CCV6TR, STM32WB07CCV7TR, STM32WB07KCV6TR, STM32WB07KCV7TR, STM32WB09KEV6TR, STM32WB09KEV7TR, STM32WB09TEF6TR, STM32WB09TEF7TR, STM32WB1MMCH6, STM32WBA50KGU6, STM32WBA50KGU6TR, STM32WBA52CEU6, STM32WBA52CEU6TR, STM32WBA52CEU7, STM32WBA52CEU7TR, STM32WBA52CGU6, STM32WBA52CGU6TR, STM32WBA52CGU6U, STM32WBA52CGU7, STM32WBA52CGU7TR, STM32WBA52KEU6, STM32WBA52KEU6TR, STM32WBA52KGU6, STM32WBA52KGU6TR, STM32WBA54CEU6, STM32WBA54CEU6TR, STM32WBA54CEU7, STM32WBA54CEU7TR, STM32WBA54CGU6, STM32WBA54CGU6TR, STM32WBA54CGU7, STM32WBA54CGU7TR, STM32WBA54KEU6, STM32WBA54KEU6TR, STM32WBA54KEU7, STM32WBA54KEU7TR, STM32WBA54KGU6, STM32WBA54KGU6TR, STM32WBA54KGU7, STM32WBA54KGU7TR, STM32WBA55CEU6, STM32WBA55CEU6TR, STM32WBA55CEU7, STM32WBA55CEU7TR, STM32WBA55CGU6, STM32WBA55CGU6TR, STM32WBA55CGU6U, STM32WBA55CGU7, STM32WBA55CGU7TR, STM32WBA55G-DK1, STM32WBA55HEF6, STM32WBA55HEF7, STM32WBA55HGF6, STM32WBA55HGF7, STM32WBA55UEI6, STM32WBA55UEI6TR, STM32WBA55UEI7, STM32WBA55UEI7TR, STM32WBA55UGI6, STM32WBA55UGI6TR, STM32WBA55UGI7, STM32WBA55UGI7TR, STM32WBA5MMGH6TR, STM32WBA62MGF6, STM32WBA62MIF6, STM32WBA65MGF7, STM32WBA65MIF6, STM32WBA65MIF7, STM32WL30K8V6, STM32WL30KBV6, STM32WL31C8V6, STM32WL31CBV6, STM32WL31K8V6, STM32WL31KBV6, STM32WL33C8V6, STM32WL33C8V6X, STM32WL33CBV6, STM32WL33CBV6X, STM32WL33CCV6, STM32WL33CCV6A, STM32WL33CCV6X, STM32WL33K8V7, STM32WL33K8V7X, STM32WL33KBV7 , STM32WL33KBV7X, STM32WL33KCV7, STM32WL33KCV7X, STM32WL5MOCH6, STM32WL5MOCH6TR]
2026-05-22 14:03:15,962 [INFO] DbMcus:218 - Found 5086 MCUs, 4968 are supported
2026-05-22 14:03:15,966 [INFO] ApiDb:423 - Load user favorites file C:\Users\matuh/.stm32cubeide/favorites.mcus.txt: 1 item(s)
2026-05-22 14:03:15,966 [INFO] ApiDb:427 - User favorites MCUs=[STM32G491REI6]
2026-05-22 14:03:15,967 [INFO] DbMcus:224 - Set 1 / 1 favorites MCUs
2026-05-22 14:03:17,707 [INFO] BoardInfo:889 - No configuration file found for board NUCLEO-H5E5ZJ
2026-05-22 14:03:17,709 [INFO] DbBoards:161 - Board is not supported: NUCLEO-H5E5ZJ
2026-05-22 14:03:17,865 [INFO] BoardInfo:889 - No configuration file found for board NUCLEO-U3C5ZI-Q
2026-05-22 14:03:17,866 [INFO] DbBoards:161 - Board is not supported: NUCLEO-U3C5ZI-Q
2026-05-22 14:03:17,907 [INFO] BoardInfo:889 - No configuration file found for board NUCLEO-WBA25CE1
2026-05-22 14:03:17,908 [INFO] DbBoards:161 - Board is not supported: NUCLEO-WBA25CE1
2026-05-22 14:03:17,932 [INFO] BoardInfo:889 - No configuration file found for board NUCLEO-WL3RKB1
2026-05-22 14:03:17,934 [INFO] DbBoards:161 - Board is not supported: NUCLEO-WL3RKB1
2026-05-22 14:03:17,937 [INFO] BoardInfo:889 - No configuration file found for board NUCLEO-WL3RKB2
2026-05-22 14:03:17,939 [INFO] DbBoards:161 - Board is not supported: NUCLEO-WL3RKB2
2026-05-22 14:03:17,961 [INFO] BoardInfo:889 - No configuration file found for board P-NUCLEO-WB55
2026-05-22 14:03:17,963 [INFO] DbBoards:161 - Kit is not supported: P-NUCLEO-WB55
2026-05-22 14:03:17,980 [INFO] BoardInfo:889 - No configuration file found for board STEVAL-BFA001V1B
2026-05-22 14:03:17,982 [INFO] DbBoards:161 - Kit is not supported: STEVAL-BFA001V1B
2026-05-22 14:03:17,987 [INFO] BoardInfo:889 - No configuration file found for board STEVAL-BFA001V2B
2026-05-22 14:03:17,987 [INFO] DbBoards:161 - Kit is not supported: STEVAL-BFA001V2B
2026-05-22 14:03:18,258 [INFO] BoardInfo:889 - No configuration file found for board STM32H5F5J-DK
2026-05-22 14:03:18,259 [INFO] DbBoards:161 - Board is not supported: STM32H5F5J-DK
2026-05-22 14:03:18,525 [INFO] DbBoards:168 - Found 218 boards, 209 are supported
2026-05-22 14:03:18,526 [INFO] DbBoards:169 - Found 218 boards, 43 of them is supported for  Bsp
2026-05-22 14:03:18,536 [INFO] ApiDb:423 - Load user favorites file C:\Users\matuh/.stm32cubeide/favorites.boards.txt: 1 item(s)
2026-05-22 14:03:18,537 [INFO] ApiDb:427 - User favorites Boards=[NUCLEO-G491RE]
2026-05-22 14:03:18,537 [INFO] DbBoards:198 - Set 1 / 1 favorites Boards
2026-05-22 14:03:18,587 [INFO] UtilMem:75 - End LoadConfig() Used Memory: 328633224 Bytes (570425344)
2026-05-22 14:03:18,979 [WARN] ThirdParty:833 - waiting for thirdparty lock release [change project]
2026-05-22 14:03:18,979 [INFO] ThirdParty:835 - entering critical section [change project]
2026-05-22 14:03:18,980 [INFO] ThirdParty:1030 - CMSIS Pack Vendor :STMicroelectronics X-CUBE-AZRTOS-H7 3.5.0
2026-05-22 14:03:18,980 [INFO] ThirdParty:1030 - CMSIS Pack Vendor :STMicroelectronics X-CUBE-PM33A1 1.0.0
2026-05-22 14:03:18,980 [INFO] ThirdParty:1030 - CMSIS Pack Vendor :STMicroelectronics USBPD 4.1
2026-05-22 14:03:18,980 [INFO] ThirdParty:1030 - CMSIS Pack Vendor :STMicroelectronics X-CUBE-GNSS1 6.0.0
2026-05-22 14:03:18,980 [INFO] ThirdParty:1030 - CMSIS Pack Vendor :STMicroelectronics USB_HOST 2.0.0
2026-05-22 14:03:18,980 [INFO] ThirdParty:1030 - CMSIS Pack Vendor :STMicroelectronics FP-SNS-MOTENVWB1 1.4.0
2026-05-22 14:03:18,980 [INFO] ThirdParty:1030 - CMSIS Pack Vendor :STMicroelectronics X-CUBE-AZRTOS-F4 1.1.0
2026-05-22 14:03:18,980 [INFO] ThirdParty:1030 - CMSIS Pack Vendor :STMicroelectronics LIBJPEG 8.0.0
2026-05-22 14:03:18,980 [INFO] ThirdParty:1030 - CMSIS Pack Vendor :STMicroelectronics FP-ATR-ASTRA1 2.0.2
2026-05-22 14:03:18,980 [INFO] ThirdParty:1030 - CMSIS Pack Vendor :STMicroelectronics FP-ATR-ASTRA1 2.0.1
2026-05-22 14:03:18,980 [INFO] ThirdParty:1030 - CMSIS Pack Vendor :wolfSSL I-CUBE-wolfSSL 5.6.3
2026-05-22 14:03:18,980 [INFO] ThirdParty:1030 - CMSIS Pack Vendor :Avnet-IotConnect X-CUBE-IoTC-DA16k-PMOD 1.0.0
2026-05-22 14:03:18,980 [INFO] ThirdParty:1030 - CMSIS Pack Vendor :STMicroelectronics X-CUBE-SMBUS 2.1.0
2026-05-22 14:03:18,981 [INFO] ThirdParty:1030 - CMSIS Pack Vendor :STMicroelectronics X-CUBE-WB05N 1.1.0
2026-05-22 14:03:18,981 [INFO] ThirdParty:1030 - CMSIS Pack Vendor :STMicroelectronics X-CUBE-ISPU 2.1.0
2026-05-22 14:03:18,981 [INFO] ThirdParty:1030 - CMSIS Pack Vendor :STMicroelectronics X-CUBE-IPS 3.2.0
2026-05-22 14:03:18,981 [INFO] ThirdParty:1030 - CMSIS Pack Vendor :STMicroelectronics eDS-WB_DPC_TT-BIDIR 2.1.1
2026-05-22 14:03:18,981 [INFO] ThirdParty:1030 - CMSIS Pack Vendor :STMicroelectronics X-CUBE-FREERTOS 1.2.0
2026-05-22 14:03:18,981 [INFO] ThirdParty:1030 - CMSIS Pack Vendor :STMicroelectronics X-CUBE-ST60 1.0.0
2026-05-22 14:03:18,982 [INFO] ThirdParty:1030 - CMSIS Pack Vendor :STMicroelectronics X-CUBE-TOUCHGFX 4.23.1
2026-05-22 14:03:18,982 [INFO] ThirdParty:1030 - CMSIS Pack Vendor :STMicroelectronics X-CUBE-TOUCHGFX 4.23.0
2026-05-22 14:03:18,982 [INFO] ThirdParty:1030 - CMSIS Pack Vendor :STMicroelectronics X-CUBE-NFC12 1.0.0
2026-05-22 14:03:18,982 [INFO] ThirdParty:1030 - CMSIS Pack Vendor :STMicroelectronics X-CUBE-TOUCHGFX 4.23.2
2026-05-22 14:03:18,982 [INFO] ThirdParty:1030 - CMSIS Pack Vendor :STMicroelectronics X-CUBE-AZRTOS-F7 1.1.0
2026-05-22 14:03:18,982 [INFO] ThirdParty:1030 - CMSIS Pack Vendor :STMicroelectronics X-CUBE-AZRTOS-L5 2.0.0
2026-05-22 14:03:18,982 [INFO] ThirdParty:1030 - CMSIS Pack Vendor :STMicroelectronics USB_DEVICE 2.0.0
2026-05-22 14:03:18,982 [INFO] ThirdParty:1030 - CMSIS Pack Vendor :STMicroelectronics X-CUBE-MEMS1 9.6.0
2026-05-22 14:03:18,982 [INFO] ThirdParty:1030 - CMSIS Pack Vendor :STMicroelectronics X-CUBE-EEPRMA1 4.2.0
2026-05-22 14:03:18,982 [INFO] ThirdParty:1030 - CMSIS Pack Vendor :STMicroelectronics X-CUBE-NFC6 3.1.0
2026-05-22 14:03:18,982 [INFO] ThirdParty:1030 - CMSIS Pack Vendor :ITTIA_DB I-CUBE-ITTIADB 8.8.0
2026-05-22 14:03:18,982 [INFO] ThirdParty:1030 - CMSIS Pack Vendor :STMicroelectronics FP-SNS-MOTENV1 4.3.2
2026-05-22 14:03:18,982 [INFO] ThirdParty:1030 - CMSIS Pack Vendor :STMicroelectronics X-CUBE-MEMS1 11.0.0
2026-05-22 14:03:18,982 [INFO] ThirdParty:1030 - CMSIS Pack Vendor :STMicroelectronics X-CUBE-BLE1 6.2.4
2026-05-22 14:03:18,982 [INFO] ThirdParty:1030 - CMSIS Pack Vendor :STMicroelectronics FP-SNS-MOTENV1 5.1.0
2026-05-22 14:03:18,983 [INFO] ThirdParty:1030 - CMSIS Pack Vendor :STMicroelectronics FreeRTOS 0.0.1
2026-05-22 14:03:18,983 [INFO] ThirdParty:1030 - CMSIS Pack Vendor :STMicroelectronics X-CUBE-BLEMGR 2.0.0
2026-05-22 14:03:18,983 [INFO] ThirdParty:1030 - CMSIS Pack Vendor :STMicroelectronics X-CUBE-DPower 1.2.0
2026-05-22 14:03:18,983 [INFO] ThirdParty:1030 - CMSIS Pack Vendor :STMicroelectronics eDS-WB_DPC_VIENNA 1.2.0
2026-05-22 14:03:18,983 [INFO] ThirdParty:1030 - CMSIS Pack Vendor :STMicroelectronics FP-SNS-FLIGHT1 5.0.2
2026-05-22 14:03:18,983 [INFO] ThirdParty:1030 - CMSIS Pack Vendor :STMicroelectronics eDS-WB_DPC_3PH2L-BIDIR 1.1.1
2026-05-22 14:03:18,983 [INFO] ThirdParty:1030 - CMSIS Pack Vendor :STMicroelectronics X-CUBE-AI 9.0.0
2026-05-22 14:03:18,983 [INFO] ThirdParty:1030 - CMSIS Pack Vendor :STMicroelectronics X-CUBE-AZRTOS-H7 3.1.0
2026-05-22 14:03:18,983 [INFO] ThirdParty:1030 - CMSIS Pack Vendor :STMicroelectronics PDM2PCM 3.3.0
2026-05-22 14:03:18,983 [INFO] ThirdParty:1030 - CMSIS Pack Vendor :STMicroelectronics X-CUBE-AZRTOS-H7 3.4.0
2026-05-22 14:03:18,983 [INFO] ThirdParty:1030 - CMSIS Pack Vendor :STMicroelectronics X-CUBE-DISPLAY 3.0.0
2026-05-22 14:03:18,983 [INFO] ThirdParty:1030 - CMSIS Pack Vendor :STMicroelectronics X-CUBE-GNSS1 7.1.1
2026-05-22 14:03:18,983 [INFO] ThirdParty:1030 - CMSIS Pack Vendor :STMicroelectronics FP-SNS-MOTENVWB1 1.5.0
2026-05-22 14:03:18,984 [INFO] ThirdParty:1030 - CMSIS Pack Vendor :STMicroelectronics X-CUBE-BLE1 7.0.0
2026-05-22 14:03:18,984 [INFO] ThirdParty:1030 - CMSIS Pack Vendor :STMicroelectronics X-CUBE-NFC10 1.0.0
2026-05-22 14:03:18,984 [INFO] ThirdParty:1030 - CMSIS Pack Vendor :STMicroelectronics X-CUBE-BLEMGR 4.0.0
2026-05-22 14:03:18,984 [INFO] ThirdParty:1030 - CMSIS Pack Vendor :STMicroelectronics X-CUBE-FREERTOS 1.3.1
2026-05-22 14:03:18,985 [INFO] ThirdParty:1030 - CMSIS Pack Vendor :STMicroelectronics HAL Drivers 0.0.0
2026-05-22 14:03:18,985 [INFO] ThirdParty:1030 - CMSIS Pack Vendor :STMicroelectronics X-CUBE-ST60 1.1.0
2026-05-22 14:03:18,985 [INFO] ThirdParty:1030 - CMSIS Pack Vendor :emotas I-CUBE-CANOPEN 1.3.0
2026-05-22 14:03:18,985 [INFO] ThirdParty:1030 - CMSIS Pack Vendor :STMicroelectronics X-CUBE-FREERTOS 1.3.0
2026-05-22 14:03:18,985 [INFO] ThirdParty:1030 - CMSIS Pack Vendor :STMicroelectronics X-CUBE-TOUCHGFX 4.22.0
2026-05-22 14:03:18,985 [INFO] ThirdParty:1030 - CMSIS Pack Vendor :STMicroelectronics X-CUBE-NFC7 1.0.1
2026-05-22 14:03:18,986 [INFO] ThirdParty:1030 - CMSIS Pack Vendor :STMicroelectronics MBEDTLS 2.14.1
2026-05-22 14:03:18,986 [INFO] ThirdParty:1030 - CMSIS Pack Vendor :STMicroelectronics X-CUBE-GNSS1 7.1.0
2026-05-22 14:03:18,986 [INFO] ThirdParty:1030 - CMSIS Pack Vendor :STMicroelectronics X-CUBE-TOUCHGFX 4.22.1
2026-05-22 14:03:18,986 [INFO] ThirdParty:1030 - CMSIS Pack Vendor :wolfSSL I-CUBE-wolfTPM 3.2.0
2026-05-22 14:03:18,986 [INFO] ThirdParty:1030 - CMSIS Pack Vendor :STMicroelectronics X-CUBE-TOUCHGFX 4.26.0
2026-05-22 14:03:18,986 [INFO] ThirdParty:1030 - CMSIS Pack Vendor :STMicroelectronics X-CUBE-NFC6 3.0.0
2026-05-22 14:03:18,987 [INFO] ThirdParty:1030 - CMSIS Pack Vendor :STMicroelectronics X-CUBE-TOUCHGFX 4.26.1
2026-05-22 14:03:18,987 [INFO] ThirdParty:1030 - CMSIS Pack Vendor :STMicroelectronics X-CUBE-EEPRMA1 4.1.0
2026-05-22 14:03:18,987 [INFO] ThirdParty:1030 - CMSIS Pack Vendor :STMicroelectronics X-CUBE-BLEMGR 3.1.0
2026-05-22 14:03:18,987 [INFO] ThirdParty:1030 - CMSIS Pack Vendor :STMicroelectronics X-CUBE-AI 10.0.0
2026-05-22 14:03:18,987 [INFO] ThirdParty:1030 - CMSIS Pack Vendor :STMicroelectronics FP-SNS-STBOX1 2.1.0
2026-05-22 14:03:18,987 [INFO] ThirdParty:1030 - CMSIS Pack Vendor :STMicroelectronics FP-SNS-STAIOTCFT 1.0.0
2026-05-22 14:03:18,988 [INFO] ThirdParty:1030 - CMSIS Pack Vendor :STMicroelectronics FP-SNS-SMARTAG2 1.2.0
2026-05-22 14:03:18,988 [INFO] ThirdParty:1030 - CMSIS Pack Vendor :STMicroelectronics FP-SNS-FLIGHT1 5.1.0
2026-05-22 14:03:18,988 [INFO] ThirdParty:1030 - CMSIS Pack Vendor :STMicroelectronics X-CUBE-MEMS1 11.1.0
2026-05-22 14:03:18,988 [INFO] ThirdParty:1030 - CMSIS Pack Vendor :STMicroelectronics X-CUBE-AZRTOS-WL 2.0.0
2026-05-22 14:03:18,988 [INFO] ThirdParty:1030 - CMSIS Pack Vendor :STMicroelectronics X-CUBE-DPower 1.3.0
2026-05-22 14:03:18,988 [INFO] ThirdParty:1030 - CMSIS Pack Vendor :STMicroelectronics FP-SNS-MOTENV1 5.0.0
2026-05-22 14:03:18,988 [INFO] ThirdParty:1030 - CMSIS Pack Vendor :STMicroelectronics USB_DEVICE 1.0.0
2026-05-22 14:03:18,989 [INFO] ThirdParty:1030 - CMSIS Pack Vendor :STMicroelectronics X-CUBE-AZRTOS-H7RS 1.2.0
2026-05-22 14:03:18,989 [INFO] ThirdParty:1030 - CMSIS Pack Vendor :STMicroelectronics X-CUBE-AI 8.1.0
2026-05-22 14:03:18,989 [INFO] ThirdParty:1030 - CMSIS Pack Vendor :wolfSSL I-CUBE-wolfMQTT 1.19.0
2026-05-22 14:03:18,989 [INFO] ThirdParty:1030 - CMSIS Pack Vendor :STMicroelectronics X-CUBE-AZRTOS-L4 2.0.0
2026-05-22 14:03:18,989 [INFO] ThirdParty:1030 - CMSIS Pack Vendor :STMicroelectronics ThreadX 0.0.2
2026-05-22 14:03:18,989 [INFO] ThirdParty:1030 - CMSIS Pack Vendor :WES I-CUBE-Cesium 1.3.0
2026-05-22 14:03:18,989 [INFO] ThirdParty:1030 - CMSIS Pack Vendor :STMicroelectronics lwIP 2.1.2
2026-05-22 14:03:18,990 [INFO] ThirdParty:1030 - CMSIS Pack Vendor :STMicroelectronics X-CUBE-SFXS2LP1 4.0.0
2026-05-22 14:03:18,990 [INFO] ThirdParty:1030 - CMSIS Pack Vendor :STMicroelectronics X-CUBE-BLE2 3.3.0
2026-05-22 14:03:18,990 [INFO] ThirdParty:1030 - CMSIS Pack Vendor :Avnet-IOTCONNECT X-CUBE-iotc-st67-sdk 1.0.0
2026-05-22 14:03:18,990 [INFO] ThirdParty:1030 - CMSIS Pack Vendor :STMicroelectronics PDM2PCM 3.2.0
2026-05-22 14:03:18,990 [INFO] ThirdParty:1030 - CMSIS Pack Vendor :STMicroelectronics X-CUBE-WB05N 2.1.0
2026-05-22 14:03:18,990 [INFO] ThirdParty:1030 - CMSIS Pack Vendor :STMicroelectronics X-CUBE-ST67W61 1.2.0
2026-05-22 14:03:18,990 [INFO] ThirdParty:1030 - CMSIS Pack Vendor :STMicroelectronics X-CUBE-ISPU 1.1.0
2026-05-22 14:03:18,990 [INFO] ThirdParty:1030 - CMSIS Pack Vendor :STMicroelectronics X-CUBE-AZRTOS-H7 3.3.0
2026-05-22 14:03:18,990 [INFO] ThirdParty:1030 - CMSIS Pack Vendor :STMicroelectronics X-CUBE-NFC9 1.0.0
2026-05-22 14:03:18,990 [INFO] ThirdParty:1030 - CMSIS Pack Vendor :STMicroelectronics X-CUBE-BLE1 7.1.0
2026-05-22 14:03:18,990 [INFO] ThirdParty:1030 - CMSIS Pack Vendor :STMicroelectronics USB_DEVICE 3.0.0
2026-05-22 14:03:18,990 [INFO] ThirdParty:1030 - CMSIS Pack Vendor :STMicroelectronics X-CUBE-TCPP 4.1.0
2026-05-22 14:03:18,990 [INFO] ThirdParty:1030 - CMSIS Pack Vendor :STMicroelectronics X-CUBE-FREERTOS 1.4.0
2026-05-22 14:03:18,990 [INFO] ThirdParty:1030 - CMSIS Pack Vendor :STMicroelectronics X-CUBE-EEPRMA1 5.2.0
2026-05-22 14:03:18,990 [INFO] ThirdParty:1030 - CMSIS Pack Vendor :STMicroelectronics X-CUBE-BLEMGR 4.1.0
2026-05-22 14:03:18,990 [INFO] ThirdParty:1030 - CMSIS Pack Vendor :STMicroelectronics X-CUBE-IPS 3.0.0
2026-05-22 14:03:18,990 [INFO] ThirdParty:1030 - CMSIS Pack Vendor :STMicroelectronics X-CUBE-AZRTOS-WB 2.0.0
2026-05-22 14:03:18,990 [INFO] ThirdParty:1030 - CMSIS Pack Vendor :STMicroelectronics X-CUBE-FREERTOS 1.0.1
2026-05-22 14:03:18,990 [INFO] ThirdParty:1030 - CMSIS Pack Vendor :STMicroelectronics X-CUBE-GNSS1 7.0.0
2026-05-22 14:03:18,990 [INFO] ThirdParty:1030 - CMSIS Pack Vendor :STMicroelectronics X-CUBE-GNSS1 7.0.1
2026-05-22 14:03:18,990 [INFO] ThirdParty:1030 - CMSIS Pack Vendor :STMicroelectronics X-CUBE-TOUCHGFX 4.25.0
2026-05-22 14:03:18,990 [INFO] ThirdParty:1030 - CMSIS Pack Vendor :STMicroelectronics X-CUBE-ST67W61 1.1.0
2026-05-22 14:03:18,991 [INFO] ThirdParty:1030 - CMSIS Pack Vendor :STMicroelectronics X-CUBE-AI 10.1.0
2026-05-22 14:03:18,991 [INFO] ThirdParty:1030 - CMSIS Pack Vendor :STMicroelectronics FP-SNS-STBOX1 2.0.0
2026-05-22 14:03:18,991 [INFO] ThirdParty:1030 - CMSIS Pack Vendor :STMicroelectronics FP-SNS-STAIOTCFT 1.1.0
2026-05-22 14:03:18,992 [INFO] ThirdParty:1030 - CMSIS Pack Vendor :STMicroelectronics X-CUBE-MEMS1 12.0.0
2026-05-22 14:03:18,992 [INFO] ThirdParty:1030 - CMSIS Pack Vendor :STMicroelectronics X-CUBE-ALGOBUILD 1.3.0
2026-05-22 14:03:18,993 [INFO] ThirdParty:1030 - CMSIS Pack Vendor :STMicroelectronics X-CUBE-STSE01 2.0.0
2026-05-22 14:03:18,993 [INFO] ThirdParty:1030 - CMSIS Pack Vendor :STMicroelectronics X-CUBE-AZRTOS-L5 1.1.0
2026-05-22 14:03:18,993 [INFO] ThirdParty:1030 - CMSIS Pack Vendor :STMicroelectronics X-CUBE-MEMS1 11.2.0
2026-05-22 14:03:18,993 [INFO] ThirdParty:1030 - CMSIS Pack Vendor :STMicroelectronics X-CUBE-AZRTOS-G0 1.1.0
2026-05-22 14:03:18,993 [INFO] ThirdParty:1030 - CMSIS Pack Vendor :STMicroelectronics X-CUBE-AI 8.0.1
2026-05-22 14:03:18,994 [INFO] ThirdParty:1030 - CMSIS Pack Vendor :STMicroelectronics X-CUBE-SAFEA1 1.2.2
2026-05-22 14:03:18,994 [INFO] ThirdParty:1030 - CMSIS Pack Vendor :STMicroelectronics X-CUBE-NFC4 3.0.0
2026-05-22 14:03:18,994 [INFO] ThirdParty:1030 - CMSIS Pack Vendor :STMicroelectronics X-CUBE-SUBG2 5.0.0
2026-05-22 14:03:18,994 [INFO] ThirdParty:1030 - CMSIS Pack Vendor :STMicroelectronics X-CUBE-AZRTOS-H7RS 1.1.0
2026-05-22 14:03:18,994 [INFO] ThirdParty:1030 - CMSIS Pack Vendor :STMicroelectronics STM32_WPAN 1.0.0
2026-05-22 14:03:18,994 [INFO] ThirdParty:1030 - CMSIS Pack Vendor :EmbeddedOffice I-CUBE-FS-RTOS 1.0.1
2026-05-22 14:03:18,994 [INFO] ThirdParty:1030 - CMSIS Pack Vendor :STMicroelectronics lwIP 2.0.3
2026-05-22 14:03:18,994 [INFO] ThirdParty:1030 - CMSIS Pack Vendor :Cesanta I-CUBE-Mongoose 7.13.0
2026-05-22 14:03:18,995 [INFO] ThirdParty:1030 - CMSIS Pack Vendor :STMicroelectronics USB_HOST 1.0.0
2026-05-22 14:03:18,995 [INFO] ThirdParty:1030 - CMSIS Pack Vendor :STMicroelectronics X-CUBE-TOF1 3.3.1
2026-05-22 14:03:18,995 [INFO] ThirdParty:1030 - CMSIS Pack Vendor :STMicroelectronics X-CUBE-AZRTOS-G4 2.0.0
2026-05-22 14:03:18,995 [INFO] ThirdParty:1030 - CMSIS Pack Vendor :STMicroelectronics X-CUBE-WB05N 2.0.0
2026-05-22 14:03:18,995 [INFO] ThirdParty:1030 - CMSIS Pack Vendor :STMicroelectronics PDM2PCM 3.1.0
2026-05-22 14:03:18,995 [INFO] ThirdParty:1030 - CMSIS Pack Vendor :Infineon AIROC-Wi-Fi-Bluetooth-STM32 1.5.1
2026-05-22 14:03:18,995 [INFO] ThirdParty:1030 - CMSIS Pack Vendor :STMicroelectronics X-CUBE-BLEMGR 3.0.0
2026-05-22 14:03:18,995 [INFO] ThirdParty:1030 - CMSIS Pack Vendor :STMicroelectronics FP-SNS-MOTENVWB1 1.3.0
2026-05-22 14:03:18,996 [INFO] ThirdParty:1030 - CMSIS Pack Vendor :STMicroelectronics X-CUBE-NFC7 2.0.0
2026-05-22 14:03:18,996 [INFO] ThirdParty:1030 - CMSIS Pack Vendor :STMicroelectronics X-CUBE-TCPP 4.2.0
2026-05-22 14:03:18,996 [INFO] ThirdParty:1030 - CMSIS Pack Vendor :RealThread X-CUBE-RT-Thread_Nano 4.1.1
2026-05-22 14:03:18,996 [INFO] ThirdParty:1030 - CMSIS Pack Vendor :STMicroelectronics FP-SNS-MOTENVWB1 1.3.1
2026-05-22 14:03:18,996 [INFO] ThirdParty:1030 - CMSIS Pack Vendor :STMicroelectronics FP-ATR-SIGFOX1 3.2.0
2026-05-22 14:03:18,996 [INFO] ThirdParty:1030 - CMSIS Pack Vendor :quantropi X-CUBE-qispace-sdk-base 1.9.3
2026-05-22 14:03:18,996 [INFO] ThirdParty:1030 - CMSIS Pack Vendor :STMicroelectronics X-CUBE-ISPU 2.0.0
2026-05-22 14:03:18,996 [INFO] ThirdParty:1030 - CMSIS Pack Vendor :STMicroelectronics X-CUBE-EEPRMA1 5.1.0
2026-05-22 14:03:18,996 [INFO] ThirdParty:1030 - CMSIS Pack Vendor :STMicroelectronics X-CUBE-FREERTOS 1.5.0
2026-05-22 14:03:18,996 [INFO] ThirdParty:1030 - CMSIS Pack Vendor :STMicroelectronics MBEDTLS 2.16.2
2026-05-22 14:03:18,996 [INFO] ThirdParty:1030 - CMSIS Pack Vendor :STMicroelectronics X-CUBE-IPS 3.1.0
2026-05-22 14:03:18,996 [INFO] ThirdParty:1030 - CMSIS Pack Vendor :STMicroelectronics X-CUBE-ALS 1.0.2
2026-05-22 14:03:18,996 [INFO] ThirdParty:1030 - CMSIS Pack Vendor :STMicroelectronics X-CUBE-MEMS1 10.0.0
2026-05-22 14:03:18,996 [INFO] ThirdParty:1030 - CMSIS Pack Vendor :STMicroelectronics X-CUBE-FREERTOS 1.1.0
2026-05-22 14:03:18,996 [INFO] ThirdParty:1030 - CMSIS Pack Vendor :STMicroelectronics X-CUBE-TOUCHGFX 4.24.0
2026-05-22 14:03:18,996 [INFO] ThirdParty:1030 - CMSIS Pack Vendor :STMicroelectronics X-CUBE-TOUCHGFX 4.24.2
2026-05-22 14:03:18,997 [INFO] ThirdParty:1030 - CMSIS Pack Vendor :STMicroelectronics X-CUBE-TOUCHGFX 4.24.1
2026-05-22 14:03:18,997 [INFO] ThirdParty:1030 - CMSIS Pack Vendor :STMicroelectronics X-CUBE-STSE01 1.0.0
2026-05-22 14:03:18,997 [INFO] ThirdParty:1030 - CMSIS Pack Vendor :portGmbH I-Cube-SoM-uGOAL 1.1.0
2026-05-22 14:03:18,997 [INFO] ThirdParty:1030 - CMSIS Pack Vendor :STMicroelectronics X-CUBE-ALS 1.0.1
2026-05-22 14:03:18,997 [INFO] ThirdParty:1030 - CMSIS Pack Vendor :STMicroelectronics X-CUBE-NFC6 3.2.0
2026-05-22 14:03:18,997 [INFO] ThirdParty:1030 - CMSIS Pack Vendor :STMicroelectronics X-CUBE-ST67W61 1.0.0
2026-05-22 14:03:18,997 [INFO] ThirdParty:1030 - CMSIS Pack Vendor :STMicroelectronics X-CUBE-AI 10.2.0
2026-05-22 14:03:18,997 [INFO] ThirdParty:1030 - CMSIS Pack Vendor :STMicroelectronics ThreadX 1.0.0
2026-05-22 14:03:18,997 [INFO] ThirdParty:1030 - CMSIS Pack Vendor :STMicroelectronics X-CUBE-MEMS1 12.1.0
2026-05-22 14:03:18,997 [INFO] ThirdParty:1030 - CMSIS Pack Vendor :STMicroelectronics X-CUBE-AZRTOS-WB 1.1.0
2026-05-22 14:03:18,997 [INFO] ThirdParty:1030 - CMSIS Pack Vendor :SEGGER I-CUBE-embOS 1.3.1
2026-05-22 14:03:18,997 [INFO] ThirdParty:1030 - CMSIS Pack Vendor :STMicroelectronics X-CUBE-ALGOBUILD 1.4.0
2026-05-22 14:03:18,997 [INFO] ThirdParty:1030 - CMSIS Pack Vendor :STMicroelectronics X-CUBE-MEMS1 11.3.0
2026-05-22 14:03:18,997 [INFO] ThirdParty:1030 - CMSIS Pack Vendor :STMicroelectronics X-CUBE-AZRTOS-H7RS 1.0.0
2026-05-22 14:03:18,997 [INFO] ThirdParty:1030 - CMSIS Pack Vendor :STMicroelectronics FP-ATR-ASTRA1 2.0.0
2026-05-22 14:03:18,997 [INFO] ThirdParty:1030 - CMSIS Pack Vendor :STMicroelectronics X-CUBE-TOF1 3.4.2
2026-05-22 14:03:18,997 [INFO] ThirdParty:1030 - CMSIS Pack Vendor :STMicroelectronics X-CUBE-TOF1 3.4.3
2026-05-22 14:03:18,997 [INFO] ThirdParty:1030 - CMSIS Pack Vendor :STMicroelectronics X-CUBE-AI 9.1.0
2026-05-22 14:03:18,997 [INFO] ThirdParty:1030 - CMSIS Pack Vendor :STMicroelectronics X-CUBE-TOF1 3.4.0
2026-05-22 14:03:18,997 [INFO] ThirdParty:1030 - CMSIS Pack Vendor :STMicroelectronics X-CUBE-TOF1 3.4.1
2026-05-22 14:03:18,997 [INFO] ThirdParty:1030 - CMSIS Pack Vendor :STMicroelectronics X-CUBE-AZRTOS-H7 3.2.0
2026-05-22 14:03:18,997 [INFO] ThirdParty:1030 - CMSIS Pack Vendor :wolfSSL I-CUBE-wolfSSH 1.4.17
2026-05-22 14:03:18,998 [INFO] ThirdParty:841 - exiting critical section [change project]
2026-05-22 14:03:19,709 [INFO] PinOutPanel:1589 - setPackage(No Configuration,No Configuration)
2026-05-22 14:03:19,715 [INFO] PinOutPanel:1589 - setPackage(STM32G030K6Tx,LQFP32)
2026-05-22 14:03:20,615 [INFO] UtilMem:75 - Before build in PCC Used Memory: 358400200 Bytes (601882624)
2026-05-22 14:03:23,112 [INFO] UtilMem:75 - After build in PCC Used Memory: 397719536 Bytes (637534208)
2026-05-22 14:03:23,191 [INFO] IPUIPlugin:80 - create IPUIPlugin
2026-05-22 14:03:23,192 [INFO] IPUIPlugin:80 - create IPUIPlugin
2026-05-22 14:03:23,192 [INFO] IPUIPlugin:80 - create IPUIPlugin
2026-05-22 14:03:23,192 [INFO] IPUIPlugin:80 - create IPUIPlugin
2026-05-22 14:03:23,192 [INFO] IPUIPlugin:80 - create IPUIPlugin
2026-05-22 14:03:23,193 [INFO] IPUIPlugin:80 - create IPUIPlugin
2026-05-22 14:03:23,194 [INFO] IPUIPlugin:80 - create IPUIPlugin
2026-05-22 14:03:23,194 [INFO] IPUIPlugin:80 - create IPUIPlugin
2026-05-22 14:03:23,194 [INFO] IPUIPlugin:80 - create IPUIPlugin
2026-05-22 14:03:23,195 [INFO] IPUIPlugin:80 - create IPUIPlugin
2026-05-22 14:03:23,195 [INFO] IPUIPlugin:80 - create IPUIPlugin
2026-05-22 14:03:23,196 [INFO] IPUIPlugin:80 - create IPUIPlugin
2026-05-22 14:03:23,196 [INFO] IPUIPlugin:80 - create IPUIPlugin
2026-05-22 14:03:23,196 [INFO] IPUIPlugin:80 - create IPUIPlugin
2026-05-22 14:03:23,197 [INFO] IPUIPlugin:80 - create IPUIPlugin
2026-05-22 14:03:23,197 [INFO] IPUIPlugin:80 - create IPUIPlugin
2026-05-22 14:03:23,197 [INFO] IPUIPlugin:80 - create IPUIPlugin
2026-05-22 14:03:23,198 [INFO] IPUIPlugin:80 - create IPUIPlugin
2026-05-22 14:03:23,198 [INFO] IPUIPlugin:80 - create IPUIPlugin
2026-05-22 14:03:23,198 [INFO] IPUIPlugin:80 - create IPUIPlugin
2026-05-22 14:03:23,199 [INFO] IPUIPlugin:80 - create IPUIPlugin
2026-05-22 14:03:23,199 [INFO] IPUIPlugin:80 - create IPUIPlugin
2026-05-22 14:03:23,200 [INFO] IPUIPlugin:80 - create IPUIPlugin
2026-05-22 14:03:23,200 [INFO] IPUIPlugin:80 - create IPUIPlugin
2026-05-22 14:03:23,201 [INFO] IPUIPlugin:80 - create IPUIPlugin
2026-05-22 14:03:23,894 [INFO] CADModel:165 - CPN selected for project levelSTM32G030K6T6
2026-05-22 14:03:23,894 [INFO] CADModel:114 - Register for checkConnection events
2026-05-22 14:03:23,941 [INFO] OpenFileManager:386 - Restore cursor
2026-05-22 14:08:50,138 [INFO] UtilMem:75 - End SaveConfig() Used Memory: 930145680 Bytes (1073741824)
2026-05-22 14:08:52,574 [INFO] UtilMem:75 - End SaveConfig() Used Memory: 693463336 Bytes (1073741824)
2026-05-22 14:08:54,254 [INFO] UtilMem:75 - End SaveConfig() Used Memory: 766233528 Bytes (1073741824)
2026-05-22 14:08:55,077 [INFO] BlockDiagram:2775 - set Specific Code input for plugin: NVIC
2026-05-22 14:08:55,078 [INFO] BlockDiagram:2775 - set Specific Code input for plugin: TIM1_8G0
2026-05-22 14:08:55,078 [INFO] BlockDiagram:2775 - set Specific Code input for plugin: TIM1_8G0
2026-05-22 14:08:55,078 [INFO] BlockDiagram:2775 - set Specific Code input for plugin: TIM1_8G0
2026-05-22 14:08:55,078 [INFO] BlockDiagram:2775 - set Specific Code input for plugin: SYS
2026-05-22 14:08:55,079 [INFO] BlockDiagram:2775 - set Specific Code input for plugin: GPIO
2026-05-22 14:08:55,079 [INFO] BlockDiagram:2775 - set Specific Code input for plugin: RCC
2026-05-22 14:08:55,081 [INFO] CodeGenerator:892 - code generatio: config db path: C:\Users\matuh\STM32CubeIDE_1.19.0\STM32CubeIDE\plugins\com.st.stm32cube.common.mx_6.15.0.202507011659\\db\
2026-05-22 14:08:55,275 [INFO] CodeEngine:265 - oldGeneratedFile, D:\MojeData\Projekty\SolderFumeExtractor\CubeIDE\FumeExtractor\MXTmpFiles\license.tmp_save
2026-05-22 14:08:55,847 [INFO] CodeEngine:289 - Generated code: D:\MojeData\Projekty\SolderFumeExtractor\CubeIDE\FumeExtractor\MXTmpFiles\license.tmp
2026-05-22 14:08:56,103 [INFO] CodeEngine:265 - oldGeneratedFile, D:\MojeData\Projekty\SolderFumeExtractor\CubeIDE\FumeExtractor\MXTmpFiles\gpio.tmp_save
2026-05-22 14:08:56,319 [INFO] CodeEngine:289 - Generated code: D:\MojeData\Projekty\SolderFumeExtractor\CubeIDE\FumeExtractor\MXTmpFiles\gpio.tmp
2026-05-22 14:08:57,109 [INFO] CodeEngine:265 - oldGeneratedFile, D:\MojeData\Projekty\SolderFumeExtractor\CubeIDE\FumeExtractor\Core\Src\stm32g0xx_it.c_save
2026-05-22 14:08:57,383 [INFO] CodeEngine:289 - Generated code: D:\MojeData\Projekty\SolderFumeExtractor\CubeIDE\FumeExtractor\Core\Src\stm32g0xx_it.c
2026-05-22 14:08:57,402 [INFO] CodeEngine:265 - oldGeneratedFile, D:\MojeData\Projekty\SolderFumeExtractor\CubeIDE\FumeExtractor\Core\Inc\stm32g0xx_it.h_save
2026-05-22 14:08:57,595 [INFO] CodeEngine:289 - Generated code: D:\MojeData\Projekty\SolderFumeExtractor\CubeIDE\FumeExtractor\Core\Inc\stm32g0xx_it.h
2026-05-22 14:08:57,646 [INFO] CodeEngine:265 - oldGeneratedFile, D:\MojeData\Projekty\SolderFumeExtractor\CubeIDE\FumeExtractor\Core\Src\stm32g0xx_hal_msp.c_save
2026-05-22 14:08:58,002 [INFO] CodeEngine:289 - Generated code: D:\MojeData\Projekty\SolderFumeExtractor\CubeIDE\FumeExtractor\Core\Src\stm32g0xx_hal_msp.c
2026-05-22 14:08:58,030 [INFO] CodeEngine:265 - oldGeneratedFile, D:\MojeData\Projekty\SolderFumeExtractor\CubeIDE\FumeExtractor\MXTmpFiles\system.tmp_save
2026-05-22 14:08:58,175 [INFO] CodeEngine:289 - Generated code: D:\MojeData\Projekty\SolderFumeExtractor\CubeIDE\FumeExtractor\MXTmpFiles\system.tmp
2026-05-22 14:08:58,214 [INFO] CodeEngine:321 - oldGeneratedFile, D:\MojeData\Projekty\SolderFumeExtractor\CubeIDE\FumeExtractor\Core\Inc\stm32g0xx_hal_conf.h_save
2026-05-22 14:08:58,397 [INFO] CodeEngine:345 - Generated code: D:\MojeData\Projekty\SolderFumeExtractor\CubeIDE\FumeExtractor\Core\Inc\stm32g0xx_hal_conf.h
2026-05-22 14:08:58,508 [INFO] ApiDbMcu:532 - Load IP Config File for TIM1
2026-05-22 14:08:58,542 [INFO] ApiDbMcu:532 - Load IP Config File for TIM3
2026-05-22 14:08:58,578 [INFO] ApiDbMcu:532 - Load IP Config File for TIM14
2026-05-22 14:08:58,585 [INFO] ApiDbMcu:532 - Load IP Config File for RCC
2026-05-22 14:08:58,588 [WARN] IPConfigManager:3811 - IP not found : TIM
2026-05-22 14:08:58,593 [WARN] CodeGenerator:4259 - IP not found : null
2026-05-22 14:08:58,631 [INFO] CodeEngine:265 - oldGeneratedFile, D:\MojeData\Projekty\SolderFumeExtractor\CubeIDE\FumeExtractor\Core\Inc\main.h_save
2026-05-22 14:08:58,901 [INFO] CodeEngine:289 - Generated code: D:\MojeData\Projekty\SolderFumeExtractor\CubeIDE\FumeExtractor\Core\Inc\main.h
2026-05-22 14:08:58,943 [INFO] CodeEngine:265 - oldGeneratedFile, D:\MojeData\Projekty\SolderFumeExtractor\CubeIDE\FumeExtractor\Core\Src\main.c_save
2026-05-22 14:08:59,299 [INFO] CodeEngine:289 - Generated code: D:\MojeData\Projekty\SolderFumeExtractor\CubeIDE\FumeExtractor\Core\Src\main.c
2026-05-22 14:09:00,287 [INFO] ProjectBuilder:3606 - Time for Copy HAL[1] : 544mS.
2026-05-22 14:09:00,306 [INFO] ProjectBuilder:5216 - Project Generator version: 4.7.0-B52
2026-05-22 14:09:00,604 [INFO] ConfigFileManager:1595 - The Die is : DIE466
2026-05-22 14:09:00,623 [INFO] ApiDbMcu:532 - Load IP Config File for FATFS
2026-05-22 14:09:00,644 [INFO] ApiDbMcu:532 - Load IP Config File for FREERTOS
2026-05-22 14:09:01,687 [INFO] LogOutputStream:77 - [STDOUT_REDIRECT] 
2026-05-22 14:09:04,114 [INFO] ProjectBuilder:5496 - Time for Generating toolchain IDE Files: 3808mS.
2026-05-22 14:09:04,117 [INFO] ProjectBuilder:3463 - Time for Copy CMSIS : 2mS.
2026-05-22 14:09:04,130 [INFO] ProjectBuilder:3463 - Time for Copy CMSIS : 0mS.
2026-05-22 14:58:08,211 [ERROR] LogOutputStream:75 - [STDERR_REDIRECT] 
