2026-05-12 13:57:49,262 [INFO] Activator:176 - 


2026-05-12 13:57:49,281 [INFO] Activator:177 - !SESSION log4j initialized
2026-05-12 13:57:59,105 [INFO] LogOutputStream:77 - [STDOUT_REDIRECT] 
2026-05-12 13:58:03,387 [INFO] ApplicationProperties:184 - Using Application install path: C:\Users\matuh\STM32CubeIDE_1.19.0\STM32CubeIDE\plugins\com.st.stm32cube.common.mx_6.15.0.202507011659
2026-05-12 13:58:03,422 [INFO] DbMcusXml:78 - Set database path to: C:\Users\matuh\STM32CubeIDE_1.19.0\STM32CubeIDE\plugins\com.st.stm32cube.common.mx_6.15.0.202507011659\\db\/mcu/
2026-05-12 13:58:03,424 [INFO] ApiDb:274 - Set plugin database path to: C:\Users\matuh\STM32CubeIDE_1.19.0\STM32CubeIDE\plugins\com.st.stm32cube.common.mx_6.15.0.202507011659\\db\/plugins/boardmanager/
2026-05-12 13:58:03,432 [WARN] ApiDb:259 - Overriding images path with different value:  => C:\Users\matuh\STM32CubeIDE_1.19.0\STM32CubeIDE\plugins\com.st.stm32cube.common.mx_6.15.0.202507011659\\db\/plugins/mcufinder/images/
2026-05-12 13:58:03,457 [INFO] ApiDb:250 - Set database path to: C:\Users\matuh\.stmcufinder\plugins\mcufinder//mcu/
2026-05-12 13:58:03,459 [INFO] DbMcusAds:125 - Set database path to: C:\Users\matuh\.stmcufinder\plugins\mcufinder//mcu/
2026-05-12 13:58:03,465 [INFO] CrossReferenceDbSqlite:203 - Set database path to: C:\Users\matuh\.stmcufinder\plugins\mcufinder//mcu/cs/
2026-05-12 13:58:03,813 [INFO] RulesReader:64 - Compatibility file has been processed (317 Rules)
2026-05-12 13:58:04,224 [INFO] DbMcusXml:78 - Set database path to: C:\Users\matuh\STM32CubeIDE_1.19.0\STM32CubeIDE\plugins\com.st.stm32cube.common.mx_6.15.0.202507011659\\db\/mcu/
2026-05-12 13:58:04,224 [INFO] ApiDb:274 - Set plugin database path to: C:\Users\matuh\STM32CubeIDE_1.19.0\STM32CubeIDE\plugins\com.st.stm32cube.common.mx_6.15.0.202507011659\\db\/plugins/boardmanager/
2026-05-12 13:58:04,225 [INFO] ApiDb:261 - Set plugin images path to: C:\Users\matuh\STM32CubeIDE_1.19.0\STM32CubeIDE\plugins\com.st.stm32cube.common.mx_6.15.0.202507011659\\db\/plugins/mcufinder/images/
2026-05-12 13:58:04,226 [WARN] DbFile:41 - Overriding database path with different value: C:\Users\matuh\.stmcufinder\plugins\mcufinder/ => C:\Users\matuh\.stmcufinder\plugins\mcufinder
2026-05-12 13:58:04,226 [INFO] ApiDb:250 - Set database path to: C:\Users\matuh\.stmcufinder\plugins\mcufinder//mcu/
2026-05-12 13:58:04,227 [WARN] DbFile:41 - Overriding database path with different value: C:\Users\matuh\.stmcufinder\plugins\mcufinder/ => C:\Users\matuh\.stmcufinder\plugins\mcufinder
2026-05-12 13:58:04,227 [INFO] DbMcusAds:125 - Set database path to: C:\Users\matuh\.stmcufinder\plugins\mcufinder//mcu/
2026-05-12 13:58:04,228 [WARN] DbFile:41 - Overriding database path with different value: C:\Users\matuh\.stmcufinder\plugins\mcufinder/ => C:\Users\matuh\.stmcufinder\plugins\mcufinder
2026-05-12 13:58:04,228 [WARN] DbFile:41 - Overriding database path with different value: C:\Users\matuh\.stmcufinder\plugins\mcufinder/ => C:\Users\matuh\.stmcufinder\plugins\mcufinder
2026-05-12 13:58:04,228 [INFO] CrossReferenceDbSqlite:203 - Set database path to: C:\Users\matuh\.stmcufinder\plugins\mcufinder//mcu/cs/
2026-05-12 13:58:04,481 [INFO] MainPanel:274 - HeapMemory: 268435456
2026-05-12 13:58:04,846 [INFO] DbMcusXml:78 - Set database path to: C:\Users\matuh\STM32CubeIDE_1.19.0\STM32CubeIDE\plugins\com.st.stm32cube.common.mx_6.15.0.202507011659\\db\/mcu/
2026-05-12 13:58:04,846 [INFO] ApiDb:274 - Set plugin database path to: C:\Users\matuh\STM32CubeIDE_1.19.0\STM32CubeIDE\plugins\com.st.stm32cube.common.mx_6.15.0.202507011659\\db\/plugins/boardmanager/
2026-05-12 13:58:04,847 [INFO] ApiDb:261 - Set plugin images path to: C:\Users\matuh\STM32CubeIDE_1.19.0\STM32CubeIDE\plugins\com.st.stm32cube.common.mx_6.15.0.202507011659\\db\/plugins/mcufinder/images/
2026-05-12 13:58:04,847 [WARN] DbFile:41 - Overriding database path with different value: C:\Users\matuh\.stmcufinder\plugins\mcufinder/ => C:\Users\matuh\.stmcufinder\plugins\mcufinder
2026-05-12 13:58:04,848 [INFO] ApiDb:250 - Set database path to: C:\Users\matuh\.stmcufinder\plugins\mcufinder//mcu/
2026-05-12 13:58:04,848 [WARN] DbFile:41 - Overriding database path with different value: C:\Users\matuh\.stmcufinder\plugins\mcufinder/ => C:\Users\matuh\.stmcufinder\plugins\mcufinder
2026-05-12 13:58:04,848 [INFO] DbMcusAds:125 - Set database path to: C:\Users\matuh\.stmcufinder\plugins\mcufinder//mcu/
2026-05-12 13:58:04,848 [WARN] DbFile:41 - Overriding database path with different value: C:\Users\matuh\.stmcufinder\plugins\mcufinder/ => C:\Users\matuh\.stmcufinder\plugins\mcufinder
2026-05-12 13:58:04,848 [WARN] DbFile:41 - Overriding database path with different value: C:\Users\matuh\.stmcufinder\plugins\mcufinder/ => C:\Users\matuh\.stmcufinder\plugins\mcufinder
2026-05-12 13:58:04,849 [INFO] CrossReferenceDbSqlite:203 - Set database path to: C:\Users\matuh\.stmcufinder\plugins\mcufinder//mcu/cs/
2026-05-12 13:58:04,898 [INFO] ApplicationProperties:184 - Using Application install path: C:\Users\matuh\STM32CubeIDE_1.19.0\STM32CubeIDE\plugins\com.st.stm32cube.common.mx_6.15.0.202507011659
2026-05-12 13:58:04,902 [INFO] PluginManage:196 - Search for loadable plugins [exclusion list=, ]
2026-05-12 13:58:04,906 [INFO] PluginManage:310 - Check plugin analytics
2026-05-12 13:58:05,438 [INFO] AnalyticsPlugin:253 - Accepted Software Licenses: STM32CubeMX.6.15.0
2026-05-12 13:58:05,440 [INFO] AnalyticsPlugin:255 - Accepted CMSIS Pack Licenses: 
2026-05-12 13:58:05,440 [INFO] AnalyticsPlugin:257 - Accepted Firmware Licenses: FW.G4.1.5.0,FW.F7.1.17.0,FW.G0.1.6.0,FW.G4.1.6.0,FW.H7.1.12.0,FW.C0.1.4.0,FW.F4.1.28.0
2026-05-12 13:58:05,451 [INFO] PluginManage:359 - Loaded plugin analytics (category:tool,tabindex:-1)
2026-05-12 13:58:05,452 [INFO] PluginManage:310 - Check plugin cadmodel
2026-05-12 13:58:05,469 [INFO] CADModel:105 - Init CAD model plugin
2026-05-12 13:58:05,469 [INFO] PluginManage:359 - Loaded plugin cadmodel (category:power,tabindex:5)
2026-05-12 13:58:05,470 [INFO] PluginManage:310 - Check plugin clock
2026-05-12 13:58:05,500 [INFO] PluginManage:359 - Loaded plugin clock (category:base,tabindex:2)
2026-05-12 13:58:05,500 [INFO] PluginManage:310 - Check plugin ddr
2026-05-12 13:58:05,508 [INFO] PluginManage:359 - Loaded plugin ddr (category:tool,tabindex:6)
2026-05-12 13:58:05,509 [INFO] PluginManage:310 - Check plugin filemanager
2026-05-12 13:58:05,988 [INFO] PluginManage:359 - Loaded plugin filemanager (category:base,tabindex:10)
2026-05-12 13:58:05,989 [INFO] PluginManage:310 - Check plugin ipmanager
2026-05-12 13:58:06,005 [INFO] PluginManage:359 - Loaded plugin ipmanager (category:base,tabindex:5)
2026-05-12 13:58:06,006 [INFO] PluginManage:310 - Check plugin lpbam
2026-05-12 13:58:06,023 [INFO] PluginManage:359 - Loaded plugin lpbam (category:base,tabindex:0)
2026-05-12 13:58:06,023 [INFO] PluginManage:310 - Check plugin memorymap
2026-05-12 13:58:06,076 [INFO] PluginManage:359 - Loaded plugin memorymap (category:base,tabindex:4)
2026-05-12 13:58:06,078 [INFO] PluginManage:310 - Check plugin pinoutandconfiguration
2026-05-12 13:58:06,097 [INFO] PluginManage:359 - Loaded plugin pinoutandconfiguration (category:base,tabindex:1)
2026-05-12 13:58:06,098 [INFO] PluginManage:310 - Check plugin pinoutconfig
2026-05-12 13:58:06,401 [WARN] SupportedApi:132 - Cannot load RTOS API schema: s4s-elt-must-match.1: The content of 'definitions' must match (annotation?, (simpleType | complexType)?, (unique | key | keyref)*)). A problem was found starting at: attribute.
2026-05-12 13:58:06,780 [INFO] PluginManage:359 - Loaded plugin pinoutconfig (category:base,tabindex:0)
2026-05-12 13:58:06,781 [INFO] PluginManage:310 - Check plugin power
2026-05-12 13:58:06,802 [INFO] PluginManage:359 - Loaded plugin power (category:power,tabindex:4)
2026-05-12 13:58:06,803 [INFO] PluginManage:310 - Check plugin projectmanager
2026-05-12 13:58:06,859 [INFO] PluginManage:359 - Loaded plugin projectmanager (category:projectmanager,tabindex:4)
2026-05-12 13:58:06,859 [INFO] PluginManage:310 - Check plugin rif
2026-05-12 13:58:06,885 [INFO] PluginManage:359 - Loaded plugin rif (category:base,tabindex:3)
2026-05-12 13:58:06,886 [INFO] PluginManage:310 - Check plugin thirdparty
2026-05-12 13:58:07,474 [INFO] PluginManage:359 - Loaded plugin thirdparty (category:base,tabindex:-1)
2026-05-12 13:58:07,475 [INFO] PluginManage:310 - Check plugin tools
2026-05-12 13:58:07,477 [WARN] IntegrityCheckThread:84 - waiting for thirdparty lock release [integrity check]
2026-05-12 13:58:07,478 [INFO] IntegrityCheckThread:86 - entering critical section [integrity check]
2026-05-12 13:58:07,479 [INFO] ThirdPartyUpdaterWithRetryManager:70 - Updater plugin not ready yet. [1/15]
2026-05-12 13:58:07,497 [INFO] PluginManage:359 - Loaded plugin tools (category:base,tabindex:7)
2026-05-12 13:58:07,499 [INFO] PluginManage:310 - Check plugin tutovideos
2026-05-12 13:58:08,057 [INFO] PluginManage:359 - Loaded plugin tutovideos (category:base,tabindex:-1)
2026-05-12 13:58:08,057 [INFO] PluginManage:310 - Check plugin updater
2026-05-12 13:58:08,184 [INFO] PluginManage:359 - Loaded plugin updater (category:base,tabindex:12)
2026-05-12 13:58:08,184 [INFO] PluginManage:310 - Check plugin userauth
2026-05-12 13:58:08,193 [INFO] UserAuth:118 - Init User Auth plugin
2026-05-12 13:58:08,194 [INFO] PluginManage:359 - Loaded plugin userauth (category:base,tabindex:14)
2026-05-12 13:58:08,195 [INFO] PluginManage:283 - PluginManage : Loaded plugins [18]
2026-05-12 13:58:08,822 [INFO] PinOutPanel:1589 - setPackage(No Configuration,No Configuration)
2026-05-12 13:58:09,145 [INFO] CADModel:165 - CPN selected for project level
2026-05-12 13:58:09,145 [INFO] CADModel:114 - Register for checkConnection events
2026-05-12 13:58:09,315 [INFO] IPUIPlugin:80 - create IPUIPlugin
2026-05-12 13:58:09,316 [INFO] PluginManager:220 - loadIPPluginJar : add adc
2026-05-12 13:58:09,331 [INFO] IPUIPlugin:80 - create IPUIPlugin
2026-05-12 13:58:09,332 [INFO] PluginManager:220 - loadIPPluginJar : add aes
2026-05-12 13:58:09,354 [INFO] IPUIPlugin:80 - create IPUIPlugin
2026-05-12 13:58:09,354 [INFO] PluginManager:220 - loadIPPluginJar : add can
2026-05-12 13:58:09,378 [INFO] IPUIPlugin:80 - create IPUIPlugin
2026-05-12 13:58:09,378 [INFO] PluginManager:220 - loadIPPluginJar : add comp
2026-05-12 13:58:09,393 [INFO] IPUIPlugin:80 - create IPUIPlugin
2026-05-12 13:58:09,394 [INFO] PluginManager:220 - loadIPPluginJar : add cryp
2026-05-12 13:58:09,414 [INFO] IPUIPlugin:80 - create IPUIPlugin
2026-05-12 13:58:09,415 [INFO] PluginManager:220 - loadIPPluginJar : add ddr_ctrl_phy
2026-05-12 13:58:09,431 [INFO] IPUIPlugin:80 - create IPUIPlugin
2026-05-12 13:58:09,432 [INFO] PluginManager:220 - loadIPPluginJar : add dfsdm
2026-05-12 13:58:09,450 [INFO] IPUIPlugin:80 - create IPUIPlugin
2026-05-12 13:58:09,475 [INFO] PluginManager:220 - loadIPPluginJar : add dma
2026-05-12 13:58:09,499 [INFO] IPUIPlugin:80 - create IPUIPlugin
2026-05-12 13:58:09,500 [INFO] PluginManager:220 - loadIPPluginJar : add dma3
2026-05-12 13:58:09,508 [INFO] IPUIPlugin:80 - create IPUIPlugin
2026-05-12 13:58:09,508 [INFO] PluginManager:220 - loadIPPluginJar : add extmemmanager
2026-05-12 13:58:09,514 [INFO] IPUIPlugin:80 - create IPUIPlugin
2026-05-12 13:58:09,514 [INFO] PluginManager:220 - loadIPPluginJar : add fatfs
2026-05-12 13:58:09,524 [INFO] IPUIPlugin:80 - create IPUIPlugin
2026-05-12 13:58:09,524 [INFO] PluginManager:220 - loadIPPluginJar : add fmc
2026-05-12 13:58:09,538 [INFO] IPUIPlugin:80 - create IPUIPlugin
2026-05-12 13:58:09,539 [INFO] PluginManager:220 - loadIPPluginJar : add freertos
2026-05-12 13:58:09,548 [INFO] IPUIPlugin:80 - create IPUIPlugin
2026-05-12 13:58:09,549 [INFO] PluginManager:220 - loadIPPluginJar : add genericplugin
2026-05-12 13:58:09,611 [INFO] IPUIPlugin:80 - create IPUIPlugin
2026-05-12 13:58:09,611 [INFO] PluginManager:220 - loadIPPluginJar : add gfxmmu
2026-05-12 13:58:09,646 [INFO] IPUIPlugin:80 - create IPUIPlugin
2026-05-12 13:58:09,647 [INFO] PluginManager:220 - loadIPPluginJar : add gic
2026-05-12 13:58:09,676 [INFO] IPUIPlugin:80 - create IPUIPlugin
2026-05-12 13:58:09,676 [INFO] PluginManager:220 - loadIPPluginJar : add gpio
2026-05-12 13:58:09,685 [INFO] IPUIPlugin:80 - create IPUIPlugin
2026-05-12 13:58:09,686 [INFO] PluginManager:220 - loadIPPluginJar : add gtzc
2026-05-12 13:58:09,691 [INFO] IPUIPlugin:80 - create IPUIPlugin
2026-05-12 13:58:09,692 [INFO] PluginManager:220 - loadIPPluginJar : add hash
2026-05-12 13:58:09,698 [INFO] IPUIPlugin:80 - create IPUIPlugin
2026-05-12 13:58:09,698 [INFO] PluginManager:220 - loadIPPluginJar : add i2c
2026-05-12 13:58:09,704 [INFO] IPUIPlugin:80 - create IPUIPlugin
2026-05-12 13:58:09,705 [INFO] PluginManager:220 - loadIPPluginJar : add i2s
2026-05-12 13:58:09,712 [INFO] IPUIPlugin:80 - create IPUIPlugin
2026-05-12 13:58:09,712 [INFO] PluginManager:220 - loadIPPluginJar : add i3c
2026-05-12 13:58:09,721 [INFO] IPUIPlugin:80 - create IPUIPlugin
2026-05-12 13:58:09,722 [INFO] PluginManager:220 - loadIPPluginJar : add ipddr
2026-05-12 13:58:09,737 [INFO] IPUIPlugin:80 - create IPUIPlugin
2026-05-12 13:58:09,737 [INFO] PluginManager:220 - loadIPPluginJar : add linkedlist
2026-05-12 13:58:09,744 [INFO] IPUIPlugin:80 - create IPUIPlugin
2026-05-12 13:58:09,744 [INFO] PluginManager:220 - loadIPPluginJar : add lorawan
2026-05-12 13:58:09,749 [INFO] IPUIPlugin:80 - create IPUIPlugin
2026-05-12 13:58:09,749 [INFO] PluginManager:220 - loadIPPluginJar : add ltdc
2026-05-12 13:58:09,763 [INFO] IPUIPlugin:80 - create IPUIPlugin
2026-05-12 13:58:09,763 [INFO] PluginManager:220 - loadIPPluginJar : add mdma
2026-05-12 13:58:09,785 [INFO] IPUIPlugin:80 - create IPUIPlugin
2026-05-12 13:58:09,785 [INFO] PluginManager:220 - loadIPPluginJar : add nvic
2026-05-12 13:58:09,797 [INFO] IPUIPlugin:80 - create IPUIPlugin
2026-05-12 13:58:09,797 [INFO] PluginManager:220 - loadIPPluginJar : add opamp
2026-05-12 13:58:09,805 [INFO] IPUIPlugin:80 - create IPUIPlugin
2026-05-12 13:58:09,805 [INFO] PluginManager:220 - loadIPPluginJar : add openamp
2026-05-12 13:58:09,814 [INFO] IPUIPlugin:80 - create IPUIPlugin
2026-05-12 13:58:09,814 [INFO] PluginManager:220 - loadIPPluginJar : add pdm2pcm
2026-05-12 13:58:09,829 [INFO] IPUIPlugin:80 - create IPUIPlugin
2026-05-12 13:58:09,839 [INFO] PluginManager:220 - loadIPPluginJar : add plateformsettings
2026-05-12 13:58:09,847 [INFO] IPUIPlugin:80 - create IPUIPlugin
2026-05-12 13:58:09,848 [INFO] PluginManager:220 - loadIPPluginJar : add quadspi
2026-05-12 13:58:09,857 [INFO] IPUIPlugin:80 - create IPUIPlugin
2026-05-12 13:58:09,859 [INFO] PluginManager:220 - loadIPPluginJar : add radio
2026-05-12 13:58:09,913 [INFO] IPUIPlugin:80 - create IPUIPlugin
2026-05-12 13:58:09,913 [INFO] PluginManager:220 - loadIPPluginJar : add resmgrutility
2026-05-12 13:58:09,927 [INFO] IPUIPlugin:80 - create IPUIPlugin
2026-05-12 13:58:09,927 [INFO] PluginManager:220 - loadIPPluginJar : add sai
2026-05-12 13:58:09,942 [INFO] IPUIPlugin:80 - create IPUIPlugin
2026-05-12 13:58:09,943 [INFO] PluginManager:220 - loadIPPluginJar : add spi
2026-05-12 13:58:09,961 [INFO] IPUIPlugin:80 - create IPUIPlugin
2026-05-12 13:58:09,962 [INFO] PluginManager:220 - loadIPPluginJar : add stm32_wpan
2026-05-12 13:58:09,987 [INFO] IPUIPlugin:80 - create IPUIPlugin
2026-05-12 13:58:09,987 [INFO] PluginManager:220 - loadIPPluginJar : add tim
2026-05-12 13:58:09,998 [INFO] IPUIPlugin:80 - create IPUIPlugin
2026-05-12 13:58:09,999 [INFO] PluginManager:220 - loadIPPluginJar : add touchsensing
2026-05-12 13:58:10,023 [INFO] IPUIPlugin:80 - create IPUIPlugin
2026-05-12 13:58:10,023 [INFO] PluginManager:220 - loadIPPluginJar : add tracer_emb
2026-05-12 13:58:10,043 [INFO] IPUIPlugin:80 - create IPUIPlugin
2026-05-12 13:58:10,044 [INFO] PluginManager:220 - loadIPPluginJar : add ts
2026-05-12 13:58:10,049 [INFO] IPUIPlugin:80 - create IPUIPlugin
2026-05-12 13:58:10,050 [INFO] PluginManager:220 - loadIPPluginJar : add tsc
2026-05-12 13:58:10,055 [INFO] IPUIPlugin:80 - create IPUIPlugin
2026-05-12 13:58:10,055 [INFO] PluginManager:220 - loadIPPluginJar : add ucpd
2026-05-12 13:58:10,063 [INFO] IPUIPlugin:80 - create IPUIPlugin
2026-05-12 13:58:10,063 [INFO] PluginManager:220 - loadIPPluginJar : add usart
2026-05-12 13:58:10,070 [INFO] IPUIPlugin:80 - create IPUIPlugin
2026-05-12 13:58:10,070 [INFO] PluginManager:220 - loadIPPluginJar : add usbx
2026-05-12 13:58:10,348 [FATAL] Updater:351 - Updater called before beeing initialized
2026-05-12 13:58:10,466 [INFO] RulesReader:64 - Compatibility file has been processed (317 Rules)
2026-05-12 13:58:10,488 [INFO] ThirdPartyUpdaterWithRetryManager:70 - Updater plugin not ready yet. [2/15]
2026-05-12 13:58:10,566 [INFO] RulesReader:64 - Compatibility file has been processed (317 Rules)
2026-05-12 13:58:10,619 [INFO] CADModel:165 - CPN selected for project level
2026-05-12 13:58:10,619 [INFO] CADModel:114 - Register for checkConnection events
2026-05-12 13:58:10,620 [FATAL] Updater:351 - Updater called before beeing initialized
2026-05-12 13:58:10,620 [ERROR] CADModel:125 - Updater not yet initialized, retry later 
2026-05-12 13:58:11,016 [FATAL] Updater:351 - Updater called before beeing initialized
2026-05-12 13:58:11,024 [INFO] CADModel:165 - CPN selected for project level
2026-05-12 13:58:11,025 [INFO] CADModel:114 - Register for checkConnection events
2026-05-12 13:58:11,025 [FATAL] Updater:351 - Updater called before beeing initialized
2026-05-12 13:58:11,025 [ERROR] CADModel:125 - Updater not yet initialized, retry later 
2026-05-12 13:58:11,034 [FATAL] Updater:351 - Updater called before beeing initialized
2026-05-12 13:58:11,519 [FATAL] Updater:351 - Updater called before beeing initialized
2026-05-12 13:58:11,531 [INFO] DbMcusAds:53 - JSON generation date=Fri Apr 10 11:19:02 CEST 2026 (1775812742310)
2026-05-12 13:58:11,531 [FATAL] Updater:351 - Updater called before beeing initialized
2026-05-12 13:58:11,626 [WARN] DetailPanel:346 - Failed to get advertising image, set to default
2026-05-12 13:58:11,844 [FATAL] Updater:351 - Updater called before beeing initialized
2026-05-12 13:58:11,850 [FATAL] Updater:351 - Updater called before beeing initialized
2026-05-12 13:58:11,851 [FATAL] Updater:351 - Updater called before beeing initialized
2026-05-12 13:58:11,851 [WARN] DetailPanel:346 - Failed to get advertising image, set to default
2026-05-12 13:58:11,857 [FATAL] Updater:351 - Updater called before beeing initialized
2026-05-12 13:58:12,046 [ERROR] Updater:1198 - MainUpdater not yet initialized. External WinMGr cannot be set.
2026-05-12 13:58:12,054 [INFO] Updater:1134 - Updater Version found : 6.15.0
2026-05-12 13:58:12,102 [INFO] ApplicationProperties:184 - Using Application install path: C:\Users\matuh\STM32CubeIDE_1.19.0\STM32CubeIDE\plugins\com.st.stm32cube.common.mx_6.15.0.202507011659
2026-05-12 13:58:13,490 [FATAL] Updater:351 - Updater called before beeing initialized
2026-05-12 13:58:13,491 [ERROR] IntegrityCheckThread:130 - Cannot retrieve database content from updater: error 21
2026-05-12 13:58:13,492 [INFO] ThirdParty:978 - Integrity check success = false
2026-05-12 13:58:13,492 [INFO] IntegrityCheckThread:100 - exiting critical section [integrity check]
2026-05-12 13:58:13,492 [INFO] IntegrityCheckThread:103 - End integrity checks thread
2026-05-12 13:58:13,775 [ERROR] LogOutputStream:75 - [STDERR_REDIRECT] May 12, 2026 1:58:13 PM java.util.prefs.WindowsPreferences <init>
2026-05-12 13:58:13,779 [ERROR] LogOutputStream:75 - [STDERR_REDIRECT] WARNING: Could not open/create prefs root node Software\JavaSoft\Prefs at root 0xffffffff80000002. Windows RegCreateKeyEx(...) returned error code 5.
2026-05-12 13:58:13,780 [ERROR] LogOutputStream:75 - [STDERR_REDIRECT] 
2026-05-12 13:58:14,972 [INFO] MainUpdater:2872 - connection check result : 10
2026-05-12 13:58:14,973 [INFO] MainUpdater:3604 - Updater definition file requires update
2026-05-12 13:58:14,977 [INFO] MainUpdater:289 - Updater Check For Update Now.
2026-05-12 13:58:14,977 [INFO] MicroXplorer:498 - Change Database Version : DB.6.0.150
2026-05-12 13:58:14,996 [INFO] McuFinderGlobals:63 - Set McuFinder mode to 2 (CubeIDE integrated)
2026-05-12 13:58:15,001 [INFO] UserAuth:487 - Internet connection configuration mode: 1
2026-05-12 13:58:15,048 [INFO] ServerAccessManage:452 - Complete download http(s) 200
2026-05-12 13:58:15,051 [INFO] ServerAccessManage:509 - Download File updaters.zip
2026-05-12 13:58:15,079 [INFO] JxBrowserEngine:152 - Initiate JxBrowser Engine with user profile folder
2026-05-12 13:58:15,666 [INFO] FileExtend:248 - Unzip File : updaters.zip
2026-05-12 13:58:15,675 [INFO] FileExtend:263 - Standard Zip Deflate
2026-05-12 13:58:17,935 [INFO] ServerAccessManage:452 - Complete download http(s) 200
2026-05-12 13:58:17,936 [INFO] ServerAccessManage:509 - Download File PacksControlFlags.xml
2026-05-12 13:58:18,149 [INFO] ServerAccessManage:452 - Complete download http(s) 200
2026-05-12 13:58:18,150 [INFO] ServerAccessManage:509 - Download File cubemx.pidx
2026-05-12 13:58:18,328 [INFO] WebApp:169 - Instantiating new browser for Auth
2026-05-12 13:58:20,131 [INFO] ServerAccessManage:452 - Complete download http(s) 200
2026-05-12 13:58:20,131 [INFO] ServerAccessManage:509 - Download File STMicroelectronics.FP-SNS-STAIOTCFT.pdsc
2026-05-12 13:58:21,510 [INFO] ServerAccessManage:452 - Complete download http(s) 200
2026-05-12 13:58:21,511 [INFO] ServerAccessManage:509 - Download File STMicroelectronics.X-CUBE-GNSS1.pdsc
2026-05-12 13:58:22,076 [INFO] WebApp:463 - Apply proxy settings
2026-05-12 13:58:22,077 [INFO] WebApp:548 - Chromium requires no authentication
2026-05-12 13:58:22,102 [INFO] WebApp:491 - Direct internet connection detected
2026-05-12 13:58:22,192 [INFO] WebApp:900 - Register for checkConnection events
2026-05-12 13:58:22,193 [INFO] WebApp:463 - Apply proxy settings
2026-05-12 13:58:22,193 [INFO] WebApp:548 - Chromium requires no authentication
2026-05-12 13:58:22,194 [INFO] WebApp:491 - Direct internet connection detected
2026-05-12 13:58:22,436 [INFO] WebApp:191 - Connection restablished
2026-05-12 13:58:22,794 [INFO] WebApp:225 - Starting web application
2026-05-12 13:58:22,794 [INFO] WebApp:593 - Web application path used C:\Users\matuh\STM32CubeIDE_1.19.0\STM32CubeIDE\plugins\com.st.stm32cube.common.mx_6.15.0.202507011659\db\plugins\mcufinder\reactClient1\index.html
2026-05-12 13:58:23,216 [INFO] UserAuth:487 - Internet connection configuration mode: 1
2026-05-12 13:58:23,268 [ERROR] ServerAccessManage:1212 - Problem, file not found on Server
2026-05-12 13:58:23,337 [ERROR] ServerAccessManage:1212 - Problem, file not found on Server
2026-05-12 13:58:23,417 [ERROR] ServerAccessManage:1212 - Problem, file not found on Server
2026-05-12 13:58:23,502 [ERROR] ServerAccessManage:1212 - Problem, file not found on Server
2026-05-12 13:58:23,602 [ERROR] ServerAccessManage:1212 - Problem, file not found on Server
2026-05-12 13:58:23,681 [ERROR] ServerAccessManage:1212 - Problem, file not found on Server
2026-05-12 13:58:24,994 [INFO] ServerAccessManage:452 - Complete download http(s) 200
2026-05-12 13:58:24,996 [INFO] ServerAccessManage:509 - Download File STMicroelectronics.X-CUBE-MEMS1.pdsc
2026-05-12 13:58:28,680 [INFO] ServerAccessManage:452 - Complete download http(s) 200
2026-05-12 13:58:28,681 [INFO] ServerAccessManage:509 - Download File STMicroelectronics.X-CUBE-ST67W61.pdsc
2026-05-12 13:58:32,424 [WARN] PackLoader:240 - Cannot read IP mode file for STMicroelectronics.FP-SNS-STAIOTCFT.1.1.0
2026-05-12 13:58:32,550 [WARN] PackLoader:240 - Cannot read IP mode file for STMicroelectronics.X-CUBE-GNSS1.7.1.1
2026-05-12 13:58:32,979 [INFO] CheckServerUpdateThread:120 - End of CheckServer Thread
2026-05-12 13:58:33,196 [WARN] PackLoader:240 - Cannot read IP mode file for STMicroelectronics.X-CUBE-MEMS1.12.1.0
2026-05-12 13:58:34,142 [WARN] PopulateThirdPartyThread:106 - Error when creating pack: C:/Users/matuh/.stm32cubemx/thirdparties/pdsc/STMicroelectronics.X-CUBE-ST67W61.pdsc
2026-05-12 13:58:34,146 [INFO] PopulateThirdPartyThread:66 - Ending populate Thread
2026-05-12 13:58:34,150 [INFO] ThirdParty:1030 - CMSIS Pack Vendor :STMicroelectronics FP-SNS-STAIOTCFT 1.1.0
2026-05-12 13:58:34,152 [INFO] ThirdParty:1030 - CMSIS Pack Vendor :STMicroelectronics X-CUBE-MEMS1 12.1.0
2026-05-12 13:58:34,152 [INFO] ThirdParty:1030 - CMSIS Pack Vendor :STMicroelectronics X-CUBE-GNSS1 7.1.1
2026-05-12 13:58:34,153 [INFO] LoadServerUpdatesThread:375 - End of LoadServerUpdate Thread
2026-05-12 13:58:48,746 [INFO] McuFinderGlobals:63 - Set McuFinder mode to 2 (CubeIDE integrated)
2026-05-12 13:58:48,761 [INFO] MainUpdater:2872 - connection check result : 10
2026-05-12 13:58:48,775 [INFO] McuFinderGlobals:76 - Set McuFinderConnectedMode to true
2026-05-12 13:58:49,083 [INFO] ServerAccessManage:452 - Complete download http(s) 200
2026-05-12 13:58:49,084 [INFO] ServerAccessManage:509 - Download File mcusAds.json._tmp_
2026-05-12 13:58:49,213 [INFO] LoadUrlFilesThread:156 - End of LoadUrlFiles Thread
2026-05-12 13:58:49,463 [INFO] ServerAccessManage:452 - Complete download http(s) 200
2026-05-12 13:58:49,464 [INFO] ServerAccessManage:509 - Download File cube-finder-db.zip
2026-05-12 13:58:57,180 [INFO] FileExtend:248 - Unzip File : cube-finder-db.zip
2026-05-12 13:58:57,181 [INFO] FileExtend:263 - Standard Zip Deflate
2026-05-12 13:58:59,041 [INFO] LoadUrlFilesThread:156 - End of LoadUrlFiles Thread
2026-05-12 13:58:59,371 [INFO] ServerAccessManage:452 - Complete download http(s) 200
2026-05-12 13:58:59,373 [INFO] ServerAccessManage:509 - Download File crdb.zip
2026-05-12 13:58:59,712 [INFO] FileExtend:248 - Unzip File : crdb.zip
2026-05-12 13:58:59,713 [INFO] FileExtend:263 - Standard Zip Deflate
2026-05-12 13:58:59,868 [INFO] LoadUrlFilesThread:156 - End of LoadUrlFiles Thread
2026-05-12 13:59:00,068 [INFO] ServerAccessManage:452 - Complete download http(s) 200
2026-05-12 13:59:00,069 [INFO] ServerAccessManage:509 - Download File tutoVideoDB.zip
2026-05-12 13:59:00,100 [INFO] FileExtend:248 - Unzip File : tutoVideoDB.zip
2026-05-12 13:59:00,102 [INFO] FileExtend:263 - Standard Zip Deflate
2026-05-12 13:59:00,227 [INFO] LoadUrlFilesThread:156 - End of LoadUrlFiles Thread
2026-05-12 13:59:00,233 [WARN] DbFile:41 - Overriding database path with different value: C:\Users\matuh\.stmcufinder\plugins\mcufinder/ => C:\Users\matuh\.stmcufinder\plugins\mcufinder
2026-05-12 13:59:00,510 [ERROR] ServerAccessManage:1212 - Problem, file not found on Server
2026-05-12 13:59:00,513 [ERROR] ServerAccessManage:740 - Problem, file not found on Server : api_config.json.
2026-05-12 13:59:06,837 [INFO] LoadUrlFilesThread:156 - End of LoadUrlFiles Thread
2026-05-12 13:59:08,572 [INFO] DbMcusAds:53 - JSON generation date=Mon Apr 27 10:14:29 CEST 2026 (1777277669577)
2026-05-12 13:59:08,623 [ERROR] TargetSelectorAdapter:267 - Unable to refresh data
2026-05-12 13:59:09,279 [INFO] ApiDb:581 - Connected to CubeFinder SQLite database (C:\Users\matuh\.stmcufinder\plugins\mcufinder\mcu\cube-finder-db.db)
2026-05-12 13:59:09,453 [INFO] ApiDb:668 - CubeFinder database Data Model version=2.1
2026-05-12 13:59:09,454 [INFO] ApiDb:669 - CubeFinder database Configuration version=3.0.42
2026-05-12 13:59:09,455 [INFO] ApiDb:670 - CubeFinder database generation date=2026-05-06 (1778060171)
2026-05-12 13:59:09,455 [INFO] ApiDb:671 - CubeFinder database FW Pack versions=[FP-ATR-ASTRA1_V2.0.0, FP-SNS-FLIGHT1_V5.1.0, FP-SNS-MOTENV1_V5.1.0, FP-SNS-MOTENVWB1_V1.5.0, FP-SNS-SMARTAG2_V1.2.0, FP-SNS-STBOX1_V2.1.0, STM32Cube_FW_C0_V1.4.0, STM32Cube_FW_F4_V1.28.3, STM32Cube_FW_F7_V1.17.4, STM32Cube_FW_G0_V1.6.3, STM32Cube_FW_G4_V1.6.2, STM32Cube_FW_H5_V1.6.0, STM32Cube_FW_H7RS_V1.3.0, STM32Cube_FW_H7_V1.13.0, STM32Cube_FW_L0_V1.12.2, STM32Cube_FW_L4_V1.18.2, STM32Cube_FW_L5_V1.6.0, STM32Cube_FW_N6_V1.3.0, STM32Cube_FW_U0_V1.3.0, STM32Cube_FW_U3_V1.3.0, STM32Cube_FW_U5_V1.8.0, STM32Cube_FW_WB0_V1.4.0, STM32Cube_FW_WBA_V1.9.0, STM32Cube_FW_WB_V1.24.0, STM32Cube_FW_WL3_V1.4.0, STM32Cube_FW_WL_V1.5.0, X-CUBE-ALGOBUILD_V1.4.0, X-CUBE-ALS_V1.0.2, X-CUBE-AZRTOS-F4_V1.1.0, X-CUBE-AZRTOS-F7_V1.1.0, X-CUBE-AZRTOS-G0_V1.1.0, X-CUBE-AZRTOS-G4_V2.0.0, X-CUBE-AZRTOS-H7RS_V1.1.0, X-CUBE-AZRTOS-H7_V3.5.0, X-CUBE-AZRTOS-L4_V2.0.0, X-CUBE-AZRTOS-L5_V2.0.0, X-CUBE-AZRTOS-WB_V2.0.0, X-CUBE-AZRTOS-WL_V2.0.0, X-CUBE-BLE1_V7.1.0, X-CUBE-BLE2_V3.3.0, X-CUBE-BLEMGR_V4.1.0, X-CUBE-EEPRMA1_V5.2.0, X-CUBE-FREERTOS_V1.5.0, X-CUBE-GNSS1_V6.0.0, X-CUBE-MEMS1_V12.0.0, X-CUBE-NFC4_V3.0.0, X-CUBE-NFC7_V2.0.0, X-CUBE-SFXS2LP1_V4.0.0, X-CUBE-ST67W61_V1.2.0, X-CUBE-SUBG2_V5.0.0, X-CUBE-TOF1_V3.4.3]
2026-05-12 13:59:15,743 [INFO] ApiDb:240 - Found 880 in-development CPN: [B-G473E-ZEST1S, B-WB1M-WPAN1, B-WBA5M-WPAN, B-WL5M-SUBG1, NUCLEO-C031C6, NUCLEO-C051C8, NUCLEO-C071RB, NUCLEO-C092RC, NUCLEO-H503RB, NUCLEO-H533RE, NUCLEO-H563ZI, NUCLEO-H7S3L8, NUCLEO-N657X0-Q, NUCLEO-U031R8, NUCLEO-U083RC, NUCLEO-U385RG-Q, NUCLEO-U545RE-Q, NUCLEO-U5A5ZJ-Q, NUCLEO-WB05KZ, NUCLEO-WB07CC, NUCLEO-WB09KE, NUCLEO-WBA52CG, NUCLEO-WBA55CG, NUCLEO-WL33CC1, NUCLEO-WL33CC2, STEVAL-PROTEUS1, STEVAL-SMARTAG2, STEVAL-STWINBX1, STM320518-EVAL, STM32C0116-DK, STM32C011D6Y3TR, STM32C011D6Y6TR, STM32C011F4P3, STM32C011F4P6, STM32C011F4U3, STM32C011F4U6TR, STM32C011F6P3, STM32C011F6P6, STM32C011F6U3, STM32C011F6U6TR, STM32C011J4M3, STM32C011J4M6, STM32C011J6M3, STM32C011J6M6, STM32C0316-DK, STM32C031C4T3, STM32C031C4T6, STM32C031C4U3, STM32C031C4U6, STM32C031C6T3, STM32C031C6T6, STM32C031C6U3, STM32C031C6U6, STM32C031F4P3, STM32C031F4P6, STM32C031F6P3, STM32C031F6P6, STM32C031G4U3, STM32C031G4U6, STM32C031G6U3, STM32C031G6U6, STM32C031K4T3, STM32C031K4T6, STM32C031K4U3, STM32C031K4U6, STM32C031K6T3, STM32C031K6T6, STM32C031K6U3, STM32C031K6U6, STM32C051C6T6, STM32C051C6U6, STM32C051C8T6, STM32C051C8U6, STM32C051D8Y6TR, STM32C051F6P6, STM32C051F8P6, STM32C051G6U6, STM32C051G8U6, STM32C051K6T6, STM32C051K6U6, STM32C051K8T6, STM32C071C8T6, STM32C071C8T6N, STM32C071C8U6, STM32C071C8U6N, STM32C071CBT6, STM32C071CBT6N, STM32C071CBU6, STM32C071CBU6N, STM32C071F8P6, STM32C071F8P6N, STM32C071FBP6, STM32C071FBP6N, STM32C071FBY6TR, STM32C071G8U6, STM32C071G8U6N, STM32C071GBU6, STM32C071GBU6N, STM32C071K8T6, STM32C071K8T6N, STM32C071K8U6, STM32C071K8U6N, STM32C071KBT6, STM32C071KBT6N, STM32C071KBU6, STM32C071KBU6N, STM32C071R8T6, STM32C071R8T6N, STM32C071RBI6N, STM32C071RBT6, STM32C071RBT6N, STM32C091CBT6, STM32C091CBU6, STM32C091CCT6, STM32C091CCU6, STM32C091ECY6TR, STM32C091FBP6, STM32C091FCP6, STM32C091GBU6, STM32C091GCU6, STM32C091KBT6, STM32C091KBU6, STM32C091KCT6, STM32C091KCU6, STM32C091RBT6, STM32C091RCI6, STM32C091RCT6, STM32C092CBT6, STM32C092CBU6, STM32C092CCT6, STM32C092CCU6, STM32C092ECY6TR, STM32C092FBP6, STM32C092FCP6, STM32C092GBU6, STM32C092GCU6, STM32C092KBT6, STM32C092KBU6, STM32C092KCT6, STM32C092KCU6, STM32C092RBT6, STM32C092RCI6, STM32C092RCT6, STM32G071K8TXN, STM32G071K8UXN, STM32G081GBU6N, STM32G081KBT6N, STM32G081KBUXN, STM32G0B1CCT6N, STM32G0B1KCT6, STM32G0B1NEY6TR, STM32G0B1RCT6N, STM32G0C1CCT6, STM32G0C1CCT6N, STM32G0C1CCU6N, STM32G0C1CET6N, STM32G0C1CEU6N, STM32G0C1KCT6, STM32G0C1NEY6TR, STM32G0C1RCI6N, STM32G0C1RCT6N, STM32G0C1REI6N, STM32G0C1RET6N, STM32G0C1VCI6, STM32G0C1VEI6, STM32G411C6T3, STM32G411C6T6, STM32G411C6U3, STM32G411C6U6, STM32G411C8T3, STM32G411C8T6, STM32G411C8U3, STM32G411C8U6, STM32G411CBT3, STM32G411CBT6, STM32G411CBU3, STM32G411CBU6, STM32G411K6T3, STM32G411K6T6, STM32G411K6U3, STM32G411K6U6, STM32G411K8T3, STM32G411K8T6, STM32G411K8U3, STM32G411K8U6, STM32G411KBT3, STM32G411KBT6, STM32G411KBU3, STM32G411KBU6, STM32G411M6T3, STM32G411M6T6, STM32G411M8T3, STM32G411M8T6, STM32G411MBT3, STM32G411MBT6, STM32G411R6T3, STM32G411R6T6, STM32G411R8T3, STM32G411R8T6, STM32G411RBT3, STM32G411RBT6, STM32G414CBT3, STM32G414CBT6, STM32G414CBU3, STM32G414CBU6, STM32G414CCT3, STM32G414CCT6, STM32G414CCU3, STM32G414CCU6, STM32G414MBT3, STM32G414MBT6, STM32G414MCT3, STM32G414MCT6, STM32G414RBT3, STM32G414RBT6, STM32G414RCT3, STM32G414RCT6, STM32G414VBT3, STM32G414VBT6, STM32G414VCT3, STM32G414VCT6, STM32G431CBT3Z, STM32G431RBT3Z, STM32G471CCT6, STM32G471CCU6, STM32G471CET3, STM32G471CET6, STM32G471CEU3, STM32G471CEU6, STM32G471MCT6, STM32G471MET3, STM32G471MET6, STM32G471MEY6TR, STM32G471QCT6, STM32G471QET3, STM32G471RCT6, STM32G471RET3, STM32G471RET6, STM32G471VCH6, STM32G471VCI6, STM32G471VCT6, STM32G471VEH3, STM32G471VEH6, STM32G471VEI3, STM32G471VEI6, STM32G471VET3, STM32G471VET6, STM32G473QET3Z, STM32G473RET3Z, STM32G474CCT6, STM32G491RET3Z, STM32H503CBT6, STM32H503CBU6, STM32H503EBY6TR, STM32H503KBU6, STM32H503RBT6, STM32H523CCT6, STM32H523CCU6, STM32H523CET6, STM32H523CEU6, STM32H523HEY6TR, STM32H523RCT6, STM32H523RET6, STM32H523VCI6, STM32H523VCT6, STM32H523VEI6, STM32H523VET6, STM32H523ZCJ6, STM32H523ZCT6, STM32H523ZEJ6, STM32H523ZET6, STM32H533CET6, STM32H533CEU6, STM32H533HEY6TR, STM32H533RET6, STM32H533VEI6, STM32H533VET6, STM32H533ZEJ6, STM32H533ZET6, STM32H562AGI6, STM32H562AII6, STM32H562IGK6, STM32H562IGT6, STM32H562IIK6, STM32H562IIT6, STM32H562RGT6, STM32H562RGV6, STM32H562RIT6, STM32H562RIV6, STM32H562VGT6, STM32H562VIT6, STM32H562ZGT6, STM32H562ZIT6, STM32H563AGI6, STM32H563AII3Q, STM32H563AII6, STM32H563IGK6, STM32H563IGT6, STM32H563IIK3Q, STM32H563IIK6, STM32H563IIT3Q, STM32H563IIT6, STM32H563MIY3QTR, STM32H563RGT6, STM32H563RGV6, STM32H563RIT6, STM32H563RIV6, STM32H563VGT6, STM32H563VIT3Q, STM32H563VIT6, STM32H563ZGT6, STM32H563ZIT3Q, STM32H563ZIT6, STM32H573AII3Q, STM32H573AII6, STM32H573I-DK, STM32H573IIK3Q, STM32H573IIK6, STM32H573IIT3Q, STM32H573IIT6, STM32H573MIY3QTR, STM32H573RIT6, STM32H573RIV6, STM32H573VIT3Q, STM32H573VIT6, STM32H573ZIT3Q, STM32H573ZIT6, STM32H7R3A8I6, STM32H7R3I8K6, STM32H7R3I8T6, STM32H7R3L8H6, STM32H7R3L8H6H, STM32H7R3R8V6, STM32H7R3V8H6, STM32H7R3V8T6, STM32H7R3V8Y6TR, STM32H7R3Z8J6, STM32H7R3Z8T6, STM32H7R7A8I6, STM32H7R7I8K6, STM32H7R7I8T6, STM32H7R7L8H6, STM32H7R7L8H6H, STM32H7R7Z8J6, STM32H7S3A8I6, STM32H7S3I8K6, STM32H7S3I8T6, STM32H7S3L8H6, STM32H7S3L8H6H, STM32H7S3R8V6, STM32H7S3V8H6, STM32H7S3V8T6, STM32H7S3V8Y6TR, STM32H7S3Z8J6, STM32H7S3Z8T6, STM32H7S78-DK, STM32H7S7A8I6, STM32H7S7I8K6, STM32H7S7I8T6, STM32H7S7L8H6, STM32H7S7L8H6H, STM32H7S7Z8J6, STM32L4R5QGI6STR, STM32MP131AAE3, STM32MP131AAF3, STM32MP131AAG3, STM32MP131CAE3, STM32MP131CAF3, STM32MP131CAG3, STM32MP131DAE7, STM32MP131DAF7, STM32MP131DAG7, STM32MP131FAE7, STM32MP131FAF7, STM32MP131FAG7, STM32MP133AAE3, STM32MP133AAF3, STM32MP133AAG3, STM32MP133CAE3, STM32MP133CAF3, STM32MP133CAG3, STM32MP133DAE7, STM32MP133DAF7, STM32MP133DAG7, STM32MP133FAE7, STM32MP133FAF7, STM32MP133FAG7, STM32MP135AAE3, STM32MP135AAF3, STM32MP135AAG3, STM32MP135CAE3, STM32MP135CAF3, STM32MP135CAG3, STM32MP135DAE7, STM32MP135DAF7, STM32MP135DAG7, STM32MP135F-DK, STM32MP135FAE7, STM32MP135FAF7, STM32MP135FAF7T, STM32MP135FAF7U, STM32MP135FAG7, STM32MP211AAL3, STM32MP211AAM3, STM32MP211AAN3, STM32MP211AAO3, STM32MP211CAL3, STM32MP211CAM3, STM32MP211CAN3, STM32MP211CAO3, STM32MP211DAL3, STM32MP211DAM3, STM32MP211DAN3, STM32MP211DAO3, STM32MP211FAL3, STM32MP211FAM3, STM32MP211FAN3, STM32MP211FAO3, STM32MP213AAL3, STM32MP213AAM3, STM32MP213AAN3, STM32MP213AAO3, STM32MP213CAL3, STM32MP213CAM3, STM32MP213CAN3, STM32MP213CAO3, STM32MP213DAL3, STM32MP213DAM3, STM32MP213DAN3, STM32MP213DAO3, STM32MP213FAL3, STM32MP213FAM3, STM32MP213FAN3, STM32MP213FAO3, STM32MP215AAL3, STM32MP215AAM3, STM32MP215AAN3, STM32MP215AAO3, STM32MP215CAL3, STM32MP215CAM3, STM32MP215CAN3, STM32MP215CAO3, STM32MP215DAL3, STM32MP215DAM3, STM32MP215DAN3, STM32MP215DAO3, STM32MP215F-DK, STM32MP215FAL3, STM32MP215FAM3, STM32MP215FAN3, STM32MP215FAO3, STM32MP231AAJ3, STM32MP231AAK3, STM32MP231AAL3, STM32MP231CAJ3, STM32MP231CAK3, STM32MP231CAL3, STM32MP231DAJ3, STM32MP231DAK3, STM32MP231DAL3, STM32MP231FAJ3, STM32MP231FAK3, STM32MP231FAL3, STM32MP233AAJ3, STM32MP233AAK3, STM32MP233AAL3, STM32MP233CAJ3, STM32MP233CAK3, STM32MP233CAL3, STM32MP233DAJ3, STM32MP233DAK3, STM32MP233DAL3, STM32MP233FAJ3, STM32MP233FAK3, STM32MP233FAL3, STM32MP235AAJ3, STM32MP235AAK3, STM32MP235AAL3, STM32MP235CAJ3, STM32MP235CAK3, STM32MP235CAL3, STM32MP235DAJ3, STM32MP235DAK3, STM32MP235DAL3, STM32MP235FAJ3, STM32MP235FAK3, STM32MP235FAL3, STM32MP251AAI3, STM32MP251AAK3, STM32MP251AAL3, STM32MP251CAI3, STM32MP251CAK3, STM32MP251CAL3, STM32MP251DAI3, STM32MP251DAK3, STM32MP251DAL3, STM32MP251FAI3, STM32MP251FAK3, STM32MP251FAL3, STM32MP253AAI3, STM32MP253AAK3, STM32MP253AAL3, STM32MP253CAI3, STM32MP253CAK3, STM32MP253CAL3, STM32MP253DAI3, STM32MP253DAK3, STM32MP253DAL3, STM32MP253FAI3, STM32MP253FAK3, STM32MP253FAL3, STM32MP255AAI3, STM32MP255AAK3, STM32MP255AAL3, STM32MP255CAI3, STM32MP255CAK3, STM32MP255CAL3, STM32MP255DAI3, STM32MP255DAK3, STM32MP255DAL3, STM32MP255FAI3, STM32MP255FAK3, STM32MP255FAL3, STM32MP257AAI3, STM32MP257AAK3, STM32MP257AAL3, STM32MP257CAI3, STM32MP257CAK3, STM32MP257CAL3, STM32MP257DAI3, STM32MP257DAK3, STM32MP257DAL3, STM32MP257F-DK, STM32MP257F-EV1, STM32MP257FAI3, STM32MP257FAK3, STM32MP257FAL3, STM32N645A0H3Q, STM32N645B0H3Q, STM32N645I0H3Q, STM32N645L0H3Q, STM32N645X0H3Q, STM32N645Z0H3Q, STM32N647A0H3Q, STM32N647B0H3Q, STM32N647I0H3Q, STM32N647L0H3Q, STM32N647X0H3Q, STM32N647Z0H3Q, STM32N655A0H3Q, STM32N655B0H3Q, STM32N655I0H3Q, STM32N655L0H3Q, STM32N655X0H3Q, STM32N655Z0H3Q, STM32N6570-DK, STM32N657A0H3Q, STM32N657B0H3Q, STM32N657I0H3Q, STM32N657L0H3Q, STM32N657X0H3Q, STM32N657Z0H3Q, STM32U031C6T6, STM32U031C6U6, STM32U031C8T6, STM32U031C8U6, STM32U031F4P6, STM32U031F6P6, STM32U031F8P6, STM32U031G6Y6TR, STM32U031G8Y6TR, STM32U031K4U6, STM32U031K6U6, STM32U031K8U6, STM32U031R6I6, STM32U031R6T6, STM32U031R8I6, STM32U031R8T6, STM32U073C8T6, STM32U073C8U6, STM32U073CBT6, STM32U073CBU6, STM32U073CCT6, STM32U073CCU6, STM32U073H8Y6TR, STM32U073HBY6TR, STM32U073HCY6TR, STM32U073K8U6, STM32U073KBU6, STM32U073KCU6, STM32U073M8I6, STM32U073M8T6, STM32U073MBI6, STM32U073MBT6, STM32U073MCI6, STM32U073MCT6, STM32U073R8I6, STM32U073R8T6, STM32U073RBI6, STM32U073RBT6, STM32U073RCI6, STM32U073RCT6, STM32U083C-DK, STM32U083CCT6, STM32U083CCU6, STM32U083HCY6TR, STM32U083KCU6, STM32U083MCI6, STM32U083MCT6, STM32U083RCI6, STM32U083RCT6, STM32U375CET6, STM32U375CET6Q, STM32U375CEU6, STM32U375CEU6Q, STM32U375CEY6QTR, STM32U375CGT6, STM32U375CGT6Q, STM32U375CGU6, STM32U375CGU6Q, STM32U375CGY6QTR, STM32U375KEU6, STM32U375KGU6, STM32U375REI6, STM32U375REI6Q, STM32U375RET6, STM32U375RET6Q, STM32U375REY6GTR, STM32U375REY6QTR, STM32U375RGI6, STM32U375RGI6Q, STM32U375RGT6, STM32U375RGT6Q, STM32U375RGY6GTR, STM32U375RGY6QTR, STM32U375VEI6, STM32U375VEI6Q, STM32U375VET6, STM32U375VET6Q, STM32U375VGI6, STM32U375VGI6Q, STM32U375VGT6, STM32U375VGT6Q, STM32U385CGT6, STM32U385CGT6Q, STM32U385CGU6, STM32U385CGU6Q, STM32U385CGY6QTR, STM32U385KGU6, STM32U385RGI6, STM32U385RGI6Q, STM32U385RGT6, STM32U385RGT6Q, STM32U385RGY6GTR, STM32U385RGY6QTR, STM32U385VGI6, STM32U385VGI6Q, STM32U385VGT6, STM32U385VGT6Q, STM32U535CBT6, STM32U535CBT6Q, STM32U535CBU6, STM32U535CBU6Q, STM32U535CCT6, STM32U535CCT6Q, STM32U535CCU6, STM32U535CCU6Q, STM32U535CET6, STM32U535CET6Q, STM32U535CEU6, STM32U535CEU6Q, STM32U535JEY6QTR, STM32U535NCY6QTR, STM32U535NEY6QTR, STM32U535RBI6, STM32U535RBI6Q, STM32U535RBT6, STM32U535RBT6Q, STM32U535RCI6, STM32U535RCI6Q, STM32U535RCT6, STM32U535RCT6Q, STM32U535REI6, STM32U535REI6Q, STM32U535RET6, STM32U535RET6Q, STM32U535VCI6, STM32U535VCI6Q, STM32U535VCT6, STM32U535VCT6Q, STM32U535VEI6, STM32U535VEI6Q, STM32U535VET6, STM32U535VET6Q, STM32U545CET6, STM32U545CET6Q, STM32U545CEU6, STM32U545CEU6Q, STM32U545JEY6QTR, STM32U545NEY6QTR, STM32U545REI6, STM32U545REI6Q, STM32U545RET6, STM32U545RET6Q, STM32U545VEI6, STM32U545VEI6Q, STM32U545VET6, STM32U545VET6Q, STM32U595AIH6, STM32U595AIH6Q, STM32U595AJH6, STM32U595AJH6Q, STM32U595QII6, STM32U595QII6Q, STM32U595QJI6, STM32U595QJI6Q, STM32U595RIT6, STM32U595RIT6Q, STM32U595RJT6, STM32U595RJT6Q, STM32U595VIT6, STM32U595VIT6Q, STM32U595VJT6, STM32U595VJT6Q, STM32U595ZIT6, STM32U595ZIT6Q, STM32U595ZIY6QTR, STM32U595ZJT6, STM32U595ZJT6Q, STM32U595ZJY6QTR, STM32U599BJY6QTR, STM32U599NIH6Q, STM32U599NJH6Q, STM32U599VIT6Q, STM32U599VJT6, STM32U599VJT6Q, STM32U599ZIT6Q, STM32U599ZIY6QTR, STM32U599ZJT6Q, STM32U599ZJY6QTR, STM32U5A5AJH6, STM32U5A5AJH6Q, STM32U5A5QII3Q , STM32U5A5QJI6, STM32U5A5QJI6Q, STM32U5A5RJT6, STM32U5A5RJT6Q, STM32U5A5VJT6, STM32U5A5VJT6Q, STM32U5A5ZJT6, STM32U5A5ZJT6Q, STM32U5A5ZJY6QTR, STM32U5A9BJY6QTR, STM32U5A9J-DK, STM32U5A9NJH6Q, STM32U5A9VJT6Q, STM32U5A9ZJT6Q, STM32U5A9ZJY6QTR, STM32U5F7VIT6, STM32U5F7VIT6Q, STM32U5F7VJT6, STM32U5F7VJT6Q, STM32U5F9BJY6QTR, STM32U5F9NJH6Q, STM32U5F9VIT6Q, STM32U5F9VJT6Q, STM32U5F9ZIJ6QTR, STM32U5F9ZIT6Q, STM32U5F9ZJJ6QTR, STM32U5F9ZJT6Q, STM32U5G7VJT6, STM32U5G7VJT6Q, STM32U5G9BJY6QTR, STM32U5G9J-DK1, STM32U5G9J-DK2, STM32U5G9NJH6Q, STM32U5G9VJT6Q, STM32U5G9ZJJ6QTR, STM32U5G9ZJT6Q, STM32WB05KZV6TR, STM32WB05KZV7TR, STM32WB05TZF6TR, STM32WB05TZF7TR, STM32WB06CCF6TR, STM32WB06CCF7TR, STM32WB06CCV6TR, STM32WB06CCV7TR, STM32WB06KCV6TR, STM32WB06KCV7TR, STM32WB07CCF6TR, STM32WB07CCF7TR, STM32WB07CCV6TR, STM32WB07CCV7TR, STM32WB07KCV6TR, STM32WB07KCV7TR, STM32WB09KEV6TR, STM32WB09KEV7TR, STM32WB09TEF6TR, STM32WB09TEF7TR, STM32WB1MMCH6, STM32WBA50KGU6, STM32WBA50KGU6TR, STM32WBA52CEU6, STM32WBA52CEU6TR, STM32WBA52CEU7, STM32WBA52CEU7TR, STM32WBA52CGU6, STM32WBA52CGU6TR, STM32WBA52CGU6U, STM32WBA52CGU7, STM32WBA52CGU7TR, STM32WBA52KEU6, STM32WBA52KEU6TR, STM32WBA52KGU6, STM32WBA52KGU6TR, STM32WBA54CEU6, STM32WBA54CEU6TR, STM32WBA54CEU7, STM32WBA54CEU7TR, STM32WBA54CGU6, STM32WBA54CGU6TR, STM32WBA54CGU7, STM32WBA54CGU7TR, STM32WBA54KEU6, STM32WBA54KEU6TR, STM32WBA54KEU7, STM32WBA54KEU7TR, STM32WBA54KGU6, STM32WBA54KGU6TR, STM32WBA54KGU7, STM32WBA54KGU7TR, STM32WBA55CEU6, STM32WBA55CEU6TR, STM32WBA55CEU7, STM32WBA55CEU7TR, STM32WBA55CGU6, STM32WBA55CGU6TR, STM32WBA55CGU6U, STM32WBA55CGU7, STM32WBA55CGU7TR, STM32WBA55G-DK1, STM32WBA55HEF6, STM32WBA55HEF7, STM32WBA55HGF6, STM32WBA55HGF7, STM32WBA55UEI6, STM32WBA55UEI6TR, STM32WBA55UEI7, STM32WBA55UEI7TR, STM32WBA55UGI6, STM32WBA55UGI6TR, STM32WBA55UGI7, STM32WBA55UGI7TR, STM32WBA5MMGH6TR, STM32WBA62MGF6, STM32WBA62MIF6, STM32WBA65MGF7, STM32WBA65MIF6, STM32WBA65MIF7, STM32WL30K8V6, STM32WL30KBV6, STM32WL31C8V6, STM32WL31CBV6, STM32WL31K8V6, STM32WL31KBV6, STM32WL33C8V6, STM32WL33C8V6X, STM32WL33CBV6, STM32WL33CBV6X, STM32WL33CCV6, STM32WL33CCV6A, STM32WL33CCV6X, STM32WL33K8V7, STM32WL33K8V7X, STM32WL33KBV7 , STM32WL33KBV7X, STM32WL33KCV7, STM32WL33KCV7X, STM32WL5MOCH6, STM32WL5MOCH6TR]
2026-05-12 13:59:15,758 [INFO] DbMcus:218 - Found 5086 MCUs, 4968 are supported
2026-05-12 13:59:15,761 [INFO] ApiDb:423 - Load user favorites file C:\Users\matuh/.stm32cubeide/favorites.mcus.txt: 1 item(s)
2026-05-12 13:59:15,761 [INFO] ApiDb:427 - User favorites MCUs=[STM32G491REI6]
2026-05-12 13:59:15,762 [INFO] DbMcus:224 - Set 1 / 1 favorites MCUs
2026-05-12 13:59:17,262 [INFO] ApiDb:668 - CubeFinder database Data Model version=2.1
2026-05-12 13:59:17,262 [INFO] ApiDb:669 - CubeFinder database Configuration version=3.0.42
2026-05-12 13:59:17,263 [INFO] ApiDb:670 - CubeFinder database generation date=2026-05-06 (1778060171)
2026-05-12 13:59:17,263 [INFO] ApiDb:671 - CubeFinder database FW Pack versions=[FP-ATR-ASTRA1_V2.0.0, FP-SNS-FLIGHT1_V5.1.0, FP-SNS-MOTENV1_V5.1.0, FP-SNS-MOTENVWB1_V1.5.0, FP-SNS-SMARTAG2_V1.2.0, FP-SNS-STBOX1_V2.1.0, STM32Cube_FW_C0_V1.4.0, STM32Cube_FW_F4_V1.28.3, STM32Cube_FW_F7_V1.17.4, STM32Cube_FW_G0_V1.6.3, STM32Cube_FW_G4_V1.6.2, STM32Cube_FW_H5_V1.6.0, STM32Cube_FW_H7RS_V1.3.0, STM32Cube_FW_H7_V1.13.0, STM32Cube_FW_L0_V1.12.2, STM32Cube_FW_L4_V1.18.2, STM32Cube_FW_L5_V1.6.0, STM32Cube_FW_N6_V1.3.0, STM32Cube_FW_U0_V1.3.0, STM32Cube_FW_U3_V1.3.0, STM32Cube_FW_U5_V1.8.0, STM32Cube_FW_WB0_V1.4.0, STM32Cube_FW_WBA_V1.9.0, STM32Cube_FW_WB_V1.24.0, STM32Cube_FW_WL3_V1.4.0, STM32Cube_FW_WL_V1.5.0, X-CUBE-ALGOBUILD_V1.4.0, X-CUBE-ALS_V1.0.2, X-CUBE-AZRTOS-F4_V1.1.0, X-CUBE-AZRTOS-F7_V1.1.0, X-CUBE-AZRTOS-G0_V1.1.0, X-CUBE-AZRTOS-G4_V2.0.0, X-CUBE-AZRTOS-H7RS_V1.1.0, X-CUBE-AZRTOS-H7_V3.5.0, X-CUBE-AZRTOS-L4_V2.0.0, X-CUBE-AZRTOS-L5_V2.0.0, X-CUBE-AZRTOS-WB_V2.0.0, X-CUBE-AZRTOS-WL_V2.0.0, X-CUBE-BLE1_V7.1.0, X-CUBE-BLE2_V3.3.0, X-CUBE-BLEMGR_V4.1.0, X-CUBE-EEPRMA1_V5.2.0, X-CUBE-FREERTOS_V1.5.0, X-CUBE-GNSS1_V6.0.0, X-CUBE-MEMS1_V12.0.0, X-CUBE-NFC4_V3.0.0, X-CUBE-NFC7_V2.0.0, X-CUBE-SFXS2LP1_V4.0.0, X-CUBE-ST67W61_V1.2.0, X-CUBE-SUBG2_V5.0.0, X-CUBE-TOF1_V3.4.3]
2026-05-12 13:59:17,402 [INFO] DbBoardsSqlite:226 - include board P-NUCLEO-WB55-NUCLEO as a kit item of type 'Nucleo-64'
2026-05-12 13:59:17,402 [INFO] DbBoardsSqlite:226 - include board P-NUCLEO-WB55-USBDONGLE as a kit item of type 'Nucleo USB Dongle'
2026-05-12 13:59:17,403 [INFO] DbBoardsSqlite:226 - include board STEVAL-IDP005V1 as a kit item of type 'Evaluation Board'
2026-05-12 13:59:17,403 [INFO] DbBoardsSqlite:226 - include board STEVAL-IDP005V2 as a kit item of type 'Evaluation Board'
2026-05-12 13:59:17,601 [INFO] ApiDb:240 - Found 880 in-development CPN: [B-G473E-ZEST1S, B-WB1M-WPAN1, B-WBA5M-WPAN, B-WL5M-SUBG1, NUCLEO-C031C6, NUCLEO-C051C8, NUCLEO-C071RB, NUCLEO-C092RC, NUCLEO-H503RB, NUCLEO-H533RE, NUCLEO-H563ZI, NUCLEO-H7S3L8, NUCLEO-N657X0-Q, NUCLEO-U031R8, NUCLEO-U083RC, NUCLEO-U385RG-Q, NUCLEO-U545RE-Q, NUCLEO-U5A5ZJ-Q, NUCLEO-WB05KZ, NUCLEO-WB07CC, NUCLEO-WB09KE, NUCLEO-WBA52CG, NUCLEO-WBA55CG, NUCLEO-WL33CC1, NUCLEO-WL33CC2, STEVAL-PROTEUS1, STEVAL-SMARTAG2, STEVAL-STWINBX1, STM320518-EVAL, STM32C0116-DK, STM32C011D6Y3TR, STM32C011D6Y6TR, STM32C011F4P3, STM32C011F4P6, STM32C011F4U3, STM32C011F4U6TR, STM32C011F6P3, STM32C011F6P6, STM32C011F6U3, STM32C011F6U6TR, STM32C011J4M3, STM32C011J4M6, STM32C011J6M3, STM32C011J6M6, STM32C0316-DK, STM32C031C4T3, STM32C031C4T6, STM32C031C4U3, STM32C031C4U6, STM32C031C6T3, STM32C031C6T6, STM32C031C6U3, STM32C031C6U6, STM32C031F4P3, STM32C031F4P6, STM32C031F6P3, STM32C031F6P6, STM32C031G4U3, STM32C031G4U6, STM32C031G6U3, STM32C031G6U6, STM32C031K4T3, STM32C031K4T6, STM32C031K4U3, STM32C031K4U6, STM32C031K6T3, STM32C031K6T6, STM32C031K6U3, STM32C031K6U6, STM32C051C6T6, STM32C051C6U6, STM32C051C8T6, STM32C051C8U6, STM32C051D8Y6TR, STM32C051F6P6, STM32C051F8P6, STM32C051G6U6, STM32C051G8U6, STM32C051K6T6, STM32C051K6U6, STM32C051K8T6, STM32C071C8T6, STM32C071C8T6N, STM32C071C8U6, STM32C071C8U6N, STM32C071CBT6, STM32C071CBT6N, STM32C071CBU6, STM32C071CBU6N, STM32C071F8P6, STM32C071F8P6N, STM32C071FBP6, STM32C071FBP6N, STM32C071FBY6TR, STM32C071G8U6, STM32C071G8U6N, STM32C071GBU6, STM32C071GBU6N, STM32C071K8T6, STM32C071K8T6N, STM32C071K8U6, STM32C071K8U6N, STM32C071KBT6, STM32C071KBT6N, STM32C071KBU6, STM32C071KBU6N, STM32C071R8T6, STM32C071R8T6N, STM32C071RBI6N, STM32C071RBT6, STM32C071RBT6N, STM32C091CBT6, STM32C091CBU6, STM32C091CCT6, STM32C091CCU6, STM32C091ECY6TR, STM32C091FBP6, STM32C091FCP6, STM32C091GBU6, STM32C091GCU6, STM32C091KBT6, STM32C091KBU6, STM32C091KCT6, STM32C091KCU6, STM32C091RBT6, STM32C091RCI6, STM32C091RCT6, STM32C092CBT6, STM32C092CBU6, STM32C092CCT6, STM32C092CCU6, STM32C092ECY6TR, STM32C092FBP6, STM32C092FCP6, STM32C092GBU6, STM32C092GCU6, STM32C092KBT6, STM32C092KBU6, STM32C092KCT6, STM32C092KCU6, STM32C092RBT6, STM32C092RCI6, STM32C092RCT6, STM32G071K8TXN, STM32G071K8UXN, STM32G081GBU6N, STM32G081KBT6N, STM32G081KBUXN, STM32G0B1CCT6N, STM32G0B1KCT6, STM32G0B1NEY6TR, STM32G0B1RCT6N, STM32G0C1CCT6, STM32G0C1CCT6N, STM32G0C1CCU6N, STM32G0C1CET6N, STM32G0C1CEU6N, STM32G0C1KCT6, STM32G0C1NEY6TR, STM32G0C1RCI6N, STM32G0C1RCT6N, STM32G0C1REI6N, STM32G0C1RET6N, STM32G0C1VCI6, STM32G0C1VEI6, STM32G411C6T3, STM32G411C6T6, STM32G411C6U3, STM32G411C6U6, STM32G411C8T3, STM32G411C8T6, STM32G411C8U3, STM32G411C8U6, STM32G411CBT3, STM32G411CBT6, STM32G411CBU3, STM32G411CBU6, STM32G411K6T3, STM32G411K6T6, STM32G411K6U3, STM32G411K6U6, STM32G411K8T3, STM32G411K8T6, STM32G411K8U3, STM32G411K8U6, STM32G411KBT3, STM32G411KBT6, STM32G411KBU3, STM32G411KBU6, STM32G411M6T3, STM32G411M6T6, STM32G411M8T3, STM32G411M8T6, STM32G411MBT3, STM32G411MBT6, STM32G411R6T3, STM32G411R6T6, STM32G411R8T3, STM32G411R8T6, STM32G411RBT3, STM32G411RBT6, STM32G414CBT3, STM32G414CBT6, STM32G414CBU3, STM32G414CBU6, STM32G414CCT3, STM32G414CCT6, STM32G414CCU3, STM32G414CCU6, STM32G414MBT3, STM32G414MBT6, STM32G414MCT3, STM32G414MCT6, STM32G414RBT3, STM32G414RBT6, STM32G414RCT3, STM32G414RCT6, STM32G414VBT3, STM32G414VBT6, STM32G414VCT3, STM32G414VCT6, STM32G431CBT3Z, STM32G431RBT3Z, STM32G471CCT6, STM32G471CCU6, STM32G471CET3, STM32G471CET6, STM32G471CEU3, STM32G471CEU6, STM32G471MCT6, STM32G471MET3, STM32G471MET6, STM32G471MEY6TR, STM32G471QCT6, STM32G471QET3, STM32G471RCT6, STM32G471RET3, STM32G471RET6, STM32G471VCH6, STM32G471VCI6, STM32G471VCT6, STM32G471VEH3, STM32G471VEH6, STM32G471VEI3, STM32G471VEI6, STM32G471VET3, STM32G471VET6, STM32G473QET3Z, STM32G473RET3Z, STM32G474CCT6, STM32G491RET3Z, STM32H503CBT6, STM32H503CBU6, STM32H503EBY6TR, STM32H503KBU6, STM32H503RBT6, STM32H523CCT6, STM32H523CCU6, STM32H523CET6, STM32H523CEU6, STM32H523HEY6TR, STM32H523RCT6, STM32H523RET6, STM32H523VCI6, STM32H523VCT6, STM32H523VEI6, STM32H523VET6, STM32H523ZCJ6, STM32H523ZCT6, STM32H523ZEJ6, STM32H523ZET6, STM32H533CET6, STM32H533CEU6, STM32H533HEY6TR, STM32H533RET6, STM32H533VEI6, STM32H533VET6, STM32H533ZEJ6, STM32H533ZET6, STM32H562AGI6, STM32H562AII6, STM32H562IGK6, STM32H562IGT6, STM32H562IIK6, STM32H562IIT6, STM32H562RGT6, STM32H562RGV6, STM32H562RIT6, STM32H562RIV6, STM32H562VGT6, STM32H562VIT6, STM32H562ZGT6, STM32H562ZIT6, STM32H563AGI6, STM32H563AII3Q, STM32H563AII6, STM32H563IGK6, STM32H563IGT6, STM32H563IIK3Q, STM32H563IIK6, STM32H563IIT3Q, STM32H563IIT6, STM32H563MIY3QTR, STM32H563RGT6, STM32H563RGV6, STM32H563RIT6, STM32H563RIV6, STM32H563VGT6, STM32H563VIT3Q, STM32H563VIT6, STM32H563ZGT6, STM32H563ZIT3Q, STM32H563ZIT6, STM32H573AII3Q, STM32H573AII6, STM32H573I-DK, STM32H573IIK3Q, STM32H573IIK6, STM32H573IIT3Q, STM32H573IIT6, STM32H573MIY3QTR, STM32H573RIT6, STM32H573RIV6, STM32H573VIT3Q, STM32H573VIT6, STM32H573ZIT3Q, STM32H573ZIT6, STM32H7R3A8I6, STM32H7R3I8K6, STM32H7R3I8T6, STM32H7R3L8H6, STM32H7R3L8H6H, STM32H7R3R8V6, STM32H7R3V8H6, STM32H7R3V8T6, STM32H7R3V8Y6TR, STM32H7R3Z8J6, STM32H7R3Z8T6, STM32H7R7A8I6, STM32H7R7I8K6, STM32H7R7I8T6, STM32H7R7L8H6, STM32H7R7L8H6H, STM32H7R7Z8J6, STM32H7S3A8I6, STM32H7S3I8K6, STM32H7S3I8T6, STM32H7S3L8H6, STM32H7S3L8H6H, STM32H7S3R8V6, STM32H7S3V8H6, STM32H7S3V8T6, STM32H7S3V8Y6TR, STM32H7S3Z8J6, STM32H7S3Z8T6, STM32H7S78-DK, STM32H7S7A8I6, STM32H7S7I8K6, STM32H7S7I8T6, STM32H7S7L8H6, STM32H7S7L8H6H, STM32H7S7Z8J6, STM32L4R5QGI6STR, STM32MP131AAE3, STM32MP131AAF3, STM32MP131AAG3, STM32MP131CAE3, STM32MP131CAF3, STM32MP131CAG3, STM32MP131DAE7, STM32MP131DAF7, STM32MP131DAG7, STM32MP131FAE7, STM32MP131FAF7, STM32MP131FAG7, STM32MP133AAE3, STM32MP133AAF3, STM32MP133AAG3, STM32MP133CAE3, STM32MP133CAF3, STM32MP133CAG3, STM32MP133DAE7, STM32MP133DAF7, STM32MP133DAG7, STM32MP133FAE7, STM32MP133FAF7, STM32MP133FAG7, STM32MP135AAE3, STM32MP135AAF3, STM32MP135AAG3, STM32MP135CAE3, STM32MP135CAF3, STM32MP135CAG3, STM32MP135DAE7, STM32MP135DAF7, STM32MP135DAG7, STM32MP135F-DK, STM32MP135FAE7, STM32MP135FAF7, STM32MP135FAF7T, STM32MP135FAF7U, STM32MP135FAG7, STM32MP211AAL3, STM32MP211AAM3, STM32MP211AAN3, STM32MP211AAO3, STM32MP211CAL3, STM32MP211CAM3, STM32MP211CAN3, STM32MP211CAO3, STM32MP211DAL3, STM32MP211DAM3, STM32MP211DAN3, STM32MP211DAO3, STM32MP211FAL3, STM32MP211FAM3, STM32MP211FAN3, STM32MP211FAO3, STM32MP213AAL3, STM32MP213AAM3, STM32MP213AAN3, STM32MP213AAO3, STM32MP213CAL3, STM32MP213CAM3, STM32MP213CAN3, STM32MP213CAO3, STM32MP213DAL3, STM32MP213DAM3, STM32MP213DAN3, STM32MP213DAO3, STM32MP213FAL3, STM32MP213FAM3, STM32MP213FAN3, STM32MP213FAO3, STM32MP215AAL3, STM32MP215AAM3, STM32MP215AAN3, STM32MP215AAO3, STM32MP215CAL3, STM32MP215CAM3, STM32MP215CAN3, STM32MP215CAO3, STM32MP215DAL3, STM32MP215DAM3, STM32MP215DAN3, STM32MP215DAO3, STM32MP215F-DK, STM32MP215FAL3, STM32MP215FAM3, STM32MP215FAN3, STM32MP215FAO3, STM32MP231AAJ3, STM32MP231AAK3, STM32MP231AAL3, STM32MP231CAJ3, STM32MP231CAK3, STM32MP231CAL3, STM32MP231DAJ3, STM32MP231DAK3, STM32MP231DAL3, STM32MP231FAJ3, STM32MP231FAK3, STM32MP231FAL3, STM32MP233AAJ3, STM32MP233AAK3, STM32MP233AAL3, STM32MP233CAJ3, STM32MP233CAK3, STM32MP233CAL3, STM32MP233DAJ3, STM32MP233DAK3, STM32MP233DAL3, STM32MP233FAJ3, STM32MP233FAK3, STM32MP233FAL3, STM32MP235AAJ3, STM32MP235AAK3, STM32MP235AAL3, STM32MP235CAJ3, STM32MP235CAK3, STM32MP235CAL3, STM32MP235DAJ3, STM32MP235DAK3, STM32MP235DAL3, STM32MP235FAJ3, STM32MP235FAK3, STM32MP235FAL3, STM32MP251AAI3, STM32MP251AAK3, STM32MP251AAL3, STM32MP251CAI3, STM32MP251CAK3, STM32MP251CAL3, STM32MP251DAI3, STM32MP251DAK3, STM32MP251DAL3, STM32MP251FAI3, STM32MP251FAK3, STM32MP251FAL3, STM32MP253AAI3, STM32MP253AAK3, STM32MP253AAL3, STM32MP253CAI3, STM32MP253CAK3, STM32MP253CAL3, STM32MP253DAI3, STM32MP253DAK3, STM32MP253DAL3, STM32MP253FAI3, STM32MP253FAK3, STM32MP253FAL3, STM32MP255AAI3, STM32MP255AAK3, STM32MP255AAL3, STM32MP255CAI3, STM32MP255CAK3, STM32MP255CAL3, STM32MP255DAI3, STM32MP255DAK3, STM32MP255DAL3, STM32MP255FAI3, STM32MP255FAK3, STM32MP255FAL3, STM32MP257AAI3, STM32MP257AAK3, STM32MP257AAL3, STM32MP257CAI3, STM32MP257CAK3, STM32MP257CAL3, STM32MP257DAI3, STM32MP257DAK3, STM32MP257DAL3, STM32MP257F-DK, STM32MP257F-EV1, STM32MP257FAI3, STM32MP257FAK3, STM32MP257FAL3, STM32N645A0H3Q, STM32N645B0H3Q, STM32N645I0H3Q, STM32N645L0H3Q, STM32N645X0H3Q, STM32N645Z0H3Q, STM32N647A0H3Q, STM32N647B0H3Q, STM32N647I0H3Q, STM32N647L0H3Q, STM32N647X0H3Q, STM32N647Z0H3Q, STM32N655A0H3Q, STM32N655B0H3Q, STM32N655I0H3Q, STM32N655L0H3Q, STM32N655X0H3Q, STM32N655Z0H3Q, STM32N6570-DK, STM32N657A0H3Q, STM32N657B0H3Q, STM32N657I0H3Q, STM32N657L0H3Q, STM32N657X0H3Q, STM32N657Z0H3Q, STM32U031C6T6, STM32U031C6U6, STM32U031C8T6, STM32U031C8U6, STM32U031F4P6, STM32U031F6P6, STM32U031F8P6, STM32U031G6Y6TR, STM32U031G8Y6TR, STM32U031K4U6, STM32U031K6U6, STM32U031K8U6, STM32U031R6I6, STM32U031R6T6, STM32U031R8I6, STM32U031R8T6, STM32U073C8T6, STM32U073C8U6, STM32U073CBT6, STM32U073CBU6, STM32U073CCT6, STM32U073CCU6, STM32U073H8Y6TR, STM32U073HBY6TR, STM32U073HCY6TR, STM32U073K8U6, STM32U073KBU6, STM32U073KCU6, STM32U073M8I6, STM32U073M8T6, STM32U073MBI6, STM32U073MBT6, STM32U073MCI6, STM32U073MCT6, STM32U073R8I6, STM32U073R8T6, STM32U073RBI6, STM32U073RBT6, STM32U073RCI6, STM32U073RCT6, STM32U083C-DK, STM32U083CCT6, STM32U083CCU6, STM32U083HCY6TR, STM32U083KCU6, STM32U083MCI6, STM32U083MCT6, STM32U083RCI6, STM32U083RCT6, STM32U375CET6, STM32U375CET6Q, STM32U375CEU6, STM32U375CEU6Q, STM32U375CEY6QTR, STM32U375CGT6, STM32U375CGT6Q, STM32U375CGU6, STM32U375CGU6Q, STM32U375CGY6QTR, STM32U375KEU6, STM32U375KGU6, STM32U375REI6, STM32U375REI6Q, STM32U375RET6, STM32U375RET6Q, STM32U375REY6GTR, STM32U375REY6QTR, STM32U375RGI6, STM32U375RGI6Q, STM32U375RGT6, STM32U375RGT6Q, STM32U375RGY6GTR, STM32U375RGY6QTR, STM32U375VEI6, STM32U375VEI6Q, STM32U375VET6, STM32U375VET6Q, STM32U375VGI6, STM32U375VGI6Q, STM32U375VGT6, STM32U375VGT6Q, STM32U385CGT6, STM32U385CGT6Q, STM32U385CGU6, STM32U385CGU6Q, STM32U385CGY6QTR, STM32U385KGU6, STM32U385RGI6, STM32U385RGI6Q, STM32U385RGT6, STM32U385RGT6Q, STM32U385RGY6GTR, STM32U385RGY6QTR, STM32U385VGI6, STM32U385VGI6Q, STM32U385VGT6, STM32U385VGT6Q, STM32U535CBT6, STM32U535CBT6Q, STM32U535CBU6, STM32U535CBU6Q, STM32U535CCT6, STM32U535CCT6Q, STM32U535CCU6, STM32U535CCU6Q, STM32U535CET6, STM32U535CET6Q, STM32U535CEU6, STM32U535CEU6Q, STM32U535JEY6QTR, STM32U535NCY6QTR, STM32U535NEY6QTR, STM32U535RBI6, STM32U535RBI6Q, STM32U535RBT6, STM32U535RBT6Q, STM32U535RCI6, STM32U535RCI6Q, STM32U535RCT6, STM32U535RCT6Q, STM32U535REI6, STM32U535REI6Q, STM32U535RET6, STM32U535RET6Q, STM32U535VCI6, STM32U535VCI6Q, STM32U535VCT6, STM32U535VCT6Q, STM32U535VEI6, STM32U535VEI6Q, STM32U535VET6, STM32U535VET6Q, STM32U545CET6, STM32U545CET6Q, STM32U545CEU6, STM32U545CEU6Q, STM32U545JEY6QTR, STM32U545NEY6QTR, STM32U545REI6, STM32U545REI6Q, STM32U545RET6, STM32U545RET6Q, STM32U545VEI6, STM32U545VEI6Q, STM32U545VET6, STM32U545VET6Q, STM32U595AIH6, STM32U595AIH6Q, STM32U595AJH6, STM32U595AJH6Q, STM32U595QII6, STM32U595QII6Q, STM32U595QJI6, STM32U595QJI6Q, STM32U595RIT6, STM32U595RIT6Q, STM32U595RJT6, STM32U595RJT6Q, STM32U595VIT6, STM32U595VIT6Q, STM32U595VJT6, STM32U595VJT6Q, STM32U595ZIT6, STM32U595ZIT6Q, STM32U595ZIY6QTR, STM32U595ZJT6, STM32U595ZJT6Q, STM32U595ZJY6QTR, STM32U599BJY6QTR, STM32U599NIH6Q, STM32U599NJH6Q, STM32U599VIT6Q, STM32U599VJT6, STM32U599VJT6Q, STM32U599ZIT6Q, STM32U599ZIY6QTR, STM32U599ZJT6Q, STM32U599ZJY6QTR, STM32U5A5AJH6, STM32U5A5AJH6Q, STM32U5A5QII3Q , STM32U5A5QJI6, STM32U5A5QJI6Q, STM32U5A5RJT6, STM32U5A5RJT6Q, STM32U5A5VJT6, STM32U5A5VJT6Q, STM32U5A5ZJT6, STM32U5A5ZJT6Q, STM32U5A5ZJY6QTR, STM32U5A9BJY6QTR, STM32U5A9J-DK, STM32U5A9NJH6Q, STM32U5A9VJT6Q, STM32U5A9ZJT6Q, STM32U5A9ZJY6QTR, STM32U5F7VIT6, STM32U5F7VIT6Q, STM32U5F7VJT6, STM32U5F7VJT6Q, STM32U5F9BJY6QTR, STM32U5F9NJH6Q, STM32U5F9VIT6Q, STM32U5F9VJT6Q, STM32U5F9ZIJ6QTR, STM32U5F9ZIT6Q, STM32U5F9ZJJ6QTR, STM32U5F9ZJT6Q, STM32U5G7VJT6, STM32U5G7VJT6Q, STM32U5G9BJY6QTR, STM32U5G9J-DK1, STM32U5G9J-DK2, STM32U5G9NJH6Q, STM32U5G9VJT6Q, STM32U5G9ZJJ6QTR, STM32U5G9ZJT6Q, STM32WB05KZV6TR, STM32WB05KZV7TR, STM32WB05TZF6TR, STM32WB05TZF7TR, STM32WB06CCF6TR, STM32WB06CCF7TR, STM32WB06CCV6TR, STM32WB06CCV7TR, STM32WB06KCV6TR, STM32WB06KCV7TR, STM32WB07CCF6TR, STM32WB07CCF7TR, STM32WB07CCV6TR, STM32WB07CCV7TR, STM32WB07KCV6TR, STM32WB07KCV7TR, STM32WB09KEV6TR, STM32WB09KEV7TR, STM32WB09TEF6TR, STM32WB09TEF7TR, STM32WB1MMCH6, STM32WBA50KGU6, STM32WBA50KGU6TR, STM32WBA52CEU6, STM32WBA52CEU6TR, STM32WBA52CEU7, STM32WBA52CEU7TR, STM32WBA52CGU6, STM32WBA52CGU6TR, STM32WBA52CGU6U, STM32WBA52CGU7, STM32WBA52CGU7TR, STM32WBA52KEU6, STM32WBA52KEU6TR, STM32WBA52KGU6, STM32WBA52KGU6TR, STM32WBA54CEU6, STM32WBA54CEU6TR, STM32WBA54CEU7, STM32WBA54CEU7TR, STM32WBA54CGU6, STM32WBA54CGU6TR, STM32WBA54CGU7, STM32WBA54CGU7TR, STM32WBA54KEU6, STM32WBA54KEU6TR, STM32WBA54KEU7, STM32WBA54KEU7TR, STM32WBA54KGU6, STM32WBA54KGU6TR, STM32WBA54KGU7, STM32WBA54KGU7TR, STM32WBA55CEU6, STM32WBA55CEU6TR, STM32WBA55CEU7, STM32WBA55CEU7TR, STM32WBA55CGU6, STM32WBA55CGU6TR, STM32WBA55CGU6U, STM32WBA55CGU7, STM32WBA55CGU7TR, STM32WBA55G-DK1, STM32WBA55HEF6, STM32WBA55HEF7, STM32WBA55HGF6, STM32WBA55HGF7, STM32WBA55UEI6, STM32WBA55UEI6TR, STM32WBA55UEI7, STM32WBA55UEI7TR, STM32WBA55UGI6, STM32WBA55UGI6TR, STM32WBA55UGI7, STM32WBA55UGI7TR, STM32WBA5MMGH6TR, STM32WBA62MGF6, STM32WBA62MIF6, STM32WBA65MGF7, STM32WBA65MIF6, STM32WBA65MIF7, STM32WL30K8V6, STM32WL30KBV6, STM32WL31C8V6, STM32WL31CBV6, STM32WL31K8V6, STM32WL31KBV6, STM32WL33C8V6, STM32WL33C8V6X, STM32WL33CBV6, STM32WL33CBV6X, STM32WL33CCV6, STM32WL33CCV6A, STM32WL33CCV6X, STM32WL33K8V7, STM32WL33K8V7X, STM32WL33KBV7 , STM32WL33KBV7X, STM32WL33KCV7, STM32WL33KCV7X, STM32WL5MOCH6, STM32WL5MOCH6TR]
2026-05-12 13:59:17,918 [INFO] BoardInfo:889 - No configuration file found for board NUCLEO-H5E5ZJ
2026-05-12 13:59:17,920 [INFO] DbBoards:161 - Board is not supported: NUCLEO-H5E5ZJ
2026-05-12 13:59:18,057 [INFO] BoardInfo:889 - No configuration file found for board NUCLEO-U3C5ZI-Q
2026-05-12 13:59:18,059 [INFO] DbBoards:161 - Board is not supported: NUCLEO-U3C5ZI-Q
2026-05-12 13:59:18,093 [INFO] BoardInfo:889 - No configuration file found for board NUCLEO-WBA25CE1
2026-05-12 13:59:18,095 [INFO] DbBoards:161 - Board is not supported: NUCLEO-WBA25CE1
2026-05-12 13:59:18,121 [INFO] BoardInfo:889 - No configuration file found for board NUCLEO-WL3RKB1
2026-05-12 13:59:18,123 [INFO] DbBoards:161 - Board is not supported: NUCLEO-WL3RKB1
2026-05-12 13:59:18,127 [INFO] BoardInfo:889 - No configuration file found for board NUCLEO-WL3RKB2
2026-05-12 13:59:18,129 [INFO] DbBoards:161 - Board is not supported: NUCLEO-WL3RKB2
2026-05-12 13:59:18,168 [INFO] BoardInfo:889 - No configuration file found for board P-NUCLEO-WB55
2026-05-12 13:59:18,170 [INFO] DbBoards:161 - Kit is not supported: P-NUCLEO-WB55
2026-05-12 13:59:18,188 [INFO] BoardInfo:889 - No configuration file found for board STEVAL-BFA001V1B
2026-05-12 13:59:18,189 [INFO] DbBoards:161 - Kit is not supported: STEVAL-BFA001V1B
2026-05-12 13:59:18,192 [INFO] BoardInfo:889 - No configuration file found for board STEVAL-BFA001V2B
2026-05-12 13:59:18,194 [INFO] DbBoards:161 - Kit is not supported: STEVAL-BFA001V2B
2026-05-12 13:59:18,447 [INFO] BoardInfo:889 - No configuration file found for board STM32H5F5J-DK
2026-05-12 13:59:18,449 [INFO] DbBoards:161 - Board is not supported: STM32H5F5J-DK
2026-05-12 13:59:18,633 [INFO] DbBoards:168 - Found 218 boards, 209 are supported
2026-05-12 13:59:18,633 [INFO] DbBoards:169 - Found 218 boards, 43 of them is supported for  Bsp
2026-05-12 13:59:18,645 [INFO] ApiDb:423 - Load user favorites file C:\Users\matuh/.stm32cubeide/favorites.boards.txt: 1 item(s)
2026-05-12 13:59:18,645 [INFO] ApiDb:427 - User favorites Boards=[NUCLEO-G491RE]
2026-05-12 13:59:18,646 [INFO] DbBoards:198 - Set 1 / 1 favorites Boards
2026-05-12 13:59:18,646 [INFO] McuFinderGlobals:76 - Set McuFinderConnectedMode to true
2026-05-12 13:59:18,662 [INFO] MultiScanPanel:200 - Auto-refresh data requested => check proxy status ongoing
2026-05-12 13:59:18,668 [INFO] FinderPluginLoader:96 - Searching for filters in installed packs
2026-05-12 13:59:21,705 [INFO] ServerAccessManage:452 - Complete download http(s) 200
2026-05-12 13:59:21,706 [INFO] ServerAccessManage:509 - Download File 
2026-05-12 13:59:21,742 [INFO] LoadUrlFilesThread:185 - End of LoadServerUrlFiles without Thread
2026-05-12 13:59:21,772 [INFO] DetailPanel:341 - Set advertising image to C:/Users/matuh/STM32Cube/Repository/\en.prom-stm32wba2-stm32-nucleo-board-0426.png
2026-05-12 14:05:02,848 [INFO] MainUpdater:2872 - connection check result : 10
2026-05-12 14:05:02,848 [INFO] MainUpdater:2872 - connection check result : 10
2026-05-12 14:05:02,878 [INFO] MicroXplorer:468 - Change Database Path : 
2026-05-12 14:05:02,879 [INFO] MicroXplorer:498 - Change Database Version : DB.6.0.150
2026-05-12 14:05:02,888 [WARN] ThirdParty:871 - waiting for thirdparty lock release [close project]
2026-05-12 14:05:02,888 [INFO] ThirdParty:873 - entering critical section [close project]
2026-05-12 14:05:02,890 [INFO] ThirdParty:883 - exiting critical section [close project]
2026-05-12 14:05:02,894 [INFO] PinOutPanel:1589 - setPackage(No Configuration,No Configuration)
2026-05-12 14:05:02,896 [INFO] UtilMem:75 - Begin LoadConfig() Used Memory: 873580008 Bytes (1073741824)
2026-05-12 14:05:02,898 [INFO] MicroXplorer:468 - Change Database Path : 
2026-05-12 14:05:02,898 [INFO] MicroXplorer:498 - Change Database Version : DB.6.0.150
2026-05-12 14:05:02,898 [INFO] OpenFileManager:355 - Change cursor
2026-05-12 14:05:02,938 [WARN] IntegrityCheckThread:84 - waiting for thirdparty lock release [integrity check]
2026-05-12 14:05:02,938 [INFO] IntegrityCheckThread:86 - entering critical section [integrity check]
2026-05-12 14:05:03,417 [WARN] PackLoader:240 - Cannot read IP mode file for STMicroelectronics.X-CUBE-AZRTOS-H7.3.5.0
2026-05-12 14:05:03,426 [WARN] PackLoader:240 - Cannot read IP mode file for STMicroelectronics.FP-SNS-MOTENVWB1.1.4.0
2026-05-12 14:05:03,432 [WARN] PackLoader:240 - Cannot read IP mode file for STMicroelectronics.FP-ATR-ASTRA1.2.0.2
2026-05-12 14:05:03,437 [WARN] PackLoader:240 - Cannot read IP mode file for STMicroelectronics.FP-ATR-ASTRA1.2.0.1
2026-05-12 14:05:03,445 [WARN] PackLoader:240 - Cannot read IP mode file for STMicroelectronics.X-CUBE-SMBUS.2.1.0
2026-05-12 14:05:03,453 [WARN] PackLoader:240 - Cannot read IP mode file for STMicroelectronics.X-CUBE-WB05N.1.1.0
2026-05-12 14:05:03,460 [WARN] PackLoader:240 - Cannot read IP mode file for STMicroelectronics.X-CUBE-ST60.1.0.0
2026-05-12 14:05:03,466 [WARN] PackLoader:240 - Cannot read IP mode file for STMicroelectronics.X-CUBE-TOUCHGFX.4.23.1
2026-05-12 14:05:03,471 [WARN] PackLoader:240 - Cannot read IP mode file for STMicroelectronics.X-CUBE-TOUCHGFX.4.23.0
2026-05-12 14:05:03,475 [WARN] PackLoader:240 - Cannot read IP mode file for STMicroelectronics.X-CUBE-TOUCHGFX.4.23.2
2026-05-12 14:05:03,491 [WARN] PackLoader:240 - Cannot read IP mode file for STMicroelectronics.X-CUBE-AZRTOS-F7.1.1.0
2026-05-12 14:05:03,500 [WARN] PackLoader:240 - Cannot read IP mode file for STMicroelectronics.FP-SNS-MOTENV1.4.3.2
2026-05-12 14:05:03,530 [WARN] PackLoader:240 - Cannot read IP mode file for STMicroelectronics.X-CUBE-MEMS1.11.0.0
2026-05-12 14:05:03,619 [WARN] PackLoader:240 - Cannot read IP mode file for STMicroelectronics.X-CUBE-BLE1.6.2.4
2026-05-12 14:05:03,625 [WARN] PackLoader:240 - Cannot read IP mode file for STMicroelectronics.FP-SNS-MOTENV1.5.1.0
2026-05-12 14:05:03,632 [WARN] PackLoader:240 - Cannot read IP mode file for STMicroelectronics.FP-SNS-FLIGHT1.5.0.2
2026-05-12 14:05:03,649 [WARN] PackLoader:240 - Cannot read IP mode file for STMicroelectronics.X-CUBE-AZRTOS-H7.3.4.0
2026-05-12 14:05:03,661 [WARN] PackLoader:240 - Cannot read IP mode file for STMicroelectronics.X-CUBE-DISPLAY.3.0.0
2026-05-12 14:05:03,669 [WARN] PackLoader:240 - Cannot read IP mode file for STMicroelectronics.X-CUBE-GNSS1.7.1.1
2026-05-12 14:05:03,675 [WARN] PackLoader:240 - Cannot read IP mode file for STMicroelectronics.FP-SNS-MOTENVWB1.1.5.0
2026-05-12 14:05:03,681 [WARN] PackLoader:240 - Cannot read IP mode file for STMicroelectronics.X-CUBE-BLE1.7.0.0
2026-05-12 14:05:03,689 [WARN] PackLoader:240 - Cannot read IP mode file for STMicroelectronics.X-CUBE-NFC10.1.0.0
2026-05-12 14:05:03,701 [WARN] PackLoader:240 - Cannot read IP mode file for STMicroelectronics.X-CUBE-BLEMGR.4.0.0
2026-05-12 14:05:03,721 [WARN] PackLoader:240 - Cannot read IP mode file for STMicroelectronics.X-CUBE-ST60.1.1.0
2026-05-12 14:05:03,730 [WARN] PackLoader:240 - Cannot read IP mode file for emotas.I-CUBE-CANOPEN.1.3.0
2026-05-12 14:05:03,736 [WARN] PackLoader:240 - Cannot read IP mode file for STMicroelectronics.X-CUBE-TOUCHGFX.4.22.0
2026-05-12 14:05:03,742 [WARN] PackLoader:240 - Cannot read IP mode file for STMicroelectronics.X-CUBE-GNSS1.7.1.0
2026-05-12 14:05:03,748 [WARN] PackLoader:240 - Cannot read IP mode file for STMicroelectronics.X-CUBE-TOUCHGFX.4.22.1
2026-05-12 14:05:03,757 [WARN] PackLoader:240 - Cannot read IP mode file for STMicroelectronics.X-CUBE-BLEMGR.3.1.0
2026-05-12 14:05:03,765 [WARN] PackLoader:240 - Cannot read IP mode file for STMicroelectronics.X-CUBE-AI.10.0.0
2026-05-12 14:05:03,775 [WARN] PackLoader:240 - Cannot read IP mode file for STMicroelectronics.FP-SNS-STBOX1.2.1.0
2026-05-12 14:05:03,784 [WARN] PackLoader:240 - Cannot read IP mode file for STMicroelectronics.FP-SNS-SMARTAG2.1.2.0
2026-05-12 14:05:03,789 [WARN] PackLoader:240 - Cannot read IP mode file for STMicroelectronics.FP-SNS-FLIGHT1.5.1.0
2026-05-12 14:05:03,822 [WARN] PackLoader:240 - Cannot read IP mode file for STMicroelectronics.X-CUBE-MEMS1.11.1.0
2026-05-12 14:05:03,903 [INFO] LogOutputStream:77 - [STDOUT_REDIRECT] 1 : Invalid condition id : UX_CORESTACK_Condition cause : null
2026-05-12 14:05:03,904 [INFO] LogOutputStream:77 - [STDOUT_REDIRECT] 1 : Invalid condition id : UX_CORESTACK_Condition cause : null
2026-05-12 14:05:03,905 [INFO] LogOutputStream:77 - [STDOUT_REDIRECT] 1 : Invalid condition id : UX_CORESTACK_Condition cause : null
2026-05-12 14:05:03,907 [INFO] LogOutputStream:77 - [STDOUT_REDIRECT] 1 : Invalid condition id : UX_CORESTACK_Condition cause : null
2026-05-12 14:05:03,909 [INFO] LogOutputStream:77 - [STDOUT_REDIRECT] 1 : Invalid condition id : UX_CORESTACK_Condition cause : null
2026-05-12 14:05:03,911 [WARN] PackLoader:240 - Cannot read IP mode file for STMicroelectronics.X-CUBE-AZRTOS-WL.2.0.0
2026-05-12 14:05:03,917 [WARN] PackLoader:240 - Cannot read IP mode file for STMicroelectronics.FP-SNS-MOTENV1.5.0.0
2026-05-12 14:05:03,933 [WARN] PackLoader:240 - Cannot read IP mode file for STMicroelectronics.X-CUBE-AZRTOS-H7RS.1.2.0
2026-05-12 14:05:03,943 [WARN] PackLoader:240 - Cannot read IP mode file for wolfSSL.I-CUBE-wolfMQTT.1.19.0
2026-05-12 14:05:03,951 [WARN] PackLoader:240 - Cannot read IP mode file for WES.I-CUBE-Cesium.1.3.0
2026-05-12 14:05:03,959 [WARN] PackLoader:240 - Cannot read IP mode file for STMicroelectronics.X-CUBE-BLE2.3.3.0
2026-05-12 14:05:03,987 [WARN] PackLoader:240 - Cannot read IP mode file for STMicroelectronics.X-CUBE-NFC9.1.0.0
2026-05-12 14:05:03,993 [WARN] PackLoader:240 - Cannot read IP mode file for STMicroelectronics.X-CUBE-BLE1.7.1.0
2026-05-12 14:05:04,000 [WARN] PackLoader:240 - Cannot read IP mode file for STMicroelectronics.X-CUBE-TCPP.4.1.0
2026-05-12 14:05:04,009 [WARN] PackLoader:240 - Cannot read IP mode file for STMicroelectronics.X-CUBE-FREERTOS.1.4.0
2026-05-12 14:05:04,016 [WARN] PackLoader:240 - Cannot read IP mode file for STMicroelectronics.X-CUBE-EEPRMA1.5.2.0
2026-05-12 14:05:04,025 [WARN] PackLoader:240 - Cannot read IP mode file for STMicroelectronics.X-CUBE-ST67W61.1.1.0
2026-05-12 14:05:04,032 [WARN] PackLoader:240 - Cannot read IP mode file for STMicroelectronics.X-CUBE-AI.10.1.0
2026-05-12 14:05:04,037 [WARN] PackLoader:240 - Cannot read IP mode file for STMicroelectronics.FP-SNS-STAIOTCFT.1.1.0
2026-05-12 14:05:04,071 [WARN] PackLoader:240 - Cannot read IP mode file for STMicroelectronics.X-CUBE-MEMS1.12.0.0
2026-05-12 14:05:04,125 [WARN] PackLoader:240 - Cannot read IP mode file for STMicroelectronics.X-CUBE-ALGOBUILD.1.3.0
2026-05-12 14:05:04,161 [WARN] PackLoader:240 - Cannot read IP mode file for STMicroelectronics.X-CUBE-MEMS1.11.2.0
2026-05-12 14:05:04,272 [WARN] PackLoader:240 - Cannot read IP mode file for STMicroelectronics.X-CUBE-AZRTOS-G0.1.1.0
2026-05-12 14:05:04,286 [WARN] PackLoader:240 - Cannot read IP mode file for STMicroelectronics.X-CUBE-SAFEA1.1.2.2
2026-05-12 14:05:04,296 [WARN] PackLoader:240 - Cannot read IP mode file for STMicroelectronics.X-CUBE-NFC4.3.0.0
2026-05-12 14:05:04,313 [WARN] PackLoader:240 - Cannot read IP mode file for EmbeddedOffice.I-CUBE-FS-RTOS.1.0.1
2026-05-12 14:05:04,322 [WARN] PackLoader:240 - Cannot read IP mode file for STMicroelectronics.X-CUBE-WB05N.2.0.0
2026-05-12 14:05:04,334 [WARN] PackLoader:240 - Cannot read IP mode file for STMicroelectronics.X-CUBE-BLEMGR.3.0.0
2026-05-12 14:05:04,343 [WARN] PackLoader:240 - Cannot read IP mode file for STMicroelectronics.X-CUBE-TCPP.4.2.0
2026-05-12 14:05:04,354 [WARN] PackLoader:240 - Cannot read IP mode file for RealThread.X-CUBE-RT-Thread_Nano.4.1.1
2026-05-12 14:05:04,363 [WARN] PackLoader:240 - Cannot read IP mode file for STMicroelectronics.FP-ATR-SIGFOX1.3.2.0
2026-05-12 14:05:04,374 [WARN] ConditionMgr:438 - getConditionDescription Invalid condition id : Cortex-A Device cause : null
2026-05-12 14:05:04,387 [WARN] ConditionMgr:1044 - genDependencies : Invalid condition id : Cortex-A Device cause : null
2026-05-12 14:05:04,387 [WARN] ConditionMgr:1044 - genDependencies : Invalid condition id : Cortex-A Device cause : null
2026-05-12 14:05:04,387 [WARN] ConditionMgr:1044 - genDependencies : Invalid condition id : Cortex-A Device cause : null
2026-05-12 14:05:04,397 [WARN] PackLoader:240 - Cannot read IP mode file for STMicroelectronics.X-CUBE-EEPRMA1.5.1.0
2026-05-12 14:05:04,407 [WARN] PackLoader:240 - Cannot read IP mode file for STMicroelectronics.X-CUBE-FREERTOS.1.5.0
2026-05-12 14:05:04,421 [WARN] PackLoader:240 - Cannot read IP mode file for STMicroelectronics.X-CUBE-NFC6.3.2.0
2026-05-12 14:05:04,436 [WARN] PackLoader:240 - Cannot read IP mode file for STMicroelectronics.X-CUBE-ST67W61.1.0.0
2026-05-12 14:05:04,443 [WARN] PackLoader:240 - Cannot read IP mode file for STMicroelectronics.X-CUBE-AI.10.2.0
2026-05-12 14:05:04,494 [WARN] PackLoader:240 - Cannot read IP mode file for STMicroelectronics.X-CUBE-MEMS1.12.1.0
2026-05-12 14:05:04,648 [WARN] PackLoader:240 - Cannot read IP mode file for SEGGER.I-CUBE-embOS.1.3.1
2026-05-12 14:05:04,688 [WARN] PackLoader:240 - Cannot read IP mode file for STMicroelectronics.X-CUBE-ALGOBUILD.1.4.0
2026-05-12 14:05:04,735 [WARN] PackLoader:240 - Cannot read IP mode file for STMicroelectronics.X-CUBE-MEMS1.11.3.0
2026-05-12 14:05:04,869 [WARN] PackLoader:240 - Cannot read IP mode file for STMicroelectronics.X-CUBE-AI.9.1.0
2026-05-12 14:05:04,878 [WARN] PackLoader:240 - Cannot read IP mode file for STMicroelectronics.X-CUBE-PM33A1.1.0.0
2026-05-12 14:05:04,886 [WARN] PackLoader:240 - Cannot read IP mode file for STMicroelectronics.X-CUBE-GNSS1.6.0.0
2026-05-12 14:05:04,919 [WARN] PackLoader:240 - Cannot read IP mode file for STMicroelectronics.X-CUBE-AZRTOS-F4.1.1.0
2026-05-12 14:05:04,927 [WARN] PackLoader:240 - Cannot read IP mode file for wolfSSL.I-CUBE-wolfSSL.5.6.3
2026-05-12 14:05:04,934 [WARN] PackLoader:240 - Cannot read IP mode file for Avnet-IotConnect.X-CUBE-IoTC-DA16k-PMOD.1.0.0
2026-05-12 14:05:04,941 [WARN] PackLoader:240 - Cannot read IP mode file for STMicroelectronics.X-CUBE-ISPU.2.1.0
2026-05-12 14:05:04,957 [WARN] PackLoader:240 - Cannot read IP mode file for STMicroelectronics.X-CUBE-IPS.3.2.0
2026-05-12 14:05:04,972 [WARN] PackLoader:240 - Cannot read IP mode file for STMicroelectronics.eDS-WB_DPC_TT-BIDIR.2.1.1
2026-05-12 14:05:04,978 [WARN] PackLoader:240 - Cannot read IP mode file for STMicroelectronics.X-CUBE-FREERTOS.1.2.0
2026-05-12 14:05:04,986 [WARN] PackLoader:240 - Cannot read IP mode file for STMicroelectronics.X-CUBE-NFC12.1.0.0
2026-05-12 14:05:05,001 [WARN] PackLoader:240 - Cannot read IP mode file for STMicroelectronics.X-CUBE-AZRTOS-L5.2.0.0
2026-05-12 14:05:05,026 [WARN] PackLoader:240 - Cannot read IP mode file for STMicroelectronics.X-CUBE-MEMS1.9.6.0
2026-05-12 14:05:05,108 [WARN] PackLoader:240 - Cannot read IP mode file for STMicroelectronics.X-CUBE-EEPRMA1.4.2.0
2026-05-12 14:05:05,118 [WARN] PackLoader:240 - Cannot read IP mode file for STMicroelectronics.X-CUBE-NFC6.3.1.0
2026-05-12 14:05:05,128 [WARN] PackLoader:240 - Cannot read IP mode file for ITTIA_DB.I-CUBE-ITTIADB.8.8.0
2026-05-12 14:05:05,135 [WARN] PackLoader:240 - Cannot read IP mode file for STMicroelectronics.X-CUBE-BLEMGR.2.0.0
2026-05-12 14:05:05,146 [WARN] PackLoader:240 - Cannot read IP mode file for STMicroelectronics.X-CUBE-DPower.1.2.0
2026-05-12 14:05:05,152 [WARN] PackLoader:240 - Cannot read IP mode file for STMicroelectronics.eDS-WB_DPC_VIENNA.1.2.0
2026-05-12 14:05:05,161 [WARN] PackLoader:240 - Cannot read IP mode file for STMicroelectronics.eDS-WB_DPC_3PH2L-BIDIR.1.1.1
2026-05-12 14:05:05,167 [WARN] PackLoader:240 - Cannot read IP mode file for STMicroelectronics.X-CUBE-AI.9.0.0
2026-05-12 14:05:05,182 [WARN] ConditionMgr:438 - getConditionDescription Invalid condition id : UX DEVICE CLASS RTOS Condition cause : null
2026-05-12 14:05:05,182 [WARN] ConditionMgr:438 - getConditionDescription Invalid condition id : UX DEVICE CLASS RTOS Condition cause : null
2026-05-12 14:05:05,184 [WARN] PackLoader:240 - Cannot read IP mode file for STMicroelectronics.X-CUBE-AZRTOS-H7.3.1.0
2026-05-12 14:05:05,185 [WARN] ConditionMgr:1044 - genDependencies : Invalid condition id : UX DEVICE CLASS RTOS Condition cause : null
2026-05-12 14:05:05,185 [WARN] ConditionMgr:1044 - genDependencies : Invalid condition id : UX DEVICE CLASS RTOS Condition cause : null
2026-05-12 14:05:05,186 [WARN] ConditionMgr:1044 - genDependencies : Invalid condition id : UX DEVICE CLASS RTOS Condition cause : null
2026-05-12 14:05:05,186 [WARN] ConditionMgr:1044 - genDependencies : Invalid condition id : UX DEVICE CLASS RTOS Condition cause : null
2026-05-12 14:05:05,186 [WARN] ConditionMgr:1044 - genDependencies : Invalid condition id : UX DEVICE CLASS RTOS Condition cause : null
2026-05-12 14:05:05,190 [ERROR] Engine:466 - C:\Users\matuh\.stm32cubemx\thirdparties\pdsc\STMicroelectronics.X-CUBE-ST67W61.1.3.0.pdsc: PDSC version is not supported
2026-05-12 14:05:05,196 [WARN] PackLoader:240 - Cannot read IP mode file for STMicroelectronics.X-CUBE-FREERTOS.1.3.1
2026-05-12 14:05:05,202 [WARN] PackLoader:240 - Cannot read IP mode file for STMicroelectronics.X-CUBE-FREERTOS.1.3.0
2026-05-12 14:05:05,211 [WARN] PackLoader:240 - Cannot read IP mode file for STMicroelectronics.X-CUBE-NFC7.1.0.1
2026-05-12 14:05:05,218 [WARN] PackLoader:240 - Cannot read IP mode file for wolfSSL.I-CUBE-wolfTPM.3.2.0
2026-05-12 14:05:05,223 [WARN] PackLoader:240 - Cannot read IP mode file for STMicroelectronics.X-CUBE-TOUCHGFX.4.26.0
2026-05-12 14:05:05,231 [WARN] PackLoader:240 - Cannot read IP mode file for STMicroelectronics.X-CUBE-NFC6.3.0.0
2026-05-12 14:05:05,238 [WARN] PackLoader:240 - Cannot read IP mode file for STMicroelectronics.X-CUBE-TOUCHGFX.4.26.1
2026-05-12 14:05:05,244 [WARN] PackLoader:240 - Cannot read IP mode file for STMicroelectronics.X-CUBE-EEPRMA1.4.1.0
2026-05-12 14:05:05,251 [WARN] PackLoader:240 - Cannot read IP mode file for STMicroelectronics.FP-SNS-STAIOTCFT.1.0.0
2026-05-12 14:05:05,258 [WARN] PackLoader:240 - Cannot read IP mode file for STMicroelectronics.X-CUBE-DPower.1.3.0
2026-05-12 14:05:05,264 [WARN] PackLoader:240 - Cannot read IP mode file for STMicroelectronics.X-CUBE-AI.8.1.0
2026-05-12 14:05:05,284 [WARN] ConditionMgr:438 - getConditionDescription Invalid condition id : LAN8742 Phy interface Condition cause : null
2026-05-12 14:05:05,285 [WARN] PackLoader:240 - Cannot read IP mode file for STMicroelectronics.X-CUBE-AZRTOS-L4.2.0.0
2026-05-12 14:05:05,286 [WARN] ConditionMgr:1044 - genDependencies : Invalid condition id : LAN8742 Phy interface Condition cause : null
2026-05-12 14:05:05,286 [WARN] ConditionMgr:1044 - genDependencies : Invalid condition id : LAN8742 Phy interface Condition cause : null
2026-05-12 14:05:05,286 [WARN] ConditionMgr:1044 - genDependencies : Invalid condition id : LAN8742 Phy interface Condition cause : null
2026-05-12 14:05:05,295 [WARN] PackLoader:240 - Cannot read IP mode file for STMicroelectronics.X-CUBE-SFXS2LP1.4.0.0
2026-05-12 14:05:05,303 [WARN] PackLoader:240 - Cannot read IP mode file for STMicroelectronics.X-CUBE-WB05N.2.1.0
2026-05-12 14:05:05,310 [WARN] PackLoader:240 - Cannot read IP mode file for STMicroelectronics.X-CUBE-ST67W61.1.2.0
2026-05-12 14:05:05,317 [WARN] PackLoader:240 - Cannot read IP mode file for STMicroelectronics.X-CUBE-ISPU.1.1.0
2026-05-12 14:05:05,334 [WARN] PackLoader:240 - Cannot read IP mode file for STMicroelectronics.X-CUBE-AZRTOS-H7.3.3.0
2026-05-12 14:05:05,347 [WARN] PackLoader:240 - Cannot read IP mode file for STMicroelectronics.X-CUBE-BLEMGR.4.1.0
2026-05-12 14:05:05,362 [WARN] PackLoader:240 - Cannot read IP mode file for STMicroelectronics.X-CUBE-IPS.3.0.0
2026-05-12 14:05:05,379 [WARN] ConditionMgr:438 - getConditionDescription Invalid condition id : UX DEVICE CLASS RTOS Condition cause : null
2026-05-12 14:05:05,379 [WARN] ConditionMgr:438 - getConditionDescription Invalid condition id : UX DEVICE CLASS RTOS Condition cause : null
2026-05-12 14:05:05,381 [WARN] PackLoader:240 - Cannot read IP mode file for STMicroelectronics.X-CUBE-AZRTOS-WB.2.0.0
2026-05-12 14:05:05,381 [WARN] ConditionMgr:1044 - genDependencies : Invalid condition id : UX DEVICE CLASS RTOS Condition cause : null
2026-05-12 14:05:05,381 [WARN] ConditionMgr:1044 - genDependencies : Invalid condition id : UX DEVICE CLASS RTOS Condition cause : null
2026-05-12 14:05:05,382 [WARN] ConditionMgr:1044 - genDependencies : Invalid condition id : UX DEVICE CLASS RTOS Condition cause : null
2026-05-12 14:05:05,382 [WARN] ConditionMgr:1044 - genDependencies : Invalid condition id : UX DEVICE CLASS RTOS Condition cause : null
2026-05-12 14:05:05,382 [WARN] ConditionMgr:1044 - genDependencies : Invalid condition id : UX DEVICE CLASS RTOS Condition cause : null
2026-05-12 14:05:05,389 [WARN] PackLoader:240 - Cannot read IP mode file for STMicroelectronics.X-CUBE-FREERTOS.1.0.1
2026-05-12 14:05:05,396 [WARN] PackLoader:240 - Cannot read IP mode file for STMicroelectronics.X-CUBE-GNSS1.7.0.0
2026-05-12 14:05:05,403 [WARN] PackLoader:240 - Cannot read IP mode file for STMicroelectronics.X-CUBE-GNSS1.7.0.1
2026-05-12 14:05:05,410 [WARN] PackLoader:240 - Cannot read IP mode file for STMicroelectronics.X-CUBE-TOUCHGFX.4.25.0
2026-05-12 14:05:05,417 [WARN] PackLoader:240 - Cannot read IP mode file for STMicroelectronics.FP-SNS-STBOX1.2.0.0
2026-05-12 14:05:05,426 [WARN] PackLoader:240 - Cannot read IP mode file for STMicroelectronics.X-CUBE-STSE01.2.0.0
2026-05-12 14:05:05,439 [WARN] PackLoader:240 - Cannot read IP mode file for STMicroelectronics.X-CUBE-AZRTOS-L5.1.1.0
2026-05-12 14:05:05,446 [WARN] PackLoader:240 - Cannot read IP mode file for STMicroelectronics.X-CUBE-AI.8.0.1
2026-05-12 14:05:05,458 [WARN] PackLoader:240 - Cannot read IP mode file for STMicroelectronics.X-CUBE-SUBG2.5.0.0
2026-05-12 14:05:05,477 [WARN] PackLoader:240 - Cannot read IP mode file for STMicroelectronics.X-CUBE-AZRTOS-H7RS.1.1.0
2026-05-12 14:05:05,487 [WARN] PackLoader:240 - Cannot read IP mode file for Cesanta.I-CUBE-Mongoose.7.13.0
2026-05-12 14:05:05,497 [WARN] PackLoader:240 - Cannot read IP mode file for STMicroelectronics.X-CUBE-TOF1.3.3.1
2026-05-12 14:05:05,514 [WARN] PackLoader:240 - Cannot read IP mode file for STMicroelectronics.X-CUBE-AZRTOS-G4.2.0.0
2026-05-12 14:05:05,529 [WARN] PackLoader:240 - Cannot read IP mode file for Infineon.AIROC-Wi-Fi-Bluetooth-STM32.1.5.1
2026-05-12 14:05:05,536 [WARN] PackLoader:240 - Cannot read IP mode file for STMicroelectronics.FP-SNS-MOTENVWB1.1.3.0
2026-05-12 14:05:05,542 [WARN] PackLoader:240 - Cannot read IP mode file for STMicroelectronics.X-CUBE-NFC7.2.0.0
2026-05-12 14:05:05,548 [WARN] PackLoader:240 - Cannot read IP mode file for STMicroelectronics.FP-SNS-MOTENVWB1.1.3.1
2026-05-12 14:05:05,555 [WARN] PackLoader:240 - Cannot read IP mode file for STMicroelectronics.X-CUBE-ISPU.2.0.0
2026-05-12 14:05:05,566 [WARN] PackLoader:240 - Cannot read IP mode file for STMicroelectronics.X-CUBE-IPS.3.1.0
2026-05-12 14:05:05,578 [WARN] PackLoader:240 - Cannot read IP mode file for STMicroelectronics.X-CUBE-ALS.1.0.2
2026-05-12 14:05:05,603 [WARN] PackLoader:240 - Cannot read IP mode file for STMicroelectronics.X-CUBE-MEMS1.10.0.0
2026-05-12 14:05:05,692 [WARN] PackLoader:240 - Cannot read IP mode file for STMicroelectronics.X-CUBE-FREERTOS.1.1.0
2026-05-12 14:05:05,698 [WARN] PackLoader:240 - Cannot read IP mode file for STMicroelectronics.X-CUBE-TOUCHGFX.4.24.0
2026-05-12 14:05:05,703 [WARN] PackLoader:240 - Cannot read IP mode file for STMicroelectronics.X-CUBE-TOUCHGFX.4.24.2
2026-05-12 14:05:05,708 [WARN] PackLoader:240 - Cannot read IP mode file for STMicroelectronics.X-CUBE-TOUCHGFX.4.24.1
2026-05-12 14:05:05,715 [WARN] PackLoader:240 - Cannot read IP mode file for STMicroelectronics.X-CUBE-STSE01.1.0.0
2026-05-12 14:05:05,725 [WARN] PackLoader:240 - Cannot read IP mode file for portGmbH.I-Cube-SoM-uGOAL.1.1.0
2026-05-12 14:05:05,730 [WARN] PackLoader:240 - Cannot read IP mode file for STMicroelectronics.X-CUBE-ALS.1.0.1
2026-05-12 14:05:05,742 [WARN] PackLoader:240 - Cannot read IP mode file for STMicroelectronics.X-CUBE-AZRTOS-WB.1.1.0
2026-05-12 14:05:05,759 [WARN] PackLoader:240 - Cannot read IP mode file for STMicroelectronics.X-CUBE-AZRTOS-H7RS.1.0.0
2026-05-12 14:05:05,765 [WARN] PackLoader:240 - Cannot read IP mode file for STMicroelectronics.FP-ATR-ASTRA1.2.0.0
2026-05-12 14:05:05,776 [WARN] PackLoader:240 - Cannot read IP mode file for STMicroelectronics.X-CUBE-TOF1.3.4.2
2026-05-12 14:05:05,792 [WARN] PackLoader:240 - Cannot read IP mode file for STMicroelectronics.X-CUBE-TOF1.3.4.3
2026-05-12 14:05:05,808 [WARN] PackLoader:240 - Cannot read IP mode file for STMicroelectronics.X-CUBE-TOF1.3.4.0
2026-05-12 14:05:05,825 [WARN] PackLoader:240 - Cannot read IP mode file for STMicroelectronics.X-CUBE-TOF1.3.4.1
2026-05-12 14:05:05,848 [WARN] PackLoader:240 - Cannot read IP mode file for STMicroelectronics.X-CUBE-AZRTOS-H7.3.2.0
2026-05-12 14:05:05,855 [WARN] PackLoader:240 - Cannot read IP mode file for wolfSSL.I-CUBE-wolfSSH.1.4.17
2026-05-12 14:05:05,856 [INFO] ThirdParty:978 - Integrity check success = true
2026-05-12 14:05:05,856 [INFO] IntegrityCheckThread:100 - exiting critical section [integrity check]
2026-05-12 14:05:05,856 [INFO] IntegrityCheckThread:103 - End integrity checks thread
2026-05-12 14:05:05,936 [INFO] Mcu:2029 - Initializing MCU STM32G0B1KBUx STM32G0B1KBUx STM32G0B1KBU6
2026-05-12 14:05:12,835 [INFO] Context:786 - Trying to add GPIOservice into a context  which must be forbidden
2026-05-12 14:05:15,994 [INFO] ImportTextPane:234 - (OptionalMessage_ERROR) Unable to find key (Mcu.ThirdPartyNb) in loaded IOC file
2026-05-12 14:05:15,994 [INFO] ImportTextPane:234 - (OptionalMessage_ERROR) Unable to find key (Mcu.PinsNb) in loaded IOC file
2026-05-12 14:05:16,000 [INFO] ImportTextPane:234 - (OptionalMessage_ERROR) Pin0 (VP_RIF_VS_RIF1) cannot be retrieved for this MCU
2026-05-12 14:05:16,001 [INFO] ImportTextPane:234 - (OptionalMessage_ERROR) Unable to find key (Mcu.IPNb) in loaded IOC file
2026-05-12 14:05:17,077 [INFO] RtosManager:558 - Registered RTOS mode: class=CMSIS, group=RTOS, mode=CMSIS_V1, owner=FREERTOS
2026-05-12 14:05:17,078 [INFO] RtosManager:558 - Registered RTOS mode: class=CMSIS, group=RTOS2, mode=CMSIS_V2, owner=FREERTOS
2026-05-12 14:05:17,078 [INFO] RtosManager:558 - Registered RTOS mode: class=RTOS, group=Core, mode=CMSIS_V1, owner=FREERTOS
2026-05-12 14:05:17,079 [INFO] RtosManager:558 - Registered RTOS mode: class=RTOS, group=Core, mode=CMSIS_V2, owner=FREERTOS
2026-05-12 14:05:17,079 [WARN] ModelIntegratedComponent:184 - Missing modes for component STMicroelectronics:FreeRTOS:0.0.1:STMicroelectronics:RTOS:FreeRTOS:Core:::10.2.0:
2026-05-12 14:05:17,116 [WARN] ModelIntegratedComponent:63 - No mode defined for component null
2026-05-12 14:05:17,117 [WARN] ModelIntegratedComponent:63 - No mode defined for component null
2026-05-12 14:05:17,117 [WARN] ModelIntegratedComponent:63 - No mode defined for component null
2026-05-12 14:05:17,117 [WARN] ModelIntegratedComponent:63 - No mode defined for component null
2026-05-12 14:05:17,117 [WARN] ModelIntegratedComponent:63 - No mode defined for component null
2026-05-12 14:05:17,117 [WARN] ModelIntegratedComponent:63 - No mode defined for component null
2026-05-12 14:05:17,117 [WARN] ModelIntegratedComponent:63 - No mode defined for component null
2026-05-12 14:05:17,117 [WARN] ModelIntegratedComponent:63 - No mode defined for component null
2026-05-12 14:05:17,118 [WARN] ModelIntegratedComponent:63 - No mode defined for component null
2026-05-12 14:05:17,118 [WARN] ModelIntegratedComponent:63 - No mode defined for component null
2026-05-12 14:05:17,118 [WARN] ModelIntegratedComponent:63 - No mode defined for component null
2026-05-12 14:05:17,118 [WARN] ModelIntegratedComponent:63 - No mode defined for component null
2026-05-12 14:05:17,118 [WARN] ModelIntegratedComponent:63 - No mode defined for component null
2026-05-12 14:05:17,119 [WARN] ModelIntegratedComponent:63 - No mode defined for component null
2026-05-12 14:05:17,119 [WARN] ModelIntegratedComponent:63 - No mode defined for component null
2026-05-12 14:05:17,119 [WARN] ModelIntegratedComponent:63 - No mode defined for component null
2026-05-12 14:05:17,119 [WARN] ModelIntegratedComponent:63 - No mode defined for component null
2026-05-12 14:05:17,119 [WARN] ModelIntegratedComponent:63 - No mode defined for component null
2026-05-12 14:05:17,119 [WARN] ModelIntegratedComponent:63 - No mode defined for component null
2026-05-12 14:05:17,119 [WARN] ModelIntegratedComponent:63 - No mode defined for component null
2026-05-12 14:05:17,119 [WARN] ModelIntegratedComponent:63 - No mode defined for component null
2026-05-12 14:05:17,119 [WARN] ModelIntegratedComponent:63 - No mode defined for component null
2026-05-12 14:05:17,119 [WARN] ModelIntegratedComponent:63 - No mode defined for component null
2026-05-12 14:05:17,119 [WARN] ModelIntegratedComponent:63 - No mode defined for component null
2026-05-12 14:05:17,119 [WARN] ModelIntegratedComponent:63 - No mode defined for component null
2026-05-12 14:05:17,120 [WARN] ModelIntegratedComponent:63 - No mode defined for component null
2026-05-12 14:05:17,120 [WARN] ModelIntegratedComponent:63 - No mode defined for component null
2026-05-12 14:05:17,120 [WARN] ModelIntegratedComponent:63 - No mode defined for component null
2026-05-12 14:05:17,120 [WARN] ModelIntegratedComponent:63 - No mode defined for component null
2026-05-12 14:05:17,120 [WARN] ModelIntegratedComponent:63 - No mode defined for component null
2026-05-12 14:05:17,120 [WARN] ModelIntegratedComponent:63 - No mode defined for component null
2026-05-12 14:05:17,120 [WARN] ModelIntegratedComponent:63 - No mode defined for component null
2026-05-12 14:05:17,121 [WARN] ModelIntegratedComponent:63 - No mode defined for component null
2026-05-12 14:05:17,121 [WARN] ModelIntegratedComponent:63 - No mode defined for component null
2026-05-12 14:05:17,121 [WARN] ModelIntegratedComponent:63 - No mode defined for component null
2026-05-12 14:05:17,124 [WARN] ModelPack:524 - Component already loaded: STMicroelectronics:HAL Drivers:0.0.0:STMicroelectronics:Device:STMicro_Driver:XSPI:HAL::0.0.1:HAL_XSPI
2026-05-12 14:05:18,608 [INFO] ThirdPartyModel:298 - Start build external matchings
2026-05-12 14:05:35,439 [INFO] ThirdPartyModel:316 - End build external matchings
2026-05-12 14:05:36,344 [INFO] UtilMem:75 - End LoadConfig() Used Memory: 919905008 Bytes (1073741824)
2026-05-12 14:05:36,381 [WARN] ThirdParty:833 - waiting for thirdparty lock release [change project]
2026-05-12 14:05:36,382 [INFO] ThirdParty:835 - entering critical section [change project]
2026-05-12 14:05:36,382 [INFO] ThirdParty:1030 - CMSIS Pack Vendor :STMicroelectronics X-CUBE-AZRTOS-H7 3.5.0
2026-05-12 14:05:36,382 [INFO] ThirdParty:1030 - CMSIS Pack Vendor :STMicroelectronics X-CUBE-PM33A1 1.0.0
2026-05-12 14:05:36,382 [INFO] ThirdParty:1030 - CMSIS Pack Vendor :STMicroelectronics USBPD 4.1
2026-05-12 14:05:36,382 [INFO] ThirdParty:1030 - CMSIS Pack Vendor :STMicroelectronics X-CUBE-GNSS1 6.0.0
2026-05-12 14:05:36,382 [INFO] ThirdParty:1030 - CMSIS Pack Vendor :STMicroelectronics USB_HOST 2.0.0
2026-05-12 14:05:36,382 [INFO] ThirdParty:1030 - CMSIS Pack Vendor :STMicroelectronics FP-SNS-MOTENVWB1 1.4.0
2026-05-12 14:05:36,382 [INFO] ThirdParty:1030 - CMSIS Pack Vendor :STMicroelectronics X-CUBE-AZRTOS-F4 1.1.0
2026-05-12 14:05:36,382 [INFO] ThirdParty:1030 - CMSIS Pack Vendor :STMicroelectronics LIBJPEG 8.0.0
2026-05-12 14:05:36,382 [INFO] ThirdParty:1030 - CMSIS Pack Vendor :STMicroelectronics FP-ATR-ASTRA1 2.0.2
2026-05-12 14:05:36,382 [INFO] ThirdParty:1030 - CMSIS Pack Vendor :STMicroelectronics FP-ATR-ASTRA1 2.0.1
2026-05-12 14:05:36,382 [INFO] ThirdParty:1030 - CMSIS Pack Vendor :wolfSSL I-CUBE-wolfSSL 5.6.3
2026-05-12 14:05:36,382 [INFO] ThirdParty:1030 - CMSIS Pack Vendor :Avnet-IotConnect X-CUBE-IoTC-DA16k-PMOD 1.0.0
2026-05-12 14:05:36,382 [INFO] ThirdParty:1030 - CMSIS Pack Vendor :STMicroelectronics X-CUBE-SMBUS 2.1.0
2026-05-12 14:05:36,383 [INFO] ThirdParty:1030 - CMSIS Pack Vendor :STMicroelectronics X-CUBE-WB05N 1.1.0
2026-05-12 14:05:36,383 [INFO] ThirdParty:1030 - CMSIS Pack Vendor :STMicroelectronics X-CUBE-ISPU 2.1.0
2026-05-12 14:05:36,383 [INFO] ThirdParty:1030 - CMSIS Pack Vendor :STMicroelectronics X-CUBE-IPS 3.2.0
2026-05-12 14:05:36,383 [INFO] ThirdParty:1030 - CMSIS Pack Vendor :STMicroelectronics eDS-WB_DPC_TT-BIDIR 2.1.1
2026-05-12 14:05:36,383 [INFO] ThirdParty:1030 - CMSIS Pack Vendor :STMicroelectronics X-CUBE-FREERTOS 1.2.0
2026-05-12 14:05:36,383 [INFO] ThirdParty:1030 - CMSIS Pack Vendor :STMicroelectronics X-CUBE-ST60 1.0.0
2026-05-12 14:05:36,383 [INFO] ThirdParty:1030 - CMSIS Pack Vendor :STMicroelectronics X-CUBE-TOUCHGFX 4.23.1
2026-05-12 14:05:36,383 [INFO] ThirdParty:1030 - CMSIS Pack Vendor :STMicroelectronics X-CUBE-TOUCHGFX 4.23.0
2026-05-12 14:05:36,383 [INFO] ThirdParty:1030 - CMSIS Pack Vendor :STMicroelectronics X-CUBE-NFC12 1.0.0
2026-05-12 14:05:36,383 [INFO] ThirdParty:1030 - CMSIS Pack Vendor :STMicroelectronics X-CUBE-TOUCHGFX 4.23.2
2026-05-12 14:05:36,383 [INFO] ThirdParty:1030 - CMSIS Pack Vendor :STMicroelectronics X-CUBE-AZRTOS-F7 1.1.0
2026-05-12 14:05:36,383 [INFO] ThirdParty:1030 - CMSIS Pack Vendor :STMicroelectronics X-CUBE-AZRTOS-L5 2.0.0
2026-05-12 14:05:36,383 [INFO] ThirdParty:1030 - CMSIS Pack Vendor :STMicroelectronics USB_DEVICE 2.0.0
2026-05-12 14:05:36,383 [INFO] ThirdParty:1030 - CMSIS Pack Vendor :STMicroelectronics X-CUBE-MEMS1 9.6.0
2026-05-12 14:05:36,383 [INFO] ThirdParty:1030 - CMSIS Pack Vendor :STMicroelectronics X-CUBE-EEPRMA1 4.2.0
2026-05-12 14:05:36,383 [INFO] ThirdParty:1030 - CMSIS Pack Vendor :STMicroelectronics X-CUBE-NFC6 3.1.0
2026-05-12 14:05:36,383 [INFO] ThirdParty:1030 - CMSIS Pack Vendor :ITTIA_DB I-CUBE-ITTIADB 8.8.0
2026-05-12 14:05:36,383 [INFO] ThirdParty:1030 - CMSIS Pack Vendor :STMicroelectronics FP-SNS-MOTENV1 4.3.2
2026-05-12 14:05:36,383 [INFO] ThirdParty:1030 - CMSIS Pack Vendor :STMicroelectronics X-CUBE-MEMS1 11.0.0
2026-05-12 14:05:36,383 [INFO] ThirdParty:1030 - CMSIS Pack Vendor :STMicroelectronics X-CUBE-BLE1 6.2.4
2026-05-12 14:05:36,384 [INFO] ThirdParty:1030 - CMSIS Pack Vendor :STMicroelectronics FP-SNS-MOTENV1 5.1.0
2026-05-12 14:05:36,384 [INFO] ThirdParty:1030 - CMSIS Pack Vendor :STMicroelectronics FreeRTOS 0.0.1
2026-05-12 14:05:36,384 [INFO] ThirdParty:1030 - CMSIS Pack Vendor :STMicroelectronics X-CUBE-BLEMGR 2.0.0
2026-05-12 14:05:36,384 [INFO] ThirdParty:1030 - CMSIS Pack Vendor :STMicroelectronics X-CUBE-DPower 1.2.0
2026-05-12 14:05:36,384 [INFO] ThirdParty:1030 - CMSIS Pack Vendor :STMicroelectronics eDS-WB_DPC_VIENNA 1.2.0
2026-05-12 14:05:36,384 [INFO] ThirdParty:1030 - CMSIS Pack Vendor :STMicroelectronics FP-SNS-FLIGHT1 5.0.2
2026-05-12 14:05:36,384 [INFO] ThirdParty:1030 - CMSIS Pack Vendor :STMicroelectronics eDS-WB_DPC_3PH2L-BIDIR 1.1.1
2026-05-12 14:05:36,384 [INFO] ThirdParty:1030 - CMSIS Pack Vendor :STMicroelectronics X-CUBE-AI 9.0.0
2026-05-12 14:05:36,384 [INFO] ThirdParty:1030 - CMSIS Pack Vendor :STMicroelectronics X-CUBE-AZRTOS-H7 3.1.0
2026-05-12 14:05:36,384 [INFO] ThirdParty:1030 - CMSIS Pack Vendor :STMicroelectronics PDM2PCM 3.3.0
2026-05-12 14:05:36,384 [INFO] ThirdParty:1030 - CMSIS Pack Vendor :STMicroelectronics X-CUBE-AZRTOS-H7 3.4.0
2026-05-12 14:05:36,384 [INFO] ThirdParty:1030 - CMSIS Pack Vendor :STMicroelectronics X-CUBE-DISPLAY 3.0.0
2026-05-12 14:05:36,384 [INFO] ThirdParty:1030 - CMSIS Pack Vendor :STMicroelectronics X-CUBE-GNSS1 7.1.1
2026-05-12 14:05:36,384 [INFO] ThirdParty:1030 - CMSIS Pack Vendor :STMicroelectronics FP-SNS-MOTENVWB1 1.5.0
2026-05-12 14:05:36,384 [INFO] ThirdParty:1030 - CMSIS Pack Vendor :STMicroelectronics X-CUBE-BLE1 7.0.0
2026-05-12 14:05:36,384 [INFO] ThirdParty:1030 - CMSIS Pack Vendor :STMicroelectronics X-CUBE-NFC10 1.0.0
2026-05-12 14:05:36,384 [INFO] ThirdParty:1030 - CMSIS Pack Vendor :STMicroelectronics X-CUBE-BLEMGR 4.0.0
2026-05-12 14:05:36,384 [INFO] ThirdParty:1030 - CMSIS Pack Vendor :STMicroelectronics X-CUBE-FREERTOS 1.3.1
2026-05-12 14:05:36,384 [INFO] ThirdParty:1030 - CMSIS Pack Vendor :STMicroelectronics HAL Drivers 0.0.0
2026-05-12 14:05:36,384 [INFO] ThirdParty:1030 - CMSIS Pack Vendor :STMicroelectronics X-CUBE-ST60 1.1.0
2026-05-12 14:05:36,384 [INFO] ThirdParty:1030 - CMSIS Pack Vendor :emotas I-CUBE-CANOPEN 1.3.0
2026-05-12 14:05:36,384 [INFO] ThirdParty:1030 - CMSIS Pack Vendor :STMicroelectronics X-CUBE-FREERTOS 1.3.0
2026-05-12 14:05:36,384 [INFO] ThirdParty:1030 - CMSIS Pack Vendor :STMicroelectronics X-CUBE-TOUCHGFX 4.22.0
2026-05-12 14:05:36,385 [INFO] ThirdParty:1030 - CMSIS Pack Vendor :STMicroelectronics X-CUBE-NFC7 1.0.1
2026-05-12 14:05:36,385 [INFO] ThirdParty:1030 - CMSIS Pack Vendor :STMicroelectronics MBEDTLS 2.14.1
2026-05-12 14:05:36,385 [INFO] ThirdParty:1030 - CMSIS Pack Vendor :STMicroelectronics X-CUBE-GNSS1 7.1.0
2026-05-12 14:05:36,385 [INFO] ThirdParty:1030 - CMSIS Pack Vendor :STMicroelectronics X-CUBE-TOUCHGFX 4.22.1
2026-05-12 14:05:36,385 [INFO] ThirdParty:1030 - CMSIS Pack Vendor :wolfSSL I-CUBE-wolfTPM 3.2.0
2026-05-12 14:05:36,385 [INFO] ThirdParty:1030 - CMSIS Pack Vendor :STMicroelectronics X-CUBE-TOUCHGFX 4.26.0
2026-05-12 14:05:36,385 [INFO] ThirdParty:1030 - CMSIS Pack Vendor :STMicroelectronics X-CUBE-NFC6 3.0.0
2026-05-12 14:05:36,385 [INFO] ThirdParty:1030 - CMSIS Pack Vendor :STMicroelectronics X-CUBE-TOUCHGFX 4.26.1
2026-05-12 14:05:36,385 [INFO] ThirdParty:1030 - CMSIS Pack Vendor :STMicroelectronics X-CUBE-EEPRMA1 4.1.0
2026-05-12 14:05:36,386 [INFO] ThirdParty:1030 - CMSIS Pack Vendor :STMicroelectronics X-CUBE-BLEMGR 3.1.0
2026-05-12 14:05:36,386 [INFO] ThirdParty:1030 - CMSIS Pack Vendor :STMicroelectronics X-CUBE-AI 10.0.0
2026-05-12 14:05:36,386 [INFO] ThirdParty:1030 - CMSIS Pack Vendor :STMicroelectronics FP-SNS-STBOX1 2.1.0
2026-05-12 14:05:36,386 [INFO] ThirdParty:1030 - CMSIS Pack Vendor :STMicroelectronics FP-SNS-STAIOTCFT 1.0.0
2026-05-12 14:05:36,387 [INFO] ThirdParty:1030 - CMSIS Pack Vendor :STMicroelectronics FP-SNS-SMARTAG2 1.2.0
2026-05-12 14:05:36,387 [INFO] ThirdParty:1030 - CMSIS Pack Vendor :STMicroelectronics FP-SNS-FLIGHT1 5.1.0
2026-05-12 14:05:36,387 [INFO] ThirdParty:1030 - CMSIS Pack Vendor :STMicroelectronics X-CUBE-MEMS1 11.1.0
2026-05-12 14:05:36,388 [INFO] ThirdParty:1030 - CMSIS Pack Vendor :STMicroelectronics X-CUBE-AZRTOS-WL 2.0.0
2026-05-12 14:05:36,388 [INFO] ThirdParty:1030 - CMSIS Pack Vendor :STMicroelectronics X-CUBE-DPower 1.3.0
2026-05-12 14:05:36,388 [INFO] ThirdParty:1030 - CMSIS Pack Vendor :STMicroelectronics FP-SNS-MOTENV1 5.0.0
2026-05-12 14:05:36,388 [INFO] ThirdParty:1030 - CMSIS Pack Vendor :STMicroelectronics USB_DEVICE 1.0.0
2026-05-12 14:05:36,388 [INFO] ThirdParty:1030 - CMSIS Pack Vendor :STMicroelectronics X-CUBE-AZRTOS-H7RS 1.2.0
2026-05-12 14:05:36,388 [INFO] ThirdParty:1030 - CMSIS Pack Vendor :STMicroelectronics X-CUBE-AI 8.1.0
2026-05-12 14:05:36,388 [INFO] ThirdParty:1030 - CMSIS Pack Vendor :wolfSSL I-CUBE-wolfMQTT 1.19.0
2026-05-12 14:05:36,388 [INFO] ThirdParty:1030 - CMSIS Pack Vendor :STMicroelectronics X-CUBE-AZRTOS-L4 2.0.0
2026-05-12 14:05:36,388 [INFO] ThirdParty:1030 - CMSIS Pack Vendor :STMicroelectronics ThreadX 0.0.2
2026-05-12 14:05:36,388 [INFO] ThirdParty:1030 - CMSIS Pack Vendor :WES I-CUBE-Cesium 1.3.0
2026-05-12 14:05:36,388 [INFO] ThirdParty:1030 - CMSIS Pack Vendor :STMicroelectronics lwIP 2.1.2
2026-05-12 14:05:36,388 [INFO] ThirdParty:1030 - CMSIS Pack Vendor :STMicroelectronics X-CUBE-SFXS2LP1 4.0.0
2026-05-12 14:05:36,388 [INFO] ThirdParty:1030 - CMSIS Pack Vendor :STMicroelectronics X-CUBE-BLE2 3.3.0
2026-05-12 14:05:36,388 [INFO] ThirdParty:1030 - CMSIS Pack Vendor :Avnet-IOTCONNECT X-CUBE-iotc-st67-sdk 1.0.0
2026-05-12 14:05:36,388 [INFO] ThirdParty:1030 - CMSIS Pack Vendor :STMicroelectronics PDM2PCM 3.2.0
2026-05-12 14:05:36,388 [INFO] ThirdParty:1030 - CMSIS Pack Vendor :STMicroelectronics X-CUBE-WB05N 2.1.0
2026-05-12 14:05:36,389 [INFO] ThirdParty:1030 - CMSIS Pack Vendor :STMicroelectronics X-CUBE-ST67W61 1.2.0
2026-05-12 14:05:36,389 [INFO] ThirdParty:1030 - CMSIS Pack Vendor :STMicroelectronics X-CUBE-ISPU 1.1.0
2026-05-12 14:05:36,389 [INFO] ThirdParty:1030 - CMSIS Pack Vendor :STMicroelectronics X-CUBE-AZRTOS-H7 3.3.0
2026-05-12 14:05:36,389 [INFO] ThirdParty:1030 - CMSIS Pack Vendor :STMicroelectronics X-CUBE-NFC9 1.0.0
2026-05-12 14:05:36,389 [INFO] ThirdParty:1030 - CMSIS Pack Vendor :STMicroelectronics X-CUBE-BLE1 7.1.0
2026-05-12 14:05:36,389 [INFO] ThirdParty:1030 - CMSIS Pack Vendor :STMicroelectronics USB_DEVICE 3.0.0
2026-05-12 14:05:36,389 [INFO] ThirdParty:1030 - CMSIS Pack Vendor :STMicroelectronics X-CUBE-TCPP 4.1.0
2026-05-12 14:05:36,389 [INFO] ThirdParty:1030 - CMSIS Pack Vendor :STMicroelectronics X-CUBE-FREERTOS 1.4.0
2026-05-12 14:05:36,389 [INFO] ThirdParty:1030 - CMSIS Pack Vendor :STMicroelectronics X-CUBE-EEPRMA1 5.2.0
2026-05-12 14:05:36,389 [INFO] ThirdParty:1030 - CMSIS Pack Vendor :STMicroelectronics X-CUBE-BLEMGR 4.1.0
2026-05-12 14:05:36,389 [INFO] ThirdParty:1030 - CMSIS Pack Vendor :STMicroelectronics X-CUBE-IPS 3.0.0
2026-05-12 14:05:36,389 [INFO] ThirdParty:1030 - CMSIS Pack Vendor :STMicroelectronics X-CUBE-AZRTOS-WB 2.0.0
2026-05-12 14:05:36,389 [INFO] ThirdParty:1030 - CMSIS Pack Vendor :STMicroelectronics X-CUBE-FREERTOS 1.0.1
2026-05-12 14:05:36,390 [INFO] ThirdParty:1030 - CMSIS Pack Vendor :STMicroelectronics X-CUBE-GNSS1 7.0.0
2026-05-12 14:05:36,390 [INFO] ThirdParty:1030 - CMSIS Pack Vendor :STMicroelectronics X-CUBE-GNSS1 7.0.1
2026-05-12 14:05:36,390 [INFO] ThirdParty:1030 - CMSIS Pack Vendor :STMicroelectronics X-CUBE-TOUCHGFX 4.25.0
2026-05-12 14:05:36,390 [INFO] ThirdParty:1030 - CMSIS Pack Vendor :STMicroelectronics X-CUBE-ST67W61 1.1.0
2026-05-12 14:05:36,390 [INFO] ThirdParty:1030 - CMSIS Pack Vendor :STMicroelectronics X-CUBE-AI 10.1.0
2026-05-12 14:05:36,390 [INFO] ThirdParty:1030 - CMSIS Pack Vendor :STMicroelectronics FP-SNS-STBOX1 2.0.0
2026-05-12 14:05:36,390 [INFO] ThirdParty:1030 - CMSIS Pack Vendor :STMicroelectronics FP-SNS-STAIOTCFT 1.1.0
2026-05-12 14:05:36,390 [INFO] ThirdParty:1030 - CMSIS Pack Vendor :STMicroelectronics X-CUBE-MEMS1 12.0.0
2026-05-12 14:05:36,390 [INFO] ThirdParty:1030 - CMSIS Pack Vendor :STMicroelectronics X-CUBE-ALGOBUILD 1.3.0
2026-05-12 14:05:36,390 [INFO] ThirdParty:1030 - CMSIS Pack Vendor :STMicroelectronics X-CUBE-STSE01 2.0.0
2026-05-12 14:05:36,390 [INFO] ThirdParty:1030 - CMSIS Pack Vendor :STMicroelectronics X-CUBE-AZRTOS-L5 1.1.0
2026-05-12 14:05:36,390 [INFO] ThirdParty:1030 - CMSIS Pack Vendor :STMicroelectronics X-CUBE-MEMS1 11.2.0
2026-05-12 14:05:36,390 [INFO] ThirdParty:1030 - CMSIS Pack Vendor :STMicroelectronics X-CUBE-AZRTOS-G0 1.1.0
2026-05-12 14:05:36,391 [INFO] ThirdParty:1030 - CMSIS Pack Vendor :STMicroelectronics X-CUBE-AI 8.0.1
2026-05-12 14:05:36,391 [INFO] ThirdParty:1030 - CMSIS Pack Vendor :STMicroelectronics X-CUBE-SAFEA1 1.2.2
2026-05-12 14:05:36,391 [INFO] ThirdParty:1030 - CMSIS Pack Vendor :STMicroelectronics X-CUBE-NFC4 3.0.0
2026-05-12 14:05:36,391 [INFO] ThirdParty:1030 - CMSIS Pack Vendor :STMicroelectronics X-CUBE-SUBG2 5.0.0
2026-05-12 14:05:36,391 [INFO] ThirdParty:1030 - CMSIS Pack Vendor :STMicroelectronics X-CUBE-AZRTOS-H7RS 1.1.0
2026-05-12 14:05:36,391 [INFO] ThirdParty:1030 - CMSIS Pack Vendor :STMicroelectronics STM32_WPAN 1.0.0
2026-05-12 14:05:36,391 [INFO] ThirdParty:1030 - CMSIS Pack Vendor :EmbeddedOffice I-CUBE-FS-RTOS 1.0.1
2026-05-12 14:05:36,391 [INFO] ThirdParty:1030 - CMSIS Pack Vendor :STMicroelectronics lwIP 2.0.3
2026-05-12 14:05:36,391 [INFO] ThirdParty:1030 - CMSIS Pack Vendor :Cesanta I-CUBE-Mongoose 7.13.0
2026-05-12 14:05:36,391 [INFO] ThirdParty:1030 - CMSIS Pack Vendor :STMicroelectronics USB_HOST 1.0.0
2026-05-12 14:05:36,391 [INFO] ThirdParty:1030 - CMSIS Pack Vendor :STMicroelectronics X-CUBE-TOF1 3.3.1
2026-05-12 14:05:36,391 [INFO] ThirdParty:1030 - CMSIS Pack Vendor :STMicroelectronics X-CUBE-AZRTOS-G4 2.0.0
2026-05-12 14:05:36,391 [INFO] ThirdParty:1030 - CMSIS Pack Vendor :STMicroelectronics X-CUBE-WB05N 2.0.0
2026-05-12 14:05:36,391 [INFO] ThirdParty:1030 - CMSIS Pack Vendor :STMicroelectronics PDM2PCM 3.1.0
2026-05-12 14:05:36,391 [INFO] ThirdParty:1030 - CMSIS Pack Vendor :Infineon AIROC-Wi-Fi-Bluetooth-STM32 1.5.1
2026-05-12 14:05:36,391 [INFO] ThirdParty:1030 - CMSIS Pack Vendor :STMicroelectronics X-CUBE-BLEMGR 3.0.0
2026-05-12 14:05:36,391 [INFO] ThirdParty:1030 - CMSIS Pack Vendor :STMicroelectronics FP-SNS-MOTENVWB1 1.3.0
2026-05-12 14:05:36,391 [INFO] ThirdParty:1030 - CMSIS Pack Vendor :STMicroelectronics X-CUBE-NFC7 2.0.0
2026-05-12 14:05:36,391 [INFO] ThirdParty:1030 - CMSIS Pack Vendor :STMicroelectronics X-CUBE-TCPP 4.2.0
2026-05-12 14:05:36,391 [INFO] ThirdParty:1030 - CMSIS Pack Vendor :RealThread X-CUBE-RT-Thread_Nano 4.1.1
2026-05-12 14:05:36,391 [INFO] ThirdParty:1030 - CMSIS Pack Vendor :STMicroelectronics FP-SNS-MOTENVWB1 1.3.1
2026-05-12 14:05:36,391 [INFO] ThirdParty:1030 - CMSIS Pack Vendor :STMicroelectronics FP-ATR-SIGFOX1 3.2.0
2026-05-12 14:05:36,392 [INFO] ThirdParty:1030 - CMSIS Pack Vendor :quantropi X-CUBE-qispace-sdk-base 1.9.3
2026-05-12 14:05:36,392 [INFO] ThirdParty:1030 - CMSIS Pack Vendor :STMicroelectronics X-CUBE-ISPU 2.0.0
2026-05-12 14:05:36,392 [INFO] ThirdParty:1030 - CMSIS Pack Vendor :STMicroelectronics X-CUBE-EEPRMA1 5.1.0
2026-05-12 14:05:36,392 [INFO] ThirdParty:1030 - CMSIS Pack Vendor :STMicroelectronics X-CUBE-FREERTOS 1.5.0
2026-05-12 14:05:36,392 [INFO] ThirdParty:1030 - CMSIS Pack Vendor :STMicroelectronics MBEDTLS 2.16.2
2026-05-12 14:05:36,392 [INFO] ThirdParty:1030 - CMSIS Pack Vendor :STMicroelectronics X-CUBE-IPS 3.1.0
2026-05-12 14:05:36,392 [INFO] ThirdParty:1030 - CMSIS Pack Vendor :STMicroelectronics X-CUBE-ALS 1.0.2
2026-05-12 14:05:36,393 [INFO] ThirdParty:1030 - CMSIS Pack Vendor :STMicroelectronics X-CUBE-MEMS1 10.0.0
2026-05-12 14:05:36,393 [INFO] ThirdParty:1030 - CMSIS Pack Vendor :STMicroelectronics X-CUBE-FREERTOS 1.1.0
2026-05-12 14:05:36,393 [INFO] ThirdParty:1030 - CMSIS Pack Vendor :STMicroelectronics X-CUBE-TOUCHGFX 4.24.0
2026-05-12 14:05:36,393 [INFO] ThirdParty:1030 - CMSIS Pack Vendor :STMicroelectronics X-CUBE-TOUCHGFX 4.24.2
2026-05-12 14:05:36,393 [INFO] ThirdParty:1030 - CMSIS Pack Vendor :STMicroelectronics X-CUBE-TOUCHGFX 4.24.1
2026-05-12 14:05:36,393 [INFO] ThirdParty:1030 - CMSIS Pack Vendor :STMicroelectronics X-CUBE-STSE01 1.0.0
2026-05-12 14:05:36,393 [INFO] ThirdParty:1030 - CMSIS Pack Vendor :portGmbH I-Cube-SoM-uGOAL 1.1.0
2026-05-12 14:05:36,393 [INFO] ThirdParty:1030 - CMSIS Pack Vendor :STMicroelectronics X-CUBE-ALS 1.0.1
2026-05-12 14:05:36,394 [INFO] ThirdParty:1030 - CMSIS Pack Vendor :STMicroelectronics X-CUBE-NFC6 3.2.0
2026-05-12 14:05:36,394 [INFO] ThirdParty:1030 - CMSIS Pack Vendor :STMicroelectronics X-CUBE-ST67W61 1.0.0
2026-05-12 14:05:36,394 [INFO] ThirdParty:1030 - CMSIS Pack Vendor :STMicroelectronics X-CUBE-AI 10.2.0
2026-05-12 14:05:36,394 [INFO] ThirdParty:1030 - CMSIS Pack Vendor :STMicroelectronics ThreadX 1.0.0
2026-05-12 14:05:36,394 [INFO] ThirdParty:1030 - CMSIS Pack Vendor :STMicroelectronics X-CUBE-MEMS1 12.1.0
2026-05-12 14:05:36,394 [INFO] ThirdParty:1030 - CMSIS Pack Vendor :STMicroelectronics X-CUBE-AZRTOS-WB 1.1.0
2026-05-12 14:05:36,394 [INFO] ThirdParty:1030 - CMSIS Pack Vendor :SEGGER I-CUBE-embOS 1.3.1
2026-05-12 14:05:36,395 [INFO] ThirdParty:1030 - CMSIS Pack Vendor :STMicroelectronics X-CUBE-ALGOBUILD 1.4.0
2026-05-12 14:05:36,395 [INFO] ThirdParty:1030 - CMSIS Pack Vendor :STMicroelectronics X-CUBE-MEMS1 11.3.0
2026-05-12 14:05:36,395 [INFO] ThirdParty:1030 - CMSIS Pack Vendor :STMicroelectronics X-CUBE-AZRTOS-H7RS 1.0.0
2026-05-12 14:05:36,395 [INFO] ThirdParty:1030 - CMSIS Pack Vendor :STMicroelectronics FP-ATR-ASTRA1 2.0.0
2026-05-12 14:05:36,395 [INFO] ThirdParty:1030 - CMSIS Pack Vendor :STMicroelectronics X-CUBE-TOF1 3.4.2
2026-05-12 14:05:36,395 [INFO] ThirdParty:1030 - CMSIS Pack Vendor :STMicroelectronics X-CUBE-TOF1 3.4.3
2026-05-12 14:05:36,395 [INFO] ThirdParty:1030 - CMSIS Pack Vendor :STMicroelectronics X-CUBE-AI 9.1.0
2026-05-12 14:05:36,395 [INFO] ThirdParty:1030 - CMSIS Pack Vendor :STMicroelectronics X-CUBE-TOF1 3.4.0
2026-05-12 14:05:36,396 [INFO] ThirdParty:1030 - CMSIS Pack Vendor :STMicroelectronics X-CUBE-TOF1 3.4.1
2026-05-12 14:05:36,396 [INFO] ThirdParty:1030 - CMSIS Pack Vendor :STMicroelectronics X-CUBE-AZRTOS-H7 3.2.0
2026-05-12 14:05:36,396 [INFO] ThirdParty:1030 - CMSIS Pack Vendor :wolfSSL I-CUBE-wolfSSH 1.4.17
2026-05-12 14:05:36,397 [INFO] ThirdParty:841 - exiting critical section [change project]
2026-05-12 14:05:37,253 [INFO] PinOutPanel:1589 - setPackage(No Configuration,No Configuration)
2026-05-12 14:05:37,259 [INFO] PinOutPanel:1589 - setPackage(STM32G0B1KBUx,UFQFPN32)
2026-05-12 14:05:38,850 [INFO] UtilMem:75 - Before build in PCC Used Memory: 868765536 Bytes (1073741824)
2026-05-12 14:05:41,285 [INFO] UtilMem:75 - After build in PCC Used Memory: 975076352 Bytes (1073741824)
2026-05-12 14:05:41,400 [INFO] IPUIPlugin:80 - create IPUIPlugin
2026-05-12 14:05:41,401 [INFO] IPUIPlugin:80 - create IPUIPlugin
2026-05-12 14:05:41,401 [INFO] IPUIPlugin:80 - create IPUIPlugin
2026-05-12 14:05:41,402 [INFO] IPUIPlugin:80 - create IPUIPlugin
2026-05-12 14:05:41,402 [INFO] IPUIPlugin:80 - create IPUIPlugin
2026-05-12 14:05:41,403 [INFO] IPUIPlugin:80 - create IPUIPlugin
2026-05-12 14:05:41,403 [INFO] IPUIPlugin:80 - create IPUIPlugin
2026-05-12 14:05:41,404 [INFO] IPUIPlugin:80 - create IPUIPlugin
2026-05-12 14:05:41,404 [INFO] IPUIPlugin:80 - create IPUIPlugin
2026-05-12 14:05:41,404 [INFO] IPUIPlugin:80 - create IPUIPlugin
2026-05-12 14:05:41,404 [INFO] IPUIPlugin:80 - create IPUIPlugin
2026-05-12 14:05:41,404 [INFO] IPUIPlugin:80 - create IPUIPlugin
2026-05-12 14:05:41,405 [INFO] IPUIPlugin:80 - create IPUIPlugin
2026-05-12 14:05:41,405 [INFO] IPUIPlugin:80 - create IPUIPlugin
2026-05-12 14:05:41,407 [INFO] IPUIPlugin:80 - create IPUIPlugin
2026-05-12 14:05:41,407 [INFO] IPUIPlugin:80 - create IPUIPlugin
2026-05-12 14:05:41,408 [INFO] IPUIPlugin:80 - create IPUIPlugin
2026-05-12 14:05:41,408 [INFO] IPUIPlugin:80 - create IPUIPlugin
2026-05-12 14:05:41,409 [INFO] IPUIPlugin:80 - create IPUIPlugin
2026-05-12 14:05:41,410 [INFO] IPUIPlugin:80 - create IPUIPlugin
2026-05-12 14:05:41,410 [INFO] IPUIPlugin:80 - create IPUIPlugin
2026-05-12 14:05:41,411 [INFO] IPUIPlugin:80 - create IPUIPlugin
2026-05-12 14:05:41,412 [INFO] IPUIPlugin:80 - create IPUIPlugin
2026-05-12 14:05:41,413 [INFO] IPUIPlugin:80 - create IPUIPlugin
2026-05-12 14:05:41,414 [INFO] IPUIPlugin:80 - create IPUIPlugin
2026-05-12 14:05:41,415 [INFO] IPUIPlugin:80 - create IPUIPlugin
2026-05-12 14:05:41,415 [INFO] IPUIPlugin:80 - create IPUIPlugin
2026-05-12 14:05:41,416 [INFO] IPUIPlugin:80 - create IPUIPlugin
2026-05-12 14:05:41,416 [INFO] IPUIPlugin:80 - create IPUIPlugin
2026-05-12 14:05:41,417 [INFO] IPUIPlugin:80 - create IPUIPlugin
2026-05-12 14:05:41,417 [INFO] IPUIPlugin:80 - create IPUIPlugin
2026-05-12 14:05:41,418 [INFO] IPUIPlugin:80 - create IPUIPlugin
2026-05-12 14:05:41,418 [INFO] IPUIPlugin:80 - create IPUIPlugin
2026-05-12 14:05:41,419 [INFO] IPUIPlugin:80 - create IPUIPlugin
2026-05-12 14:05:41,419 [INFO] IPUIPlugin:80 - create IPUIPlugin
2026-05-12 14:05:41,420 [INFO] IPUIPlugin:80 - create IPUIPlugin
2026-05-12 14:05:41,421 [INFO] IPUIPlugin:80 - create IPUIPlugin
2026-05-12 14:05:41,422 [INFO] IPUIPlugin:80 - create IPUIPlugin
2026-05-12 14:05:41,423 [INFO] IPUIPlugin:80 - create IPUIPlugin
2026-05-12 14:05:41,423 [INFO] IPUIPlugin:80 - create IPUIPlugin
2026-05-12 14:05:41,424 [INFO] IPUIPlugin:80 - create IPUIPlugin
2026-05-12 14:05:41,425 [INFO] IPUIPlugin:80 - create IPUIPlugin
2026-05-12 14:05:41,426 [INFO] IPUIPlugin:80 - create IPUIPlugin
2026-05-12 14:05:41,426 [INFO] IPUIPlugin:80 - create IPUIPlugin
2026-05-12 14:05:41,427 [INFO] IPUIPlugin:80 - create IPUIPlugin
2026-05-12 14:05:41,429 [INFO] IPUIPlugin:80 - create IPUIPlugin
2026-05-12 14:05:41,429 [INFO] IPUIPlugin:80 - create IPUIPlugin
2026-05-12 14:05:41,430 [INFO] IPUIPlugin:80 - create IPUIPlugin
2026-05-12 14:05:41,431 [INFO] IPUIPlugin:80 - create IPUIPlugin
2026-05-12 14:05:41,431 [INFO] IPUIPlugin:80 - create IPUIPlugin
2026-05-12 14:05:41,432 [INFO] IPUIPlugin:80 - create IPUIPlugin
2026-05-12 14:05:41,433 [INFO] IPUIPlugin:80 - create IPUIPlugin
2026-05-12 14:05:41,433 [INFO] IPUIPlugin:80 - create IPUIPlugin
2026-05-12 14:05:41,435 [INFO] IPUIPlugin:80 - create IPUIPlugin
2026-05-12 14:05:41,436 [INFO] IPUIPlugin:80 - create IPUIPlugin
2026-05-12 14:05:42,080 [INFO] CADModel:165 - CPN selected for project levelSTM32G0B1KBU6
2026-05-12 14:05:42,081 [INFO] CADModel:114 - Register for checkConnection events
2026-05-12 14:05:42,126 [INFO] OpenFileManager:386 - Restore cursor
2026-05-12 14:05:45,840 [INFO] UtilMem:75 - End SaveConfig() Used Memory: 795378376 Bytes (1073741824)
2026-05-12 14:05:46,122 [INFO] UtilMem:75 - End SaveConfig() Used Memory: 816987488 Bytes (1073741824)
2026-05-12 14:05:47,310 [INFO] BlockDiagram:2775 - set Specific Code input for plugin: RCC
2026-05-12 14:05:47,311 [INFO] BlockDiagram:2775 - set Specific Code input for plugin: NVIC
2026-05-12 14:05:47,324 [INFO] CodeGenerator:892 - code generatio: config db path: C:\Users\matuh\STM32CubeIDE_1.19.0\STM32CubeIDE\plugins\com.st.stm32cube.common.mx_6.15.0.202507011659\\db\
2026-05-12 14:05:47,733 [INFO] CodeEngine:265 - oldGeneratedFile, D:\MojeData\Projekty\SolderFumeExtractor\CubeIDE\testing\MXTmpFiles\license.tmp_save
2026-05-12 14:05:48,576 [INFO] CodeEngine:289 - Generated code: D:\MojeData\Projekty\SolderFumeExtractor\CubeIDE\testing\MXTmpFiles\license.tmp
2026-05-12 14:05:48,631 [INFO] CodeEngine:265 - oldGeneratedFile, D:\MojeData\Projekty\SolderFumeExtractor\CubeIDE\testing\Core\Src\stm32g0xx_it.c_save
2026-05-12 14:05:49,038 [INFO] CodeEngine:289 - Generated code: D:\MojeData\Projekty\SolderFumeExtractor\CubeIDE\testing\Core\Src\stm32g0xx_it.c
2026-05-12 14:05:49,061 [INFO] CodeEngine:265 - oldGeneratedFile, D:\MojeData\Projekty\SolderFumeExtractor\CubeIDE\testing\Core\Inc\stm32g0xx_it.h_save
2026-05-12 14:05:49,268 [INFO] CodeEngine:289 - Generated code: D:\MojeData\Projekty\SolderFumeExtractor\CubeIDE\testing\Core\Inc\stm32g0xx_it.h
2026-05-12 14:05:49,645 [INFO] CodeEngine:265 - oldGeneratedFile, D:\MojeData\Projekty\SolderFumeExtractor\CubeIDE\testing\Core\Src\stm32g0xx_hal_msp.c_save
2026-05-12 14:05:49,993 [INFO] CodeEngine:289 - Generated code: D:\MojeData\Projekty\SolderFumeExtractor\CubeIDE\testing\Core\Src\stm32g0xx_hal_msp.c
2026-05-12 14:05:50,020 [INFO] CodeEngine:265 - oldGeneratedFile, D:\MojeData\Projekty\SolderFumeExtractor\CubeIDE\testing\MXTmpFiles\system.tmp_save
2026-05-12 14:05:50,190 [INFO] CodeEngine:289 - Generated code: D:\MojeData\Projekty\SolderFumeExtractor\CubeIDE\testing\MXTmpFiles\system.tmp
2026-05-12 14:05:50,234 [INFO] CodeEngine:321 - oldGeneratedFile, D:\MojeData\Projekty\SolderFumeExtractor\CubeIDE\testing\Core\Inc\stm32g0xx_hal_conf.h_save
2026-05-12 14:05:50,442 [INFO] CodeEngine:345 - Generated code: D:\MojeData\Projekty\SolderFumeExtractor\CubeIDE\testing\Core\Inc\stm32g0xx_hal_conf.h
2026-05-12 14:05:50,536 [INFO] ApiDbMcu:532 - Load IP Config File for RCC
2026-05-12 14:05:50,567 [INFO] CodeEngine:265 - oldGeneratedFile, D:\MojeData\Projekty\SolderFumeExtractor\CubeIDE\testing\Core\Inc\main.h_save
2026-05-12 14:05:50,829 [INFO] CodeEngine:289 - Generated code: D:\MojeData\Projekty\SolderFumeExtractor\CubeIDE\testing\Core\Inc\main.h
2026-05-12 14:05:50,851 [INFO] CodeEngine:265 - oldGeneratedFile, D:\MojeData\Projekty\SolderFumeExtractor\CubeIDE\testing\Core\Src\main.c_save
2026-05-12 14:05:51,180 [INFO] CodeEngine:289 - Generated code: D:\MojeData\Projekty\SolderFumeExtractor\CubeIDE\testing\Core\Src\main.c
2026-05-12 14:05:52,130 [INFO] ProjectBuilder:3606 - Time for Copy HAL[1] : 600mS.
2026-05-12 14:05:52,147 [INFO] ProjectBuilder:5216 - Project Generator version: 4.7.0-B52
2026-05-12 14:05:52,388 [INFO] ConfigFileManager:1595 - The Die is : DIE467
2026-05-12 14:05:52,467 [INFO] ApiDbMcu:532 - Load IP Config File for FATFS
2026-05-12 14:05:52,492 [INFO] ApiDbMcu:532 - Load IP Config File for FREERTOS
2026-05-12 14:05:52,513 [INFO] ApiDbMcu:532 - Load IP Config File for USBPD
2026-05-12 14:05:52,537 [INFO] ApiDbMcu:532 - Load IP Config File for USB_DEVICE
2026-05-12 14:05:52,550 [INFO] ApiDbMcu:532 - Load IP Config File for USB_HOST
2026-05-12 14:05:53,504 [INFO] LogOutputStream:77 - [STDOUT_REDIRECT] 
2026-05-12 14:05:57,922 [INFO] ProjectBuilder:5496 - Time for Generating toolchain IDE Files: 5774mS.
2026-05-12 14:05:57,924 [INFO] ProjectBuilder:3463 - Time for Copy CMSIS : 2mS.
2026-05-12 14:05:57,934 [INFO] ProjectBuilder:3463 - Time for Copy CMSIS : 0mS.
2026-05-12 14:06:00,421 [INFO] McuFinderGlobals:76 - Set McuFinderConnectedMode to true
2026-05-12 14:06:00,428 [INFO] ApiDb:448 - Save user favorites file C:\Users\matuh/.stm32cubeide/favorites.mcus.txt: 1 item(s)
2026-05-12 14:06:00,429 [INFO] ApiDb:452 - User favorites MCUs=[STM32G491REI6]
2026-05-12 14:08:33,626 [WARN] IP:2250 - RxFifo0ElmtsNbr not found: check if there is a RefParameter without a condition.
2026-05-12 14:08:33,626 [WARN] IP:2250 - RxFifo0ElmtSize not found: check if there is a RefParameter without a condition.
2026-05-12 14:08:33,626 [WARN] IP:2250 - RxFifo1ElmtsNbr not found: check if there is a RefParameter without a condition.
2026-05-12 14:08:33,627 [WARN] IP:2250 - RxFifo1ElmtSize not found: check if there is a RefParameter without a condition.
2026-05-12 14:08:33,627 [WARN] IP:2250 - RxBuffersNbr not found: check if there is a RefParameter without a condition.
2026-05-12 14:08:33,627 [WARN] IP:2250 - RxBufferSize not found: check if there is a RefParameter without a condition.
2026-05-12 14:08:33,627 [WARN] IP:2250 - TxEventsNbr not found: check if there is a RefParameter without a condition.
2026-05-12 14:08:33,627 [WARN] IP:2250 - TxBuffersNbr not found: check if there is a RefParameter without a condition.
2026-05-12 14:08:33,627 [WARN] IP:2250 - TxFifoQueueElmtsNbr not found: check if there is a RefParameter without a condition.
2026-05-12 14:08:33,627 [WARN] IP:2250 - TxElmtSize not found: check if there is a RefParameter without a condition.
2026-05-12 14:08:33,627 [WARN] IP:2250 - ClockCalibrationCCU not found: check if there is a RefParameter without a condition.
2026-05-12 14:08:33,627 [WARN] IP:2250 - ClockDividerCCU not found: check if there is a RefParameter without a condition.
2026-05-12 14:08:33,627 [WARN] IP:2250 - MinOscClkPeriodsCCU not found: check if there is a RefParameter without a condition.
2026-05-12 14:08:33,627 [WARN] IP:2250 - TimeQuantaPerBitTimeCCU not found: check if there is a RefParameter without a condition.
2026-05-12 14:08:33,627 [WARN] IP:2250 - WatchdogStartValueCCU not found: check if there is a RefParameter without a condition.
2026-05-12 14:08:33,631 [INFO] LogOutputStream:77 - [STDOUT_REDIRECT] Nominal 
2026-05-12 14:08:33,711 [WARN] IP:2250 - RxFifo0ElmtsNbr not found: check if there is a RefParameter without a condition.
2026-05-12 14:08:33,711 [WARN] IP:2250 - RxFifo0ElmtSize not found: check if there is a RefParameter without a condition.
2026-05-12 14:08:33,711 [WARN] IP:2250 - RxFifo1ElmtsNbr not found: check if there is a RefParameter without a condition.
2026-05-12 14:08:33,711 [WARN] IP:2250 - RxFifo1ElmtSize not found: check if there is a RefParameter without a condition.
2026-05-12 14:08:33,711 [WARN] IP:2250 - RxBuffersNbr not found: check if there is a RefParameter without a condition.
2026-05-12 14:08:33,711 [WARN] IP:2250 - RxBufferSize not found: check if there is a RefParameter without a condition.
2026-05-12 14:08:33,711 [WARN] IP:2250 - TxEventsNbr not found: check if there is a RefParameter without a condition.
2026-05-12 14:08:33,711 [WARN] IP:2250 - TxBuffersNbr not found: check if there is a RefParameter without a condition.
2026-05-12 14:08:33,711 [WARN] IP:2250 - TxFifoQueueElmtsNbr not found: check if there is a RefParameter without a condition.
2026-05-12 14:08:33,711 [WARN] IP:2250 - TxElmtSize not found: check if there is a RefParameter without a condition.
2026-05-12 14:08:33,711 [WARN] IP:2250 - ClockCalibrationCCU not found: check if there is a RefParameter without a condition.
2026-05-12 14:08:33,711 [WARN] IP:2250 - ClockDividerCCU not found: check if there is a RefParameter without a condition.
2026-05-12 14:08:33,711 [WARN] IP:2250 - MinOscClkPeriodsCCU not found: check if there is a RefParameter without a condition.
2026-05-12 14:08:33,712 [WARN] IP:2250 - TimeQuantaPerBitTimeCCU not found: check if there is a RefParameter without a condition.
2026-05-12 14:08:33,712 [WARN] IP:2250 - WatchdogStartValueCCU not found: check if there is a RefParameter without a condition.
2026-05-12 14:08:33,739 [INFO] Can:71 - Can Add PropertyChangeListener com.st.microxplorer.plugins.ip.can.Can@465393c4
2026-05-12 14:08:33,746 [WARN] IP:2250 - RxFifo0ElmtsNbr not found: check if there is a RefParameter without a condition.
2026-05-12 14:08:33,747 [WARN] IP:2250 - RxFifo0ElmtSize not found: check if there is a RefParameter without a condition.
2026-05-12 14:08:33,747 [WARN] IP:2250 - RxFifo1ElmtsNbr not found: check if there is a RefParameter without a condition.
2026-05-12 14:08:33,747 [WARN] IP:2250 - RxFifo1ElmtSize not found: check if there is a RefParameter without a condition.
2026-05-12 14:08:33,747 [WARN] IP:2250 - RxBuffersNbr not found: check if there is a RefParameter without a condition.
2026-05-12 14:08:33,747 [WARN] IP:2250 - RxBufferSize not found: check if there is a RefParameter without a condition.
2026-05-12 14:08:33,747 [WARN] IP:2250 - TxEventsNbr not found: check if there is a RefParameter without a condition.
2026-05-12 14:08:33,747 [WARN] IP:2250 - TxBuffersNbr not found: check if there is a RefParameter without a condition.
2026-05-12 14:08:33,747 [WARN] IP:2250 - TxFifoQueueElmtsNbr not found: check if there is a RefParameter without a condition.
2026-05-12 14:08:33,747 [WARN] IP:2250 - TxElmtSize not found: check if there is a RefParameter without a condition.
2026-05-12 14:08:33,747 [WARN] IP:2250 - ClockCalibrationCCU not found: check if there is a RefParameter without a condition.
2026-05-12 14:08:33,747 [WARN] IP:2250 - ClockDividerCCU not found: check if there is a RefParameter without a condition.
2026-05-12 14:08:33,747 [WARN] IP:2250 - MinOscClkPeriodsCCU not found: check if there is a RefParameter without a condition.
2026-05-12 14:08:33,747 [WARN] IP:2250 - TimeQuantaPerBitTimeCCU not found: check if there is a RefParameter without a condition.
2026-05-12 14:08:33,747 [WARN] IP:2250 - WatchdogStartValueCCU not found: check if there is a RefParameter without a condition.
2026-05-12 14:09:22,434 [INFO] RtosManager:1018 - Current active RTOS is FREERTOS [Cortex-M0+NS]
2026-05-12 14:09:23,222 [ERROR] RtosPanel:558 - Can not restore the selected Tab for FREERTOS(A reason can be that the tab is no more available.)
2026-05-12 14:09:23,318 [ERROR] RtosPanel:558 - Can not restore the selected Tab for FREERTOS(A reason can be that the tab is no more available.)
2026-05-12 14:09:44,872 [INFO] RtosManager:1029 - There is no active RTOS [Cortex-M0+NS]
2026-05-12 14:30:32,373 [INFO] UtilMem:75 - End SaveConfig() Used Memory: 983696792 Bytes (1073741824)
2026-05-12 14:30:36,071 [ERROR] LogOutputStream:75 - [STDERR_REDIRECT] 
