2026-05-21 15:23:22,727 [INFO] Activator:176 - 


2026-05-21 15:23:22,739 [INFO] Activator:177 - !SESSION log4j initialized
2026-05-21 15:23:34,895 [INFO] LogOutputStream:77 - [STDOUT_REDIRECT] 
2026-05-21 15:23:37,409 [INFO] ApplicationProperties:184 - Using Application install path: C:\Users\matuh\STM32CubeIDE_1.19.0\STM32CubeIDE\plugins\com.st.stm32cube.common.mx_6.15.0.202507011659
2026-05-21 15:23:37,446 [INFO] DbMcusXml:78 - Set database path to: C:\Users\matuh\STM32CubeIDE_1.19.0\STM32CubeIDE\plugins\com.st.stm32cube.common.mx_6.15.0.202507011659\\db\/mcu/
2026-05-21 15:23:37,446 [INFO] ApiDb:274 - Set plugin database path to: C:\Users\matuh\STM32CubeIDE_1.19.0\STM32CubeIDE\plugins\com.st.stm32cube.common.mx_6.15.0.202507011659\\db\/plugins/boardmanager/
2026-05-21 15:23:37,454 [WARN] ApiDb:259 - Overriding images path with different value:  => C:\Users\matuh\STM32CubeIDE_1.19.0\STM32CubeIDE\plugins\com.st.stm32cube.common.mx_6.15.0.202507011659\\db\/plugins/mcufinder/images/
2026-05-21 15:23:37,471 [INFO] ApiDb:250 - Set database path to: C:\Users\matuh\.stmcufinder\plugins\mcufinder//mcu/
2026-05-21 15:23:37,474 [INFO] DbMcusAds:125 - Set database path to: C:\Users\matuh\.stmcufinder\plugins\mcufinder//mcu/
2026-05-21 15:23:37,480 [INFO] CrossReferenceDbSqlite:203 - Set database path to: C:\Users\matuh\.stmcufinder\plugins\mcufinder//mcu/cs/
2026-05-21 15:23:37,713 [INFO] RulesReader:64 - Compatibility file has been processed (317 Rules)
2026-05-21 15:23:37,964 [INFO] DbMcusXml:78 - Set database path to: C:\Users\matuh\STM32CubeIDE_1.19.0\STM32CubeIDE\plugins\com.st.stm32cube.common.mx_6.15.0.202507011659\\db\/mcu/
2026-05-21 15:23:37,964 [INFO] ApiDb:274 - Set plugin database path to: C:\Users\matuh\STM32CubeIDE_1.19.0\STM32CubeIDE\plugins\com.st.stm32cube.common.mx_6.15.0.202507011659\\db\/plugins/boardmanager/
2026-05-21 15:23:37,965 [INFO] ApiDb:261 - Set plugin images path to: C:\Users\matuh\STM32CubeIDE_1.19.0\STM32CubeIDE\plugins\com.st.stm32cube.common.mx_6.15.0.202507011659\\db\/plugins/mcufinder/images/
2026-05-21 15:23:37,966 [WARN] DbFile:41 - Overriding database path with different value: C:\Users\matuh\.stmcufinder\plugins\mcufinder/ => C:\Users\matuh\.stmcufinder\plugins\mcufinder
2026-05-21 15:23:37,966 [INFO] ApiDb:250 - Set database path to: C:\Users\matuh\.stmcufinder\plugins\mcufinder//mcu/
2026-05-21 15:23:37,966 [WARN] DbFile:41 - Overriding database path with different value: C:\Users\matuh\.stmcufinder\plugins\mcufinder/ => C:\Users\matuh\.stmcufinder\plugins\mcufinder
2026-05-21 15:23:37,966 [INFO] DbMcusAds:125 - Set database path to: C:\Users\matuh\.stmcufinder\plugins\mcufinder//mcu/
2026-05-21 15:23:37,966 [WARN] DbFile:41 - Overriding database path with different value: C:\Users\matuh\.stmcufinder\plugins\mcufinder/ => C:\Users\matuh\.stmcufinder\plugins\mcufinder
2026-05-21 15:23:37,967 [WARN] DbFile:41 - Overriding database path with different value: C:\Users\matuh\.stmcufinder\plugins\mcufinder/ => C:\Users\matuh\.stmcufinder\plugins\mcufinder
2026-05-21 15:23:37,967 [INFO] CrossReferenceDbSqlite:203 - Set database path to: C:\Users\matuh\.stmcufinder\plugins\mcufinder//mcu/cs/
2026-05-21 15:23:38,166 [INFO] MainPanel:274 - HeapMemory: 268435456
2026-05-21 15:23:38,453 [INFO] DbMcusXml:78 - Set database path to: C:\Users\matuh\STM32CubeIDE_1.19.0\STM32CubeIDE\plugins\com.st.stm32cube.common.mx_6.15.0.202507011659\\db\/mcu/
2026-05-21 15:23:38,453 [INFO] ApiDb:274 - Set plugin database path to: C:\Users\matuh\STM32CubeIDE_1.19.0\STM32CubeIDE\plugins\com.st.stm32cube.common.mx_6.15.0.202507011659\\db\/plugins/boardmanager/
2026-05-21 15:23:38,454 [INFO] ApiDb:261 - Set plugin images path to: C:\Users\matuh\STM32CubeIDE_1.19.0\STM32CubeIDE\plugins\com.st.stm32cube.common.mx_6.15.0.202507011659\\db\/plugins/mcufinder/images/
2026-05-21 15:23:38,455 [WARN] DbFile:41 - Overriding database path with different value: C:\Users\matuh\.stmcufinder\plugins\mcufinder/ => C:\Users\matuh\.stmcufinder\plugins\mcufinder
2026-05-21 15:23:38,455 [INFO] ApiDb:250 - Set database path to: C:\Users\matuh\.stmcufinder\plugins\mcufinder//mcu/
2026-05-21 15:23:38,455 [WARN] DbFile:41 - Overriding database path with different value: C:\Users\matuh\.stmcufinder\plugins\mcufinder/ => C:\Users\matuh\.stmcufinder\plugins\mcufinder
2026-05-21 15:23:38,456 [INFO] DbMcusAds:125 - Set database path to: C:\Users\matuh\.stmcufinder\plugins\mcufinder//mcu/
2026-05-21 15:23:38,456 [WARN] DbFile:41 - Overriding database path with different value: C:\Users\matuh\.stmcufinder\plugins\mcufinder/ => C:\Users\matuh\.stmcufinder\plugins\mcufinder
2026-05-21 15:23:38,456 [WARN] DbFile:41 - Overriding database path with different value: C:\Users\matuh\.stmcufinder\plugins\mcufinder/ => C:\Users\matuh\.stmcufinder\plugins\mcufinder
2026-05-21 15:23:38,456 [INFO] CrossReferenceDbSqlite:203 - Set database path to: C:\Users\matuh\.stmcufinder\plugins\mcufinder//mcu/cs/
2026-05-21 15:23:38,502 [INFO] ApplicationProperties:184 - Using Application install path: C:\Users\matuh\STM32CubeIDE_1.19.0\STM32CubeIDE\plugins\com.st.stm32cube.common.mx_6.15.0.202507011659
2026-05-21 15:23:38,506 [INFO] PluginManage:196 - Search for loadable plugins [exclusion list=, ]
2026-05-21 15:23:38,509 [INFO] PluginManage:310 - Check plugin analytics
2026-05-21 15:23:38,945 [INFO] AnalyticsPlugin:253 - Accepted Software Licenses: STM32CubeMX.6.15.0
2026-05-21 15:23:38,945 [INFO] AnalyticsPlugin:255 - Accepted CMSIS Pack Licenses: 
2026-05-21 15:23:38,946 [INFO] AnalyticsPlugin:257 - Accepted Firmware Licenses: FW.G4.1.5.0,FW.F7.1.17.0,FW.G0.1.6.0,FW.G4.1.6.0,FW.H7.1.12.0,FW.C0.1.4.0,FW.F4.1.28.0
2026-05-21 15:23:38,953 [INFO] PluginManage:359 - Loaded plugin analytics (category:tool,tabindex:-1)
2026-05-21 15:23:38,954 [INFO] PluginManage:310 - Check plugin cadmodel
2026-05-21 15:23:38,965 [INFO] CADModel:105 - Init CAD model plugin
2026-05-21 15:23:38,966 [INFO] PluginManage:359 - Loaded plugin cadmodel (category:power,tabindex:5)
2026-05-21 15:23:38,966 [INFO] PluginManage:310 - Check plugin clock
2026-05-21 15:23:38,993 [INFO] PluginManage:359 - Loaded plugin clock (category:base,tabindex:2)
2026-05-21 15:23:38,993 [INFO] PluginManage:310 - Check plugin ddr
2026-05-21 15:23:38,999 [INFO] PluginManage:359 - Loaded plugin ddr (category:tool,tabindex:6)
2026-05-21 15:23:39,001 [INFO] PluginManage:310 - Check plugin filemanager
2026-05-21 15:23:39,430 [INFO] PluginManage:359 - Loaded plugin filemanager (category:base,tabindex:10)
2026-05-21 15:23:39,431 [INFO] PluginManage:310 - Check plugin ipmanager
2026-05-21 15:23:39,450 [INFO] PluginManage:359 - Loaded plugin ipmanager (category:base,tabindex:5)
2026-05-21 15:23:39,450 [INFO] PluginManage:310 - Check plugin lpbam
2026-05-21 15:23:39,468 [INFO] PluginManage:359 - Loaded plugin lpbam (category:base,tabindex:0)
2026-05-21 15:23:39,468 [INFO] PluginManage:310 - Check plugin memorymap
2026-05-21 15:23:39,505 [INFO] PluginManage:359 - Loaded plugin memorymap (category:base,tabindex:4)
2026-05-21 15:23:39,506 [INFO] PluginManage:310 - Check plugin pinoutandconfiguration
2026-05-21 15:23:39,528 [INFO] PluginManage:359 - Loaded plugin pinoutandconfiguration (category:base,tabindex:1)
2026-05-21 15:23:39,528 [INFO] PluginManage:310 - Check plugin pinoutconfig
2026-05-21 15:23:39,768 [WARN] SupportedApi:132 - Cannot load RTOS API schema: s4s-elt-must-match.1: The content of 'definitions' must match (annotation?, (simpleType | complexType)?, (unique | key | keyref)*)). A problem was found starting at: attribute.
2026-05-21 15:23:40,223 [INFO] PluginManage:359 - Loaded plugin pinoutconfig (category:base,tabindex:0)
2026-05-21 15:23:40,224 [INFO] PluginManage:310 - Check plugin power
2026-05-21 15:23:40,245 [INFO] PluginManage:359 - Loaded plugin power (category:power,tabindex:4)
2026-05-21 15:23:40,246 [INFO] PluginManage:310 - Check plugin projectmanager
2026-05-21 15:23:40,278 [INFO] PluginManage:359 - Loaded plugin projectmanager (category:projectmanager,tabindex:4)
2026-05-21 15:23:40,278 [INFO] PluginManage:310 - Check plugin rif
2026-05-21 15:23:40,300 [INFO] PluginManage:359 - Loaded plugin rif (category:base,tabindex:3)
2026-05-21 15:23:40,300 [INFO] PluginManage:310 - Check plugin thirdparty
2026-05-21 15:23:40,604 [INFO] PluginManage:359 - Loaded plugin thirdparty (category:base,tabindex:-1)
2026-05-21 15:23:40,604 [WARN] IntegrityCheckThread:84 - waiting for thirdparty lock release [integrity check]
2026-05-21 15:23:40,605 [INFO] PluginManage:310 - Check plugin tools
2026-05-21 15:23:40,605 [INFO] IntegrityCheckThread:86 - entering critical section [integrity check]
2026-05-21 15:23:40,606 [INFO] ThirdPartyUpdaterWithRetryManager:70 - Updater plugin not ready yet. [1/15]
2026-05-21 15:23:40,611 [INFO] PluginManage:359 - Loaded plugin tools (category:base,tabindex:7)
2026-05-21 15:23:40,611 [INFO] PluginManage:310 - Check plugin tutovideos
2026-05-21 15:23:40,997 [INFO] PluginManage:359 - Loaded plugin tutovideos (category:base,tabindex:-1)
2026-05-21 15:23:40,997 [INFO] PluginManage:310 - Check plugin updater
2026-05-21 15:23:41,041 [INFO] PluginManage:359 - Loaded plugin updater (category:base,tabindex:12)
2026-05-21 15:23:41,041 [INFO] PluginManage:310 - Check plugin userauth
2026-05-21 15:23:41,049 [INFO] UserAuth:118 - Init User Auth plugin
2026-05-21 15:23:41,052 [INFO] PluginManage:359 - Loaded plugin userauth (category:base,tabindex:14)
2026-05-21 15:23:41,053 [INFO] PluginManage:283 - PluginManage : Loaded plugins [18]
2026-05-21 15:23:41,476 [INFO] PinOutPanel:1589 - setPackage(No Configuration,No Configuration)
2026-05-21 15:23:41,661 [INFO] CADModel:165 - CPN selected for project level
2026-05-21 15:23:41,661 [INFO] CADModel:114 - Register for checkConnection events
2026-05-21 15:23:41,701 [INFO] IPUIPlugin:80 - create IPUIPlugin
2026-05-21 15:23:41,701 [INFO] PluginManager:220 - loadIPPluginJar : add adc
2026-05-21 15:23:41,708 [INFO] IPUIPlugin:80 - create IPUIPlugin
2026-05-21 15:23:41,709 [INFO] PluginManager:220 - loadIPPluginJar : add aes
2026-05-21 15:23:41,715 [INFO] IPUIPlugin:80 - create IPUIPlugin
2026-05-21 15:23:41,715 [INFO] PluginManager:220 - loadIPPluginJar : add can
2026-05-21 15:23:41,721 [INFO] IPUIPlugin:80 - create IPUIPlugin
2026-05-21 15:23:41,721 [INFO] PluginManager:220 - loadIPPluginJar : add comp
2026-05-21 15:23:41,728 [INFO] IPUIPlugin:80 - create IPUIPlugin
2026-05-21 15:23:41,728 [INFO] PluginManager:220 - loadIPPluginJar : add cryp
2026-05-21 15:23:41,735 [INFO] IPUIPlugin:80 - create IPUIPlugin
2026-05-21 15:23:41,735 [INFO] PluginManager:220 - loadIPPluginJar : add ddr_ctrl_phy
2026-05-21 15:23:41,741 [INFO] IPUIPlugin:80 - create IPUIPlugin
2026-05-21 15:23:41,742 [INFO] PluginManager:220 - loadIPPluginJar : add dfsdm
2026-05-21 15:23:41,753 [INFO] IPUIPlugin:80 - create IPUIPlugin
2026-05-21 15:23:41,754 [INFO] PluginManager:220 - loadIPPluginJar : add dma
2026-05-21 15:23:41,761 [INFO] IPUIPlugin:80 - create IPUIPlugin
2026-05-21 15:23:41,761 [INFO] PluginManager:220 - loadIPPluginJar : add dma3
2026-05-21 15:23:41,768 [INFO] IPUIPlugin:80 - create IPUIPlugin
2026-05-21 15:23:41,769 [INFO] PluginManager:220 - loadIPPluginJar : add extmemmanager
2026-05-21 15:23:41,773 [INFO] IPUIPlugin:80 - create IPUIPlugin
2026-05-21 15:23:41,774 [INFO] PluginManager:220 - loadIPPluginJar : add fatfs
2026-05-21 15:23:41,784 [INFO] IPUIPlugin:80 - create IPUIPlugin
2026-05-21 15:23:41,785 [INFO] PluginManager:220 - loadIPPluginJar : add fmc
2026-05-21 15:23:41,796 [INFO] IPUIPlugin:80 - create IPUIPlugin
2026-05-21 15:23:41,796 [INFO] PluginManager:220 - loadIPPluginJar : add freertos
2026-05-21 15:23:41,801 [INFO] IPUIPlugin:80 - create IPUIPlugin
2026-05-21 15:23:41,802 [INFO] PluginManager:220 - loadIPPluginJar : add genericplugin
2026-05-21 15:23:41,808 [INFO] IPUIPlugin:80 - create IPUIPlugin
2026-05-21 15:23:41,808 [INFO] PluginManager:220 - loadIPPluginJar : add gfxmmu
2026-05-21 15:23:41,817 [INFO] IPUIPlugin:80 - create IPUIPlugin
2026-05-21 15:23:41,817 [INFO] PluginManager:220 - loadIPPluginJar : add gic
2026-05-21 15:23:41,827 [INFO] IPUIPlugin:80 - create IPUIPlugin
2026-05-21 15:23:41,827 [INFO] PluginManager:220 - loadIPPluginJar : add gpio
2026-05-21 15:23:41,834 [INFO] IPUIPlugin:80 - create IPUIPlugin
2026-05-21 15:23:41,834 [INFO] PluginManager:220 - loadIPPluginJar : add gtzc
2026-05-21 15:23:41,842 [INFO] IPUIPlugin:80 - create IPUIPlugin
2026-05-21 15:23:41,842 [INFO] PluginManager:220 - loadIPPluginJar : add hash
2026-05-21 15:23:41,848 [INFO] IPUIPlugin:80 - create IPUIPlugin
2026-05-21 15:23:41,848 [INFO] PluginManager:220 - loadIPPluginJar : add i2c
2026-05-21 15:23:41,855 [INFO] IPUIPlugin:80 - create IPUIPlugin
2026-05-21 15:23:41,856 [INFO] PluginManager:220 - loadIPPluginJar : add i2s
2026-05-21 15:23:41,863 [INFO] IPUIPlugin:80 - create IPUIPlugin
2026-05-21 15:23:41,863 [INFO] PluginManager:220 - loadIPPluginJar : add i3c
2026-05-21 15:23:41,872 [INFO] IPUIPlugin:80 - create IPUIPlugin
2026-05-21 15:23:41,872 [INFO] PluginManager:220 - loadIPPluginJar : add ipddr
2026-05-21 15:23:41,886 [INFO] IPUIPlugin:80 - create IPUIPlugin
2026-05-21 15:23:41,886 [INFO] PluginManager:220 - loadIPPluginJar : add linkedlist
2026-05-21 15:23:41,893 [INFO] IPUIPlugin:80 - create IPUIPlugin
2026-05-21 15:23:41,894 [INFO] PluginManager:220 - loadIPPluginJar : add lorawan
2026-05-21 15:23:41,898 [INFO] IPUIPlugin:80 - create IPUIPlugin
2026-05-21 15:23:41,898 [INFO] PluginManager:220 - loadIPPluginJar : add ltdc
2026-05-21 15:23:41,909 [INFO] IPUIPlugin:80 - create IPUIPlugin
2026-05-21 15:23:41,909 [INFO] PluginManager:220 - loadIPPluginJar : add mdma
2026-05-21 15:23:41,918 [INFO] IPUIPlugin:80 - create IPUIPlugin
2026-05-21 15:23:41,918 [INFO] PluginManager:220 - loadIPPluginJar : add nvic
2026-05-21 15:23:41,925 [INFO] IPUIPlugin:80 - create IPUIPlugin
2026-05-21 15:23:41,925 [INFO] PluginManager:220 - loadIPPluginJar : add opamp
2026-05-21 15:23:41,932 [INFO] IPUIPlugin:80 - create IPUIPlugin
2026-05-21 15:23:41,933 [INFO] PluginManager:220 - loadIPPluginJar : add openamp
2026-05-21 15:23:41,940 [INFO] IPUIPlugin:80 - create IPUIPlugin
2026-05-21 15:23:41,941 [INFO] PluginManager:220 - loadIPPluginJar : add pdm2pcm
2026-05-21 15:23:41,952 [INFO] IPUIPlugin:80 - create IPUIPlugin
2026-05-21 15:23:41,956 [INFO] PluginManager:220 - loadIPPluginJar : add plateformsettings
2026-05-21 15:23:41,962 [INFO] IPUIPlugin:80 - create IPUIPlugin
2026-05-21 15:23:41,962 [INFO] PluginManager:220 - loadIPPluginJar : add quadspi
2026-05-21 15:23:41,966 [INFO] IPUIPlugin:80 - create IPUIPlugin
2026-05-21 15:23:41,968 [INFO] PluginManager:220 - loadIPPluginJar : add radio
2026-05-21 15:23:41,977 [INFO] IPUIPlugin:80 - create IPUIPlugin
2026-05-21 15:23:41,977 [INFO] PluginManager:220 - loadIPPluginJar : add resmgrutility
2026-05-21 15:23:41,986 [INFO] IPUIPlugin:80 - create IPUIPlugin
2026-05-21 15:23:41,986 [INFO] PluginManager:220 - loadIPPluginJar : add sai
2026-05-21 15:23:41,991 [INFO] IPUIPlugin:80 - create IPUIPlugin
2026-05-21 15:23:41,992 [INFO] PluginManager:220 - loadIPPluginJar : add spi
2026-05-21 15:23:42,005 [INFO] IPUIPlugin:80 - create IPUIPlugin
2026-05-21 15:23:42,005 [INFO] PluginManager:220 - loadIPPluginJar : add stm32_wpan
2026-05-21 15:23:42,010 [INFO] IPUIPlugin:80 - create IPUIPlugin
2026-05-21 15:23:42,010 [INFO] PluginManager:220 - loadIPPluginJar : add tim
2026-05-21 15:23:42,018 [INFO] IPUIPlugin:80 - create IPUIPlugin
2026-05-21 15:23:42,018 [INFO] PluginManager:220 - loadIPPluginJar : add touchsensing
2026-05-21 15:23:42,024 [INFO] IPUIPlugin:80 - create IPUIPlugin
2026-05-21 15:23:42,024 [INFO] PluginManager:220 - loadIPPluginJar : add tracer_emb
2026-05-21 15:23:42,030 [INFO] IPUIPlugin:80 - create IPUIPlugin
2026-05-21 15:23:42,030 [INFO] PluginManager:220 - loadIPPluginJar : add ts
2026-05-21 15:23:42,034 [INFO] IPUIPlugin:80 - create IPUIPlugin
2026-05-21 15:23:42,035 [INFO] PluginManager:220 - loadIPPluginJar : add tsc
2026-05-21 15:23:42,041 [INFO] IPUIPlugin:80 - create IPUIPlugin
2026-05-21 15:23:42,041 [INFO] PluginManager:220 - loadIPPluginJar : add ucpd
2026-05-21 15:23:42,047 [INFO] IPUIPlugin:80 - create IPUIPlugin
2026-05-21 15:23:42,047 [INFO] PluginManager:220 - loadIPPluginJar : add usart
2026-05-21 15:23:42,055 [INFO] IPUIPlugin:80 - create IPUIPlugin
2026-05-21 15:23:42,055 [INFO] PluginManager:220 - loadIPPluginJar : add usbx
2026-05-21 15:23:42,226 [FATAL] Updater:351 - Updater called before beeing initialized
2026-05-21 15:23:42,272 [INFO] RulesReader:64 - Compatibility file has been processed (317 Rules)
2026-05-21 15:23:42,291 [INFO] RulesReader:64 - Compatibility file has been processed (317 Rules)
2026-05-21 15:23:42,307 [INFO] CADModel:165 - CPN selected for project level
2026-05-21 15:23:42,308 [INFO] CADModel:114 - Register for checkConnection events
2026-05-21 15:23:42,308 [FATAL] Updater:351 - Updater called before beeing initialized
2026-05-21 15:23:42,308 [ERROR] CADModel:125 - Updater not yet initialized, retry later 
2026-05-21 15:23:42,575 [FATAL] Updater:351 - Updater called before beeing initialized
2026-05-21 15:23:42,582 [INFO] CADModel:165 - CPN selected for project level
2026-05-21 15:23:42,582 [INFO] CADModel:114 - Register for checkConnection events
2026-05-21 15:23:42,582 [FATAL] Updater:351 - Updater called before beeing initialized
2026-05-21 15:23:42,583 [ERROR] CADModel:125 - Updater not yet initialized, retry later 
2026-05-21 15:23:42,592 [FATAL] Updater:351 - Updater called before beeing initialized
2026-05-21 15:23:42,854 [FATAL] Updater:351 - Updater called before beeing initialized
2026-05-21 15:23:42,861 [INFO] DbMcusAds:53 - JSON generation date=Mon Apr 27 10:14:29 CEST 2026 (1777277669577)
2026-05-21 15:23:42,861 [FATAL] Updater:351 - Updater called before beeing initialized
2026-05-21 15:23:42,932 [WARN] DetailPanel:346 - Failed to get advertising image, set to default
2026-05-21 15:23:43,098 [FATAL] Updater:351 - Updater called before beeing initialized
2026-05-21 15:23:43,101 [FATAL] Updater:351 - Updater called before beeing initialized
2026-05-21 15:23:43,102 [FATAL] Updater:351 - Updater called before beeing initialized
2026-05-21 15:23:43,102 [WARN] DetailPanel:346 - Failed to get advertising image, set to default
2026-05-21 15:23:43,104 [FATAL] Updater:351 - Updater called before beeing initialized
2026-05-21 15:23:43,184 [ERROR] Updater:1198 - MainUpdater not yet initialized. External WinMGr cannot be set.
2026-05-21 15:23:43,191 [INFO] Updater:1134 - Updater Version found : 6.15.0
2026-05-21 15:23:43,220 [INFO] ApplicationProperties:184 - Using Application install path: C:\Users\matuh\STM32CubeIDE_1.19.0\STM32CubeIDE\plugins\com.st.stm32cube.common.mx_6.15.0.202507011659
2026-05-21 15:23:43,606 [INFO] ThirdPartyUpdaterWithRetryManager:70 - Updater plugin not ready yet. [2/15]
2026-05-21 15:23:44,805 [ERROR] LogOutputStream:75 - [STDERR_REDIRECT] May 21, 2026 3:23:44 PM java.util.prefs.WindowsPreferences <init>
2026-05-21 15:23:44,807 [ERROR] LogOutputStream:75 - [STDERR_REDIRECT] WARNING: Could not open/create prefs root node Software\JavaSoft\Prefs at root 0xffffffff80000002. Windows RegCreateKeyEx(...) returned error code 5.
2026-05-21 15:23:44,807 [ERROR] LogOutputStream:75 - [STDERR_REDIRECT] 
2026-05-21 15:23:45,311 [INFO] MainUpdater:2872 - connection check result : 10
2026-05-21 15:23:45,313 [INFO] MainUpdater:289 - Updater Check For Update Now.
2026-05-21 15:23:45,313 [INFO] MicroXplorer:498 - Change Database Version : DB.6.0.150
2026-05-21 15:23:45,326 [INFO] McuFinderGlobals:63 - Set McuFinder mode to 2 (CubeIDE integrated)
2026-05-21 15:23:45,328 [INFO] UserAuth:487 - Internet connection configuration mode: 1
2026-05-21 15:23:45,382 [INFO] JxBrowserEngine:152 - Initiate JxBrowser Engine with user profile folder
2026-05-21 15:23:45,565 [INFO] CheckServerUpdateThread:120 - End of CheckServer Thread
2026-05-21 15:23:47,148 [INFO] WebApp:169 - Instantiating new browser for Auth
2026-05-21 15:23:47,475 [WARN] PackLoader:240 - Cannot read IP mode file for STMicroelectronics.X-CUBE-AZRTOS-H7.3.5.0
2026-05-21 15:23:47,496 [WARN] PackLoader:240 - Cannot read IP mode file for STMicroelectronics.FP-SNS-MOTENVWB1.1.4.0
2026-05-21 15:23:47,508 [WARN] PackLoader:240 - Cannot read IP mode file for STMicroelectronics.FP-ATR-ASTRA1.2.0.2
2026-05-21 15:23:47,515 [WARN] PackLoader:240 - Cannot read IP mode file for STMicroelectronics.FP-ATR-ASTRA1.2.0.1
2026-05-21 15:23:47,538 [WARN] PackLoader:240 - Cannot read IP mode file for STMicroelectronics.X-CUBE-SMBUS.2.1.0
2026-05-21 15:23:47,551 [WARN] PackLoader:240 - Cannot read IP mode file for STMicroelectronics.X-CUBE-WB05N.1.1.0
2026-05-21 15:23:47,561 [WARN] PackLoader:240 - Cannot read IP mode file for STMicroelectronics.X-CUBE-ST60.1.0.0
2026-05-21 15:23:47,574 [WARN] PackLoader:240 - Cannot read IP mode file for STMicroelectronics.X-CUBE-TOUCHGFX.4.23.1
2026-05-21 15:23:47,579 [WARN] PackLoader:240 - Cannot read IP mode file for STMicroelectronics.X-CUBE-TOUCHGFX.4.23.0
2026-05-21 15:23:47,584 [WARN] PackLoader:240 - Cannot read IP mode file for STMicroelectronics.X-CUBE-TOUCHGFX.4.23.2
2026-05-21 15:23:47,622 [WARN] PackLoader:240 - Cannot read IP mode file for STMicroelectronics.X-CUBE-AZRTOS-F7.1.1.0
2026-05-21 15:23:47,639 [WARN] PackLoader:240 - Cannot read IP mode file for STMicroelectronics.FP-SNS-MOTENV1.4.3.2
2026-05-21 15:23:47,721 [WARN] PackLoader:240 - Cannot read IP mode file for STMicroelectronics.X-CUBE-MEMS1.11.0.0
2026-05-21 15:23:47,932 [WARN] PackLoader:240 - Cannot read IP mode file for STMicroelectronics.X-CUBE-BLE1.6.2.4
2026-05-21 15:23:47,938 [WARN] PackLoader:240 - Cannot read IP mode file for STMicroelectronics.FP-SNS-MOTENV1.5.1.0
2026-05-21 15:23:47,949 [WARN] PackLoader:240 - Cannot read IP mode file for STMicroelectronics.FP-SNS-FLIGHT1.5.0.2
2026-05-21 15:23:47,980 [WARN] PackLoader:240 - Cannot read IP mode file for STMicroelectronics.X-CUBE-AZRTOS-H7.3.4.0
2026-05-21 15:23:47,998 [WARN] PackLoader:240 - Cannot read IP mode file for STMicroelectronics.X-CUBE-DISPLAY.3.0.0
2026-05-21 15:23:48,016 [WARN] PackLoader:240 - Cannot read IP mode file for STMicroelectronics.X-CUBE-GNSS1.7.1.1
2026-05-21 15:23:48,024 [WARN] PackLoader:240 - Cannot read IP mode file for STMicroelectronics.FP-SNS-MOTENVWB1.1.5.0
2026-05-21 15:23:48,033 [WARN] PackLoader:240 - Cannot read IP mode file for STMicroelectronics.X-CUBE-BLE1.7.0.0
2026-05-21 15:23:48,045 [WARN] PackLoader:240 - Cannot read IP mode file for STMicroelectronics.X-CUBE-NFC10.1.0.0
2026-05-21 15:23:48,064 [WARN] PackLoader:240 - Cannot read IP mode file for STMicroelectronics.X-CUBE-BLEMGR.4.0.0
2026-05-21 15:23:48,083 [WARN] PackLoader:240 - Cannot read IP mode file for STMicroelectronics.X-CUBE-ST60.1.1.0
2026-05-21 15:23:48,101 [WARN] PackLoader:240 - Cannot read IP mode file for emotas.I-CUBE-CANOPEN.1.3.0
2026-05-21 15:23:48,108 [WARN] PackLoader:240 - Cannot read IP mode file for STMicroelectronics.X-CUBE-TOUCHGFX.4.22.0
2026-05-21 15:23:48,116 [WARN] PackLoader:240 - Cannot read IP mode file for STMicroelectronics.X-CUBE-GNSS1.7.1.0
2026-05-21 15:23:48,125 [WARN] PackLoader:240 - Cannot read IP mode file for STMicroelectronics.X-CUBE-TOUCHGFX.4.22.1
2026-05-21 15:23:48,144 [WARN] PackLoader:240 - Cannot read IP mode file for STMicroelectronics.X-CUBE-BLEMGR.3.1.0
2026-05-21 15:23:48,159 [WARN] PackLoader:240 - Cannot read IP mode file for STMicroelectronics.X-CUBE-AI.10.0.0
2026-05-21 15:23:48,176 [WARN] PackLoader:240 - Cannot read IP mode file for STMicroelectronics.FP-SNS-STBOX1.2.1.0
2026-05-21 15:23:48,226 [WARN] PackLoader:240 - Cannot read IP mode file for STMicroelectronics.FP-SNS-SMARTAG2.1.2.0
2026-05-21 15:23:48,239 [WARN] PackLoader:240 - Cannot read IP mode file for STMicroelectronics.FP-SNS-FLIGHT1.5.1.0
2026-05-21 15:23:48,332 [WARN] PackLoader:240 - Cannot read IP mode file for STMicroelectronics.X-CUBE-MEMS1.11.1.0
2026-05-21 15:23:48,529 [INFO] LogOutputStream:77 - [STDOUT_REDIRECT] 1 : Invalid condition id : UX_CORESTACK_Condition cause : null
2026-05-21 15:23:48,532 [INFO] LogOutputStream:77 - [STDOUT_REDIRECT] 1 : Invalid condition id : UX_CORESTACK_Condition cause : null
2026-05-21 15:23:48,534 [INFO] LogOutputStream:77 - [STDOUT_REDIRECT] 1 : Invalid condition id : UX_CORESTACK_Condition cause : null
2026-05-21 15:23:48,537 [INFO] LogOutputStream:77 - [STDOUT_REDIRECT] 1 : Invalid condition id : UX_CORESTACK_Condition cause : null
2026-05-21 15:23:48,539 [INFO] LogOutputStream:77 - [STDOUT_REDIRECT] 1 : Invalid condition id : UX_CORESTACK_Condition cause : null
2026-05-21 15:23:48,545 [WARN] PackLoader:240 - Cannot read IP mode file for STMicroelectronics.X-CUBE-AZRTOS-WL.2.0.0
2026-05-21 15:23:48,553 [WARN] PackLoader:240 - Cannot read IP mode file for STMicroelectronics.FP-SNS-MOTENV1.5.0.0
2026-05-21 15:23:48,585 [WARN] PackLoader:240 - Cannot read IP mode file for STMicroelectronics.X-CUBE-AZRTOS-H7RS.1.2.0
2026-05-21 15:23:48,599 [WARN] PackLoader:240 - Cannot read IP mode file for wolfSSL.I-CUBE-wolfMQTT.1.19.0
2026-05-21 15:23:48,617 [WARN] PackLoader:240 - Cannot read IP mode file for WES.I-CUBE-Cesium.1.3.0
2026-05-21 15:23:48,625 [WARN] PackLoader:240 - Cannot read IP mode file for STMicroelectronics.X-CUBE-BLE2.3.3.0
2026-05-21 15:23:48,663 [WARN] PackLoader:240 - Cannot read IP mode file for STMicroelectronics.X-CUBE-NFC9.1.0.0
2026-05-21 15:23:48,674 [WARN] PackLoader:240 - Cannot read IP mode file for STMicroelectronics.X-CUBE-BLE1.7.1.0
2026-05-21 15:23:48,684 [WARN] PackLoader:240 - Cannot read IP mode file for STMicroelectronics.X-CUBE-TCPP.4.1.0
2026-05-21 15:23:48,699 [WARN] PackLoader:240 - Cannot read IP mode file for STMicroelectronics.X-CUBE-FREERTOS.1.4.0
2026-05-21 15:23:48,713 [WARN] PackLoader:240 - Cannot read IP mode file for STMicroelectronics.X-CUBE-EEPRMA1.5.2.0
2026-05-21 15:23:48,724 [WARN] PackLoader:240 - Cannot read IP mode file for STMicroelectronics.X-CUBE-ST67W61.1.1.0
2026-05-21 15:23:48,733 [WARN] PackLoader:240 - Cannot read IP mode file for STMicroelectronics.X-CUBE-AI.10.1.0
2026-05-21 15:23:48,744 [WARN] PackLoader:240 - Cannot read IP mode file for STMicroelectronics.FP-SNS-STAIOTCFT.1.1.0
2026-05-21 15:23:48,815 [WARN] PackLoader:240 - Cannot read IP mode file for STMicroelectronics.X-CUBE-MEMS1.12.0.0
2026-05-21 15:23:48,934 [WARN] PackLoader:240 - Cannot read IP mode file for STMicroelectronics.X-CUBE-ALGOBUILD.1.3.0
2026-05-21 15:23:48,994 [WARN] PackLoader:240 - Cannot read IP mode file for STMicroelectronics.X-CUBE-MEMS1.11.2.0
2026-05-21 15:23:49,286 [WARN] PackLoader:240 - Cannot read IP mode file for STMicroelectronics.X-CUBE-AZRTOS-G0.1.1.0
2026-05-21 15:23:49,301 [WARN] PackLoader:240 - Cannot read IP mode file for STMicroelectronics.X-CUBE-SAFEA1.1.2.2
2026-05-21 15:23:49,314 [WARN] PackLoader:240 - Cannot read IP mode file for STMicroelectronics.X-CUBE-NFC4.3.0.0
2026-05-21 15:23:49,332 [WARN] PackLoader:240 - Cannot read IP mode file for EmbeddedOffice.I-CUBE-FS-RTOS.1.0.1
2026-05-21 15:23:49,342 [WARN] PackLoader:240 - Cannot read IP mode file for STMicroelectronics.X-CUBE-WB05N.2.0.0
2026-05-21 15:23:49,357 [WARN] PackLoader:240 - Cannot read IP mode file for STMicroelectronics.X-CUBE-BLEMGR.3.0.0
2026-05-21 15:23:49,378 [WARN] PackLoader:240 - Cannot read IP mode file for STMicroelectronics.X-CUBE-TCPP.4.2.0
2026-05-21 15:23:49,394 [WARN] PackLoader:240 - Cannot read IP mode file for RealThread.X-CUBE-RT-Thread_Nano.4.1.1
2026-05-21 15:23:49,405 [WARN] PackLoader:240 - Cannot read IP mode file for STMicroelectronics.FP-ATR-SIGFOX1.3.2.0
2026-05-21 15:23:49,414 [WARN] ConditionMgr:438 - getConditionDescription Invalid condition id : Cortex-A Device cause : null
2026-05-21 15:23:49,431 [WARN] ConditionMgr:1044 - genDependencies : Invalid condition id : Cortex-A Device cause : null
2026-05-21 15:23:49,432 [WARN] ConditionMgr:1044 - genDependencies : Invalid condition id : Cortex-A Device cause : null
2026-05-21 15:23:49,432 [WARN] ConditionMgr:1044 - genDependencies : Invalid condition id : Cortex-A Device cause : null
2026-05-21 15:23:49,444 [WARN] PackLoader:240 - Cannot read IP mode file for STMicroelectronics.X-CUBE-EEPRMA1.5.1.0
2026-05-21 15:23:49,454 [WARN] PackLoader:240 - Cannot read IP mode file for STMicroelectronics.X-CUBE-FREERTOS.1.5.0
2026-05-21 15:23:49,469 [WARN] PackLoader:240 - Cannot read IP mode file for STMicroelectronics.X-CUBE-NFC6.3.2.0
2026-05-21 15:23:49,482 [WARN] PackLoader:240 - Cannot read IP mode file for STMicroelectronics.X-CUBE-ST67W61.1.0.0
2026-05-21 15:23:49,491 [WARN] PackLoader:240 - Cannot read IP mode file for STMicroelectronics.X-CUBE-AI.10.2.0
2026-05-21 15:23:49,555 [WARN] PackLoader:240 - Cannot read IP mode file for STMicroelectronics.X-CUBE-MEMS1.12.1.0
2026-05-21 15:23:49,684 [INFO] WebApp:463 - Apply proxy settings
2026-05-21 15:23:49,684 [INFO] WebApp:548 - Chromium requires no authentication
2026-05-21 15:23:49,689 [WARN] PackLoader:240 - Cannot read IP mode file for SEGGER.I-CUBE-embOS.1.3.1
2026-05-21 15:23:49,708 [INFO] WebApp:491 - Direct internet connection detected
2026-05-21 15:23:49,736 [WARN] PackLoader:240 - Cannot read IP mode file for STMicroelectronics.X-CUBE-ALGOBUILD.1.4.0
2026-05-21 15:23:49,784 [INFO] WebApp:900 - Register for checkConnection events
2026-05-21 15:23:49,784 [INFO] WebApp:463 - Apply proxy settings
2026-05-21 15:23:49,785 [INFO] WebApp:548 - Chromium requires no authentication
2026-05-21 15:23:49,785 [WARN] PackLoader:240 - Cannot read IP mode file for STMicroelectronics.X-CUBE-MEMS1.11.3.0
2026-05-21 15:23:49,786 [INFO] WebApp:491 - Direct internet connection detected
2026-05-21 15:23:49,926 [WARN] PackLoader:240 - Cannot read IP mode file for STMicroelectronics.X-CUBE-AI.9.1.0
2026-05-21 15:23:49,934 [WARN] PackLoader:240 - Cannot read IP mode file for STMicroelectronics.X-CUBE-PM33A1.1.0.0
2026-05-21 15:23:49,941 [WARN] PackLoader:240 - Cannot read IP mode file for STMicroelectronics.X-CUBE-GNSS1.6.0.0
2026-05-21 15:23:49,973 [WARN] PackLoader:240 - Cannot read IP mode file for STMicroelectronics.X-CUBE-AZRTOS-F4.1.1.0
2026-05-21 15:23:49,984 [WARN] PackLoader:240 - Cannot read IP mode file for wolfSSL.I-CUBE-wolfSSL.5.6.3
2026-05-21 15:23:49,991 [WARN] PackLoader:240 - Cannot read IP mode file for Avnet-IotConnect.X-CUBE-IoTC-DA16k-PMOD.1.0.0
2026-05-21 15:23:49,999 [WARN] PackLoader:240 - Cannot read IP mode file for STMicroelectronics.X-CUBE-ISPU.2.1.0
2026-05-21 15:23:50,020 [WARN] PackLoader:240 - Cannot read IP mode file for STMicroelectronics.X-CUBE-IPS.3.2.0
2026-05-21 15:23:50,057 [WARN] PackLoader:240 - Cannot read IP mode file for STMicroelectronics.eDS-WB_DPC_TT-BIDIR.2.1.1
2026-05-21 15:23:50,056 [INFO] WebApp:191 - Connection restablished
2026-05-21 15:23:50,065 [WARN] PackLoader:240 - Cannot read IP mode file for STMicroelectronics.X-CUBE-FREERTOS.1.2.0
2026-05-21 15:23:50,079 [WARN] PackLoader:240 - Cannot read IP mode file for STMicroelectronics.X-CUBE-NFC12.1.0.0
2026-05-21 15:23:50,113 [WARN] PackLoader:240 - Cannot read IP mode file for STMicroelectronics.X-CUBE-AZRTOS-L5.2.0.0
2026-05-21 15:23:50,214 [WARN] PackLoader:240 - Cannot read IP mode file for STMicroelectronics.X-CUBE-MEMS1.9.6.0
2026-05-21 15:23:50,440 [INFO] WebApp:225 - Starting web application
2026-05-21 15:23:50,440 [INFO] WebApp:593 - Web application path used C:\Users\matuh\STM32CubeIDE_1.19.0\STM32CubeIDE\plugins\com.st.stm32cube.common.mx_6.15.0.202507011659\db\plugins\mcufinder\reactClient1\index.html
2026-05-21 15:23:50,449 [WARN] PackLoader:240 - Cannot read IP mode file for STMicroelectronics.X-CUBE-EEPRMA1.4.2.0
2026-05-21 15:23:50,462 [WARN] PackLoader:240 - Cannot read IP mode file for STMicroelectronics.X-CUBE-NFC6.3.1.0
2026-05-21 15:23:50,475 [WARN] PackLoader:240 - Cannot read IP mode file for ITTIA_DB.I-CUBE-ITTIADB.8.8.0
2026-05-21 15:23:50,488 [WARN] PackLoader:240 - Cannot read IP mode file for STMicroelectronics.X-CUBE-BLEMGR.2.0.0
2026-05-21 15:23:50,499 [WARN] PackLoader:240 - Cannot read IP mode file for STMicroelectronics.X-CUBE-DPower.1.2.0
2026-05-21 15:23:50,508 [WARN] PackLoader:240 - Cannot read IP mode file for STMicroelectronics.eDS-WB_DPC_VIENNA.1.2.0
2026-05-21 15:23:50,517 [WARN] PackLoader:240 - Cannot read IP mode file for STMicroelectronics.eDS-WB_DPC_3PH2L-BIDIR.1.1.1
2026-05-21 15:23:50,522 [WARN] PackLoader:240 - Cannot read IP mode file for STMicroelectronics.X-CUBE-AI.9.0.0
2026-05-21 15:23:50,557 [WARN] ConditionMgr:438 - getConditionDescription Invalid condition id : UX DEVICE CLASS RTOS Condition cause : null
2026-05-21 15:23:50,558 [WARN] ConditionMgr:438 - getConditionDescription Invalid condition id : UX DEVICE CLASS RTOS Condition cause : null
2026-05-21 15:23:50,564 [WARN] PackLoader:240 - Cannot read IP mode file for STMicroelectronics.X-CUBE-AZRTOS-H7.3.1.0
2026-05-21 15:23:50,565 [WARN] ConditionMgr:1044 - genDependencies : Invalid condition id : UX DEVICE CLASS RTOS Condition cause : null
2026-05-21 15:23:50,566 [WARN] ConditionMgr:1044 - genDependencies : Invalid condition id : UX DEVICE CLASS RTOS Condition cause : null
2026-05-21 15:23:50,567 [WARN] ConditionMgr:1044 - genDependencies : Invalid condition id : UX DEVICE CLASS RTOS Condition cause : null
2026-05-21 15:23:50,567 [WARN] ConditionMgr:1044 - genDependencies : Invalid condition id : UX DEVICE CLASS RTOS Condition cause : null
2026-05-21 15:23:50,568 [WARN] ConditionMgr:1044 - genDependencies : Invalid condition id : UX DEVICE CLASS RTOS Condition cause : null
2026-05-21 15:23:50,578 [ERROR] Engine:466 - C:\Users\matuh\.stm32cubemx\thirdparties\pdsc\STMicroelectronics.X-CUBE-ST67W61.1.3.0.pdsc: PDSC version is not supported
2026-05-21 15:23:50,586 [WARN] PackLoader:240 - Cannot read IP mode file for STMicroelectronics.X-CUBE-FREERTOS.1.3.1
2026-05-21 15:23:50,594 [WARN] PackLoader:240 - Cannot read IP mode file for STMicroelectronics.X-CUBE-FREERTOS.1.3.0
2026-05-21 15:23:50,603 [WARN] PackLoader:240 - Cannot read IP mode file for STMicroelectronics.X-CUBE-NFC7.1.0.1
2026-05-21 15:23:50,613 [WARN] PackLoader:240 - Cannot read IP mode file for wolfSSL.I-CUBE-wolfTPM.3.2.0
2026-05-21 15:23:50,619 [WARN] PackLoader:240 - Cannot read IP mode file for STMicroelectronics.X-CUBE-TOUCHGFX.4.26.0
2026-05-21 15:23:50,629 [WARN] PackLoader:240 - Cannot read IP mode file for STMicroelectronics.X-CUBE-NFC6.3.0.0
2026-05-21 15:23:50,639 [WARN] PackLoader:240 - Cannot read IP mode file for STMicroelectronics.X-CUBE-TOUCHGFX.4.26.1
2026-05-21 15:23:50,647 [WARN] PackLoader:240 - Cannot read IP mode file for STMicroelectronics.X-CUBE-EEPRMA1.4.1.0
2026-05-21 15:23:50,655 [WARN] PackLoader:240 - Cannot read IP mode file for STMicroelectronics.FP-SNS-STAIOTCFT.1.0.0
2026-05-21 15:23:50,663 [WARN] PackLoader:240 - Cannot read IP mode file for STMicroelectronics.X-CUBE-DPower.1.3.0
2026-05-21 15:23:50,669 [WARN] PackLoader:240 - Cannot read IP mode file for STMicroelectronics.X-CUBE-AI.8.1.0
2026-05-21 15:23:50,677 [INFO] UserAuth:487 - Internet connection configuration mode: 1
2026-05-21 15:23:50,694 [WARN] ConditionMgr:438 - getConditionDescription Invalid condition id : LAN8742 Phy interface Condition cause : null
2026-05-21 15:23:50,695 [WARN] PackLoader:240 - Cannot read IP mode file for STMicroelectronics.X-CUBE-AZRTOS-L4.2.0.0
2026-05-21 15:23:50,697 [WARN] ConditionMgr:1044 - genDependencies : Invalid condition id : LAN8742 Phy interface Condition cause : null
2026-05-21 15:23:50,697 [WARN] ConditionMgr:1044 - genDependencies : Invalid condition id : LAN8742 Phy interface Condition cause : null
2026-05-21 15:23:50,698 [WARN] ConditionMgr:1044 - genDependencies : Invalid condition id : LAN8742 Phy interface Condition cause : null
2026-05-21 15:23:50,714 [WARN] PackLoader:240 - Cannot read IP mode file for STMicroelectronics.X-CUBE-SFXS2LP1.4.0.0
2026-05-21 15:23:50,725 [WARN] PackLoader:240 - Cannot read IP mode file for STMicroelectronics.X-CUBE-WB05N.2.1.0
2026-05-21 15:23:50,737 [WARN] PackLoader:240 - Cannot read IP mode file for STMicroelectronics.X-CUBE-ST67W61.1.2.0
2026-05-21 15:23:50,745 [WARN] PackLoader:240 - Cannot read IP mode file for STMicroelectronics.X-CUBE-ISPU.1.1.0
2026-05-21 15:23:50,776 [WARN] PackLoader:240 - Cannot read IP mode file for STMicroelectronics.X-CUBE-AZRTOS-H7.3.3.0
2026-05-21 15:23:50,796 [WARN] PackLoader:240 - Cannot read IP mode file for STMicroelectronics.X-CUBE-BLEMGR.4.1.0
2026-05-21 15:23:50,816 [WARN] PackLoader:240 - Cannot read IP mode file for STMicroelectronics.X-CUBE-IPS.3.0.0
2026-05-21 15:23:50,842 [WARN] ConditionMgr:438 - getConditionDescription Invalid condition id : UX DEVICE CLASS RTOS Condition cause : null
2026-05-21 15:23:50,843 [WARN] ConditionMgr:438 - getConditionDescription Invalid condition id : UX DEVICE CLASS RTOS Condition cause : null
2026-05-21 15:23:50,848 [WARN] PackLoader:240 - Cannot read IP mode file for STMicroelectronics.X-CUBE-AZRTOS-WB.2.0.0
2026-05-21 15:23:50,849 [WARN] ConditionMgr:1044 - genDependencies : Invalid condition id : UX DEVICE CLASS RTOS Condition cause : null
2026-05-21 15:23:50,849 [WARN] ConditionMgr:1044 - genDependencies : Invalid condition id : UX DEVICE CLASS RTOS Condition cause : null
2026-05-21 15:23:50,849 [WARN] ConditionMgr:1044 - genDependencies : Invalid condition id : UX DEVICE CLASS RTOS Condition cause : null
2026-05-21 15:23:50,851 [WARN] ConditionMgr:1044 - genDependencies : Invalid condition id : UX DEVICE CLASS RTOS Condition cause : null
2026-05-21 15:23:50,851 [WARN] ConditionMgr:1044 - genDependencies : Invalid condition id : UX DEVICE CLASS RTOS Condition cause : null
2026-05-21 15:23:50,859 [WARN] PackLoader:240 - Cannot read IP mode file for STMicroelectronics.X-CUBE-FREERTOS.1.0.1
2026-05-21 15:23:50,868 [WARN] PackLoader:240 - Cannot read IP mode file for STMicroelectronics.X-CUBE-GNSS1.7.0.0
2026-05-21 15:23:50,877 [WARN] PackLoader:240 - Cannot read IP mode file for STMicroelectronics.X-CUBE-GNSS1.7.0.1
2026-05-21 15:23:50,884 [WARN] PackLoader:240 - Cannot read IP mode file for STMicroelectronics.X-CUBE-TOUCHGFX.4.25.0
2026-05-21 15:23:50,891 [WARN] PackLoader:240 - Cannot read IP mode file for STMicroelectronics.FP-SNS-STBOX1.2.0.0
2026-05-21 15:23:50,906 [WARN] PackLoader:240 - Cannot read IP mode file for STMicroelectronics.X-CUBE-STSE01.2.0.0
2026-05-21 15:23:50,929 [WARN] PackLoader:240 - Cannot read IP mode file for STMicroelectronics.X-CUBE-AZRTOS-L5.1.1.0
2026-05-21 15:23:50,937 [WARN] PackLoader:240 - Cannot read IP mode file for STMicroelectronics.X-CUBE-AI.8.0.1
2026-05-21 15:23:50,952 [WARN] PackLoader:240 - Cannot read IP mode file for STMicroelectronics.X-CUBE-SUBG2.5.0.0
2026-05-21 15:23:50,975 [WARN] PackLoader:240 - Cannot read IP mode file for STMicroelectronics.X-CUBE-AZRTOS-H7RS.1.1.0
2026-05-21 15:23:50,985 [WARN] PackLoader:240 - Cannot read IP mode file for Cesanta.I-CUBE-Mongoose.7.13.0
2026-05-21 15:23:50,999 [WARN] PackLoader:240 - Cannot read IP mode file for STMicroelectronics.X-CUBE-TOF1.3.3.1
2026-05-21 15:23:51,049 [WARN] PackLoader:240 - Cannot read IP mode file for STMicroelectronics.X-CUBE-AZRTOS-G4.2.0.0
2026-05-21 15:23:51,068 [WARN] PackLoader:240 - Cannot read IP mode file for Infineon.AIROC-Wi-Fi-Bluetooth-STM32.1.5.1
2026-05-21 15:23:51,074 [WARN] PackLoader:240 - Cannot read IP mode file for STMicroelectronics.FP-SNS-MOTENVWB1.1.3.0
2026-05-21 15:23:51,079 [WARN] PackLoader:240 - Cannot read IP mode file for STMicroelectronics.X-CUBE-NFC7.2.0.0
2026-05-21 15:23:51,085 [WARN] PackLoader:240 - Cannot read IP mode file for STMicroelectronics.FP-SNS-MOTENVWB1.1.3.1
2026-05-21 15:23:51,090 [WARN] PackLoader:240 - Cannot read IP mode file for STMicroelectronics.X-CUBE-ISPU.2.0.0
2026-05-21 15:23:51,101 [WARN] PackLoader:240 - Cannot read IP mode file for STMicroelectronics.X-CUBE-IPS.3.1.0
2026-05-21 15:23:51,114 [WARN] PackLoader:240 - Cannot read IP mode file for STMicroelectronics.X-CUBE-ALS.1.0.2
2026-05-21 15:23:51,154 [WARN] PackLoader:240 - Cannot read IP mode file for STMicroelectronics.X-CUBE-MEMS1.10.0.0
2026-05-21 15:23:51,290 [WARN] PackLoader:240 - Cannot read IP mode file for STMicroelectronics.X-CUBE-FREERTOS.1.1.0
2026-05-21 15:23:51,294 [WARN] PackLoader:240 - Cannot read IP mode file for STMicroelectronics.X-CUBE-TOUCHGFX.4.24.0
2026-05-21 15:23:51,298 [WARN] PackLoader:240 - Cannot read IP mode file for STMicroelectronics.X-CUBE-TOUCHGFX.4.24.2
2026-05-21 15:23:51,302 [WARN] PackLoader:240 - Cannot read IP mode file for STMicroelectronics.X-CUBE-TOUCHGFX.4.24.1
2026-05-21 15:23:51,309 [WARN] PackLoader:240 - Cannot read IP mode file for STMicroelectronics.X-CUBE-STSE01.1.0.0
2026-05-21 15:23:51,319 [WARN] PackLoader:240 - Cannot read IP mode file for portGmbH.I-Cube-SoM-uGOAL.1.1.0
2026-05-21 15:23:51,325 [WARN] PackLoader:240 - Cannot read IP mode file for STMicroelectronics.X-CUBE-ALS.1.0.1
2026-05-21 15:23:51,339 [WARN] PackLoader:240 - Cannot read IP mode file for STMicroelectronics.X-CUBE-AZRTOS-WB.1.1.0
2026-05-21 15:23:51,363 [WARN] PackLoader:240 - Cannot read IP mode file for STMicroelectronics.X-CUBE-AZRTOS-H7RS.1.0.0
2026-05-21 15:23:51,371 [WARN] PackLoader:240 - Cannot read IP mode file for STMicroelectronics.FP-ATR-ASTRA1.2.0.0
2026-05-21 15:23:51,383 [WARN] PackLoader:240 - Cannot read IP mode file for STMicroelectronics.X-CUBE-TOF1.3.4.2
2026-05-21 15:23:51,434 [WARN] PackLoader:240 - Cannot read IP mode file for STMicroelectronics.X-CUBE-TOF1.3.4.3
2026-05-21 15:23:51,471 [WARN] PackLoader:240 - Cannot read IP mode file for STMicroelectronics.X-CUBE-TOF1.3.4.0
2026-05-21 15:23:51,507 [WARN] PackLoader:240 - Cannot read IP mode file for STMicroelectronics.X-CUBE-TOF1.3.4.1
2026-05-21 15:23:51,578 [WARN] PackLoader:240 - Cannot read IP mode file for STMicroelectronics.X-CUBE-AZRTOS-H7.3.2.0
2026-05-21 15:23:51,595 [WARN] PackLoader:240 - Cannot read IP mode file for wolfSSL.I-CUBE-wolfSSH.1.4.17
2026-05-21 15:23:51,596 [INFO] ThirdParty:978 - Integrity check success = true
2026-05-21 15:23:51,596 [INFO] IntegrityCheckThread:100 - exiting critical section [integrity check]
2026-05-21 15:23:51,596 [INFO] IntegrityCheckThread:103 - End integrity checks thread
2026-05-21 15:23:57,277 [INFO] McuFinderGlobals:63 - Set McuFinder mode to 2 (CubeIDE integrated)
2026-05-21 15:23:57,297 [INFO] MainUpdater:2872 - connection check result : 10
2026-05-21 15:23:57,302 [INFO] MainUpdater:2872 - connection check result : 10
2026-05-21 15:23:57,422 [INFO] MicroXplorer:468 - Change Database Path : 
2026-05-21 15:23:57,423 [INFO] MicroXplorer:498 - Change Database Version : DB.6.0.150
2026-05-21 15:23:57,435 [WARN] ThirdParty:871 - waiting for thirdparty lock release [close project]
2026-05-21 15:23:57,435 [INFO] ThirdParty:873 - entering critical section [close project]
2026-05-21 15:23:57,437 [INFO] ThirdParty:883 - exiting critical section [close project]
2026-05-21 15:23:57,442 [INFO] PinOutPanel:1589 - setPackage(No Configuration,No Configuration)
2026-05-21 15:23:57,445 [INFO] UtilMem:75 - Begin LoadConfig() Used Memory: 228707864 Bytes (329252864)
2026-05-21 15:23:57,447 [INFO] MicroXplorer:468 - Change Database Path : 
2026-05-21 15:23:57,448 [INFO] MicroXplorer:498 - Change Database Version : DB.6.0.150
2026-05-21 15:23:57,448 [INFO] OpenFileManager:355 - Change cursor
2026-05-21 15:23:57,495 [INFO] Mcu:2029 - Initializing MCU STM32G030K(6-8)Tx STM32G030K6Tx STM32G030K6T6
2026-05-21 15:24:00,370 [INFO] Context:786 - Trying to add GPIOservice into a context  which must be forbidden
2026-05-21 15:24:01,367 [INFO] ImportTextPane:234 - (OptionalMessage_ERROR) Pin10 (VP_RIF_VS_RIF1) cannot be retrieved for this MCU
2026-05-21 15:24:02,084 [INFO] RtosManager:558 - Registered RTOS mode: class=CMSIS, group=RTOS, mode=CMSIS_V1, owner=FREERTOS
2026-05-21 15:24:02,085 [INFO] RtosManager:558 - Registered RTOS mode: class=CMSIS, group=RTOS2, mode=CMSIS_V2, owner=FREERTOS
2026-05-21 15:24:02,085 [INFO] RtosManager:558 - Registered RTOS mode: class=RTOS, group=Core, mode=CMSIS_V1, owner=FREERTOS
2026-05-21 15:24:02,085 [INFO] RtosManager:558 - Registered RTOS mode: class=RTOS, group=Core, mode=CMSIS_V2, owner=FREERTOS
2026-05-21 15:24:02,085 [WARN] ModelIntegratedComponent:184 - Missing modes for component STMicroelectronics:FreeRTOS:0.0.1:STMicroelectronics:RTOS:FreeRTOS:Core:::10.2.0:
2026-05-21 15:24:02,107 [WARN] ModelIntegratedComponent:63 - No mode defined for component null
2026-05-21 15:24:02,107 [WARN] ModelIntegratedComponent:63 - No mode defined for component null
2026-05-21 15:24:02,108 [WARN] ModelIntegratedComponent:63 - No mode defined for component null
2026-05-21 15:24:02,108 [WARN] ModelIntegratedComponent:63 - No mode defined for component null
2026-05-21 15:24:02,108 [WARN] ModelIntegratedComponent:63 - No mode defined for component null
2026-05-21 15:24:02,109 [WARN] ModelIntegratedComponent:63 - No mode defined for component null
2026-05-21 15:24:02,109 [WARN] ModelIntegratedComponent:63 - No mode defined for component null
2026-05-21 15:24:02,110 [WARN] ModelIntegratedComponent:63 - No mode defined for component null
2026-05-21 15:24:02,110 [WARN] ModelIntegratedComponent:63 - No mode defined for component null
2026-05-21 15:24:02,110 [WARN] ModelIntegratedComponent:63 - No mode defined for component null
2026-05-21 15:24:02,110 [WARN] ModelIntegratedComponent:63 - No mode defined for component null
2026-05-21 15:24:02,111 [WARN] ModelIntegratedComponent:63 - No mode defined for component null
2026-05-21 15:24:02,111 [WARN] ModelIntegratedComponent:63 - No mode defined for component null
2026-05-21 15:24:02,111 [WARN] ModelIntegratedComponent:63 - No mode defined for component null
2026-05-21 15:24:02,111 [WARN] ModelIntegratedComponent:63 - No mode defined for component null
2026-05-21 15:24:02,112 [WARN] ModelIntegratedComponent:63 - No mode defined for component null
2026-05-21 15:24:02,112 [WARN] ModelIntegratedComponent:63 - No mode defined for component null
2026-05-21 15:24:02,113 [WARN] ModelIntegratedComponent:63 - No mode defined for component null
2026-05-21 15:24:02,113 [WARN] ModelIntegratedComponent:63 - No mode defined for component null
2026-05-21 15:24:02,113 [WARN] ModelIntegratedComponent:63 - No mode defined for component null
2026-05-21 15:24:02,113 [WARN] ModelIntegratedComponent:63 - No mode defined for component null
2026-05-21 15:24:02,113 [WARN] ModelIntegratedComponent:63 - No mode defined for component null
2026-05-21 15:24:02,113 [WARN] ModelIntegratedComponent:63 - No mode defined for component null
2026-05-21 15:24:02,114 [WARN] ModelIntegratedComponent:63 - No mode defined for component null
2026-05-21 15:24:02,114 [WARN] ModelIntegratedComponent:63 - No mode defined for component null
2026-05-21 15:24:02,114 [WARN] ModelIntegratedComponent:63 - No mode defined for component null
2026-05-21 15:24:02,115 [WARN] ModelIntegratedComponent:63 - No mode defined for component null
2026-05-21 15:24:02,115 [WARN] ModelIntegratedComponent:63 - No mode defined for component null
2026-05-21 15:24:02,115 [WARN] ModelIntegratedComponent:63 - No mode defined for component null
2026-05-21 15:24:02,115 [WARN] ModelIntegratedComponent:63 - No mode defined for component null
2026-05-21 15:24:02,115 [WARN] ModelIntegratedComponent:63 - No mode defined for component null
2026-05-21 15:24:02,115 [WARN] ModelIntegratedComponent:63 - No mode defined for component null
2026-05-21 15:24:02,116 [WARN] ModelIntegratedComponent:63 - No mode defined for component null
2026-05-21 15:24:02,116 [WARN] ModelIntegratedComponent:63 - No mode defined for component null
2026-05-21 15:24:02,116 [WARN] ModelIntegratedComponent:63 - No mode defined for component null
2026-05-21 15:24:02,117 [WARN] ModelPack:524 - Component already loaded: STMicroelectronics:HAL Drivers:0.0.0:STMicroelectronics:Device:STMicro_Driver:XSPI:HAL::0.0.1:HAL_XSPI
2026-05-21 15:24:03,188 [INFO] ThirdPartyModel:298 - Start build external matchings
2026-05-21 15:24:16,382 [INFO] ThirdPartyModel:316 - End build external matchings
2026-05-21 15:24:17,432 [INFO] ApiDb:581 - Connected to CubeFinder SQLite database (C:\Users\matuh\.stmcufinder\plugins\mcufinder\mcu\cube-finder-db.db)
2026-05-21 15:24:17,651 [INFO] ApiDb:668 - CubeFinder database Data Model version=2.1
2026-05-21 15:24:17,652 [INFO] ApiDb:669 - CubeFinder database Configuration version=3.0.42
2026-05-21 15:24:17,652 [INFO] ApiDb:670 - CubeFinder database generation date=2026-05-06 (1778060171)
2026-05-21 15:24:17,653 [INFO] ApiDb:671 - CubeFinder database FW Pack versions=[FP-ATR-ASTRA1_V2.0.0, FP-SNS-FLIGHT1_V5.1.0, FP-SNS-MOTENV1_V5.1.0, FP-SNS-MOTENVWB1_V1.5.0, FP-SNS-SMARTAG2_V1.2.0, FP-SNS-STBOX1_V2.1.0, STM32Cube_FW_C0_V1.4.0, STM32Cube_FW_F4_V1.28.3, STM32Cube_FW_F7_V1.17.4, STM32Cube_FW_G0_V1.6.3, STM32Cube_FW_G4_V1.6.2, STM32Cube_FW_H5_V1.6.0, STM32Cube_FW_H7RS_V1.3.0, STM32Cube_FW_H7_V1.13.0, STM32Cube_FW_L0_V1.12.2, STM32Cube_FW_L4_V1.18.2, STM32Cube_FW_L5_V1.6.0, STM32Cube_FW_N6_V1.3.0, STM32Cube_FW_U0_V1.3.0, STM32Cube_FW_U3_V1.3.0, STM32Cube_FW_U5_V1.8.0, STM32Cube_FW_WB0_V1.4.0, STM32Cube_FW_WBA_V1.9.0, STM32Cube_FW_WB_V1.24.0, STM32Cube_FW_WL3_V1.4.0, STM32Cube_FW_WL_V1.5.0, X-CUBE-ALGOBUILD_V1.4.0, X-CUBE-ALS_V1.0.2, X-CUBE-AZRTOS-F4_V1.1.0, X-CUBE-AZRTOS-F7_V1.1.0, X-CUBE-AZRTOS-G0_V1.1.0, X-CUBE-AZRTOS-G4_V2.0.0, X-CUBE-AZRTOS-H7RS_V1.1.0, X-CUBE-AZRTOS-H7_V3.5.0, X-CUBE-AZRTOS-L4_V2.0.0, X-CUBE-AZRTOS-L5_V2.0.0, X-CUBE-AZRTOS-WB_V2.0.0, X-CUBE-AZRTOS-WL_V2.0.0, X-CUBE-BLE1_V7.1.0, X-CUBE-BLE2_V3.3.0, X-CUBE-BLEMGR_V4.1.0, X-CUBE-EEPRMA1_V5.2.0, X-CUBE-FREERTOS_V1.5.0, X-CUBE-GNSS1_V6.0.0, X-CUBE-MEMS1_V12.0.0, X-CUBE-NFC4_V3.0.0, X-CUBE-NFC7_V2.0.0, X-CUBE-SFXS2LP1_V4.0.0, X-CUBE-ST67W61_V1.2.0, X-CUBE-SUBG2_V5.0.0, X-CUBE-TOF1_V3.4.3]
2026-05-21 15:24:17,828 [INFO] DbBoardsSqlite:226 - include board P-NUCLEO-WB55-NUCLEO as a kit item of type 'Nucleo-64'
2026-05-21 15:24:17,829 [INFO] DbBoardsSqlite:226 - include board P-NUCLEO-WB55-USBDONGLE as a kit item of type 'Nucleo USB Dongle'
2026-05-21 15:24:17,829 [INFO] DbBoardsSqlite:226 - include board STEVAL-IDP005V1 as a kit item of type 'Evaluation Board'
2026-05-21 15:24:17,829 [INFO] DbBoardsSqlite:226 - include board STEVAL-IDP005V2 as a kit item of type 'Evaluation Board'
2026-05-21 15:24:18,036 [INFO] ApiDb:240 - Found 880 in-development CPN: [B-G473E-ZEST1S, B-WB1M-WPAN1, B-WBA5M-WPAN, B-WL5M-SUBG1, NUCLEO-C031C6, NUCLEO-C051C8, NUCLEO-C071RB, NUCLEO-C092RC, NUCLEO-H503RB, NUCLEO-H533RE, NUCLEO-H563ZI, NUCLEO-H7S3L8, NUCLEO-N657X0-Q, NUCLEO-U031R8, NUCLEO-U083RC, NUCLEO-U385RG-Q, NUCLEO-U545RE-Q, NUCLEO-U5A5ZJ-Q, NUCLEO-WB05KZ, NUCLEO-WB07CC, NUCLEO-WB09KE, NUCLEO-WBA52CG, NUCLEO-WBA55CG, NUCLEO-WL33CC1, NUCLEO-WL33CC2, STEVAL-PROTEUS1, STEVAL-SMARTAG2, STEVAL-STWINBX1, STM320518-EVAL, STM32C0116-DK, STM32C011D6Y3TR, STM32C011D6Y6TR, STM32C011F4P3, STM32C011F4P6, STM32C011F4U3, STM32C011F4U6TR, STM32C011F6P3, STM32C011F6P6, STM32C011F6U3, STM32C011F6U6TR, STM32C011J4M3, STM32C011J4M6, STM32C011J6M3, STM32C011J6M6, STM32C0316-DK, STM32C031C4T3, STM32C031C4T6, STM32C031C4U3, STM32C031C4U6, STM32C031C6T3, STM32C031C6T6, STM32C031C6U3, STM32C031C6U6, STM32C031F4P3, STM32C031F4P6, STM32C031F6P3, STM32C031F6P6, STM32C031G4U3, STM32C031G4U6, STM32C031G6U3, STM32C031G6U6, STM32C031K4T3, STM32C031K4T6, STM32C031K4U3, STM32C031K4U6, STM32C031K6T3, STM32C031K6T6, STM32C031K6U3, STM32C031K6U6, STM32C051C6T6, STM32C051C6U6, STM32C051C8T6, STM32C051C8U6, STM32C051D8Y6TR, STM32C051F6P6, STM32C051F8P6, STM32C051G6U6, STM32C051G8U6, STM32C051K6T6, STM32C051K6U6, STM32C051K8T6, STM32C071C8T6, STM32C071C8T6N, STM32C071C8U6, STM32C071C8U6N, STM32C071CBT6, STM32C071CBT6N, STM32C071CBU6, STM32C071CBU6N, STM32C071F8P6, STM32C071F8P6N, STM32C071FBP6, STM32C071FBP6N, STM32C071FBY6TR, STM32C071G8U6, STM32C071G8U6N, STM32C071GBU6, STM32C071GBU6N, STM32C071K8T6, STM32C071K8T6N, STM32C071K8U6, STM32C071K8U6N, STM32C071KBT6, STM32C071KBT6N, STM32C071KBU6, STM32C071KBU6N, STM32C071R8T6, STM32C071R8T6N, STM32C071RBI6N, STM32C071RBT6, STM32C071RBT6N, STM32C091CBT6, STM32C091CBU6, STM32C091CCT6, STM32C091CCU6, STM32C091ECY6TR, STM32C091FBP6, STM32C091FCP6, STM32C091GBU6, STM32C091GCU6, STM32C091KBT6, STM32C091KBU6, STM32C091KCT6, STM32C091KCU6, STM32C091RBT6, STM32C091RCI6, STM32C091RCT6, STM32C092CBT6, STM32C092CBU6, STM32C092CCT6, STM32C092CCU6, STM32C092ECY6TR, STM32C092FBP6, STM32C092FCP6, STM32C092GBU6, STM32C092GCU6, STM32C092KBT6, STM32C092KBU6, STM32C092KCT6, STM32C092KCU6, STM32C092RBT6, STM32C092RCI6, STM32C092RCT6, STM32G071K8TXN, STM32G071K8UXN, STM32G081GBU6N, STM32G081KBT6N, STM32G081KBUXN, STM32G0B1CCT6N, STM32G0B1KCT6, STM32G0B1NEY6TR, STM32G0B1RCT6N, STM32G0C1CCT6, STM32G0C1CCT6N, STM32G0C1CCU6N, STM32G0C1CET6N, STM32G0C1CEU6N, STM32G0C1KCT6, STM32G0C1NEY6TR, STM32G0C1RCI6N, STM32G0C1RCT6N, STM32G0C1REI6N, STM32G0C1RET6N, STM32G0C1VCI6, STM32G0C1VEI6, STM32G411C6T3, STM32G411C6T6, STM32G411C6U3, STM32G411C6U6, STM32G411C8T3, STM32G411C8T6, STM32G411C8U3, STM32G411C8U6, STM32G411CBT3, STM32G411CBT6, STM32G411CBU3, STM32G411CBU6, STM32G411K6T3, STM32G411K6T6, STM32G411K6U3, STM32G411K6U6, STM32G411K8T3, STM32G411K8T6, STM32G411K8U3, STM32G411K8U6, STM32G411KBT3, STM32G411KBT6, STM32G411KBU3, STM32G411KBU6, STM32G411M6T3, STM32G411M6T6, STM32G411M8T3, STM32G411M8T6, STM32G411MBT3, STM32G411MBT6, STM32G411R6T3, STM32G411R6T6, STM32G411R8T3, STM32G411R8T6, STM32G411RBT3, STM32G411RBT6, STM32G414CBT3, STM32G414CBT6, STM32G414CBU3, STM32G414CBU6, STM32G414CCT3, STM32G414CCT6, STM32G414CCU3, STM32G414CCU6, STM32G414MBT3, STM32G414MBT6, STM32G414MCT3, STM32G414MCT6, STM32G414RBT3, STM32G414RBT6, STM32G414RCT3, STM32G414RCT6, STM32G414VBT3, STM32G414VBT6, STM32G414VCT3, STM32G414VCT6, STM32G431CBT3Z, STM32G431RBT3Z, STM32G471CCT6, STM32G471CCU6, STM32G471CET3, STM32G471CET6, STM32G471CEU3, STM32G471CEU6, STM32G471MCT6, STM32G471MET3, STM32G471MET6, STM32G471MEY6TR, STM32G471QCT6, STM32G471QET3, STM32G471RCT6, STM32G471RET3, STM32G471RET6, STM32G471VCH6, STM32G471VCI6, STM32G471VCT6, STM32G471VEH3, STM32G471VEH6, STM32G471VEI3, STM32G471VEI6, STM32G471VET3, STM32G471VET6, STM32G473QET3Z, STM32G473RET3Z, STM32G474CCT6, STM32G491RET3Z, STM32H503CBT6, STM32H503CBU6, STM32H503EBY6TR, STM32H503KBU6, STM32H503RBT6, STM32H523CCT6, STM32H523CCU6, STM32H523CET6, STM32H523CEU6, STM32H523HEY6TR, STM32H523RCT6, STM32H523RET6, STM32H523VCI6, STM32H523VCT6, STM32H523VEI6, STM32H523VET6, STM32H523ZCJ6, STM32H523ZCT6, STM32H523ZEJ6, STM32H523ZET6, STM32H533CET6, STM32H533CEU6, STM32H533HEY6TR, STM32H533RET6, STM32H533VEI6, STM32H533VET6, STM32H533ZEJ6, STM32H533ZET6, STM32H562AGI6, STM32H562AII6, STM32H562IGK6, STM32H562IGT6, STM32H562IIK6, STM32H562IIT6, STM32H562RGT6, STM32H562RGV6, STM32H562RIT6, STM32H562RIV6, STM32H562VGT6, STM32H562VIT6, STM32H562ZGT6, STM32H562ZIT6, STM32H563AGI6, STM32H563AII3Q, STM32H563AII6, STM32H563IGK6, STM32H563IGT6, STM32H563IIK3Q, STM32H563IIK6, STM32H563IIT3Q, STM32H563IIT6, STM32H563MIY3QTR, STM32H563RGT6, STM32H563RGV6, STM32H563RIT6, STM32H563RIV6, STM32H563VGT6, STM32H563VIT3Q, STM32H563VIT6, STM32H563ZGT6, STM32H563ZIT3Q, STM32H563ZIT6, STM32H573AII3Q, STM32H573AII6, STM32H573I-DK, STM32H573IIK3Q, STM32H573IIK6, STM32H573IIT3Q, STM32H573IIT6, STM32H573MIY3QTR, STM32H573RIT6, STM32H573RIV6, STM32H573VIT3Q, STM32H573VIT6, STM32H573ZIT3Q, STM32H573ZIT6, STM32H7R3A8I6, STM32H7R3I8K6, STM32H7R3I8T6, STM32H7R3L8H6, STM32H7R3L8H6H, STM32H7R3R8V6, STM32H7R3V8H6, STM32H7R3V8T6, STM32H7R3V8Y6TR, STM32H7R3Z8J6, STM32H7R3Z8T6, STM32H7R7A8I6, STM32H7R7I8K6, STM32H7R7I8T6, STM32H7R7L8H6, STM32H7R7L8H6H, STM32H7R7Z8J6, STM32H7S3A8I6, STM32H7S3I8K6, STM32H7S3I8T6, STM32H7S3L8H6, STM32H7S3L8H6H, STM32H7S3R8V6, STM32H7S3V8H6, STM32H7S3V8T6, STM32H7S3V8Y6TR, STM32H7S3Z8J6, STM32H7S3Z8T6, STM32H7S78-DK, STM32H7S7A8I6, STM32H7S7I8K6, STM32H7S7I8T6, STM32H7S7L8H6, STM32H7S7L8H6H, STM32H7S7Z8J6, STM32L4R5QGI6STR, STM32MP131AAE3, STM32MP131AAF3, STM32MP131AAG3, STM32MP131CAE3, STM32MP131CAF3, STM32MP131CAG3, STM32MP131DAE7, STM32MP131DAF7, STM32MP131DAG7, STM32MP131FAE7, STM32MP131FAF7, STM32MP131FAG7, STM32MP133AAE3, STM32MP133AAF3, STM32MP133AAG3, STM32MP133CAE3, STM32MP133CAF3, STM32MP133CAG3, STM32MP133DAE7, STM32MP133DAF7, STM32MP133DAG7, STM32MP133FAE7, STM32MP133FAF7, STM32MP133FAG7, STM32MP135AAE3, STM32MP135AAF3, STM32MP135AAG3, STM32MP135CAE3, STM32MP135CAF3, STM32MP135CAG3, STM32MP135DAE7, STM32MP135DAF7, STM32MP135DAG7, STM32MP135F-DK, STM32MP135FAE7, STM32MP135FAF7, STM32MP135FAF7T, STM32MP135FAF7U, STM32MP135FAG7, STM32MP211AAL3, STM32MP211AAM3, STM32MP211AAN3, STM32MP211AAO3, STM32MP211CAL3, STM32MP211CAM3, STM32MP211CAN3, STM32MP211CAO3, STM32MP211DAL3, STM32MP211DAM3, STM32MP211DAN3, STM32MP211DAO3, STM32MP211FAL3, STM32MP211FAM3, STM32MP211FAN3, STM32MP211FAO3, STM32MP213AAL3, STM32MP213AAM3, STM32MP213AAN3, STM32MP213AAO3, STM32MP213CAL3, STM32MP213CAM3, STM32MP213CAN3, STM32MP213CAO3, STM32MP213DAL3, STM32MP213DAM3, STM32MP213DAN3, STM32MP213DAO3, STM32MP213FAL3, STM32MP213FAM3, STM32MP213FAN3, STM32MP213FAO3, STM32MP215AAL3, STM32MP215AAM3, STM32MP215AAN3, STM32MP215AAO3, STM32MP215CAL3, STM32MP215CAM3, STM32MP215CAN3, STM32MP215CAO3, STM32MP215DAL3, STM32MP215DAM3, STM32MP215DAN3, STM32MP215DAO3, STM32MP215F-DK, STM32MP215FAL3, STM32MP215FAM3, STM32MP215FAN3, STM32MP215FAO3, STM32MP231AAJ3, STM32MP231AAK3, STM32MP231AAL3, STM32MP231CAJ3, STM32MP231CAK3, STM32MP231CAL3, STM32MP231DAJ3, STM32MP231DAK3, STM32MP231DAL3, STM32MP231FAJ3, STM32MP231FAK3, STM32MP231FAL3, STM32MP233AAJ3, STM32MP233AAK3, STM32MP233AAL3, STM32MP233CAJ3, STM32MP233CAK3, STM32MP233CAL3, STM32MP233DAJ3, STM32MP233DAK3, STM32MP233DAL3, STM32MP233FAJ3, STM32MP233FAK3, STM32MP233FAL3, STM32MP235AAJ3, STM32MP235AAK3, STM32MP235AAL3, STM32MP235CAJ3, STM32MP235CAK3, STM32MP235CAL3, STM32MP235DAJ3, STM32MP235DAK3, STM32MP235DAL3, STM32MP235FAJ3, STM32MP235FAK3, STM32MP235FAL3, STM32MP251AAI3, STM32MP251AAK3, STM32MP251AAL3, STM32MP251CAI3, STM32MP251CAK3, STM32MP251CAL3, STM32MP251DAI3, STM32MP251DAK3, STM32MP251DAL3, STM32MP251FAI3, STM32MP251FAK3, STM32MP251FAL3, STM32MP253AAI3, STM32MP253AAK3, STM32MP253AAL3, STM32MP253CAI3, STM32MP253CAK3, STM32MP253CAL3, STM32MP253DAI3, STM32MP253DAK3, STM32MP253DAL3, STM32MP253FAI3, STM32MP253FAK3, STM32MP253FAL3, STM32MP255AAI3, STM32MP255AAK3, STM32MP255AAL3, STM32MP255CAI3, STM32MP255CAK3, STM32MP255CAL3, STM32MP255DAI3, STM32MP255DAK3, STM32MP255DAL3, STM32MP255FAI3, STM32MP255FAK3, STM32MP255FAL3, STM32MP257AAI3, STM32MP257AAK3, STM32MP257AAL3, STM32MP257CAI3, STM32MP257CAK3, STM32MP257CAL3, STM32MP257DAI3, STM32MP257DAK3, STM32MP257DAL3, STM32MP257F-DK, STM32MP257F-EV1, STM32MP257FAI3, STM32MP257FAK3, STM32MP257FAL3, STM32N645A0H3Q, STM32N645B0H3Q, STM32N645I0H3Q, STM32N645L0H3Q, STM32N645X0H3Q, STM32N645Z0H3Q, STM32N647A0H3Q, STM32N647B0H3Q, STM32N647I0H3Q, STM32N647L0H3Q, STM32N647X0H3Q, STM32N647Z0H3Q, STM32N655A0H3Q, STM32N655B0H3Q, STM32N655I0H3Q, STM32N655L0H3Q, STM32N655X0H3Q, STM32N655Z0H3Q, STM32N6570-DK, STM32N657A0H3Q, STM32N657B0H3Q, STM32N657I0H3Q, STM32N657L0H3Q, STM32N657X0H3Q, STM32N657Z0H3Q, STM32U031C6T6, STM32U031C6U6, STM32U031C8T6, STM32U031C8U6, STM32U031F4P6, STM32U031F6P6, STM32U031F8P6, STM32U031G6Y6TR, STM32U031G8Y6TR, STM32U031K4U6, STM32U031K6U6, STM32U031K8U6, STM32U031R6I6, STM32U031R6T6, STM32U031R8I6, STM32U031R8T6, STM32U073C8T6, STM32U073C8U6, STM32U073CBT6, STM32U073CBU6, STM32U073CCT6, STM32U073CCU6, STM32U073H8Y6TR, STM32U073HBY6TR, STM32U073HCY6TR, STM32U073K8U6, STM32U073KBU6, STM32U073KCU6, STM32U073M8I6, STM32U073M8T6, STM32U073MBI6, STM32U073MBT6, STM32U073MCI6, STM32U073MCT6, STM32U073R8I6, STM32U073R8T6, STM32U073RBI6, STM32U073RBT6, STM32U073RCI6, STM32U073RCT6, STM32U083C-DK, STM32U083CCT6, STM32U083CCU6, STM32U083HCY6TR, STM32U083KCU6, STM32U083MCI6, STM32U083MCT6, STM32U083RCI6, STM32U083RCT6, STM32U375CET6, STM32U375CET6Q, STM32U375CEU6, STM32U375CEU6Q, STM32U375CEY6QTR, STM32U375CGT6, STM32U375CGT6Q, STM32U375CGU6, STM32U375CGU6Q, STM32U375CGY6QTR, STM32U375KEU6, STM32U375KGU6, STM32U375REI6, STM32U375REI6Q, STM32U375RET6, STM32U375RET6Q, STM32U375REY6GTR, STM32U375REY6QTR, STM32U375RGI6, STM32U375RGI6Q, STM32U375RGT6, STM32U375RGT6Q, STM32U375RGY6GTR, STM32U375RGY6QTR, STM32U375VEI6, STM32U375VEI6Q, STM32U375VET6, STM32U375VET6Q, STM32U375VGI6, STM32U375VGI6Q, STM32U375VGT6, STM32U375VGT6Q, STM32U385CGT6, STM32U385CGT6Q, STM32U385CGU6, STM32U385CGU6Q, STM32U385CGY6QTR, STM32U385KGU6, STM32U385RGI6, STM32U385RGI6Q, STM32U385RGT6, STM32U385RGT6Q, STM32U385RGY6GTR, STM32U385RGY6QTR, STM32U385VGI6, STM32U385VGI6Q, STM32U385VGT6, STM32U385VGT6Q, STM32U535CBT6, STM32U535CBT6Q, STM32U535CBU6, STM32U535CBU6Q, STM32U535CCT6, STM32U535CCT6Q, STM32U535CCU6, STM32U535CCU6Q, STM32U535CET6, STM32U535CET6Q, STM32U535CEU6, STM32U535CEU6Q, STM32U535JEY6QTR, STM32U535NCY6QTR, STM32U535NEY6QTR, STM32U535RBI6, STM32U535RBI6Q, STM32U535RBT6, STM32U535RBT6Q, STM32U535RCI6, STM32U535RCI6Q, STM32U535RCT6, STM32U535RCT6Q, STM32U535REI6, STM32U535REI6Q, STM32U535RET6, STM32U535RET6Q, STM32U535VCI6, STM32U535VCI6Q, STM32U535VCT6, STM32U535VCT6Q, STM32U535VEI6, STM32U535VEI6Q, STM32U535VET6, STM32U535VET6Q, STM32U545CET6, STM32U545CET6Q, STM32U545CEU6, STM32U545CEU6Q, STM32U545JEY6QTR, STM32U545NEY6QTR, STM32U545REI6, STM32U545REI6Q, STM32U545RET6, STM32U545RET6Q, STM32U545VEI6, STM32U545VEI6Q, STM32U545VET6, STM32U545VET6Q, STM32U595AIH6, STM32U595AIH6Q, STM32U595AJH6, STM32U595AJH6Q, STM32U595QII6, STM32U595QII6Q, STM32U595QJI6, STM32U595QJI6Q, STM32U595RIT6, STM32U595RIT6Q, STM32U595RJT6, STM32U595RJT6Q, STM32U595VIT6, STM32U595VIT6Q, STM32U595VJT6, STM32U595VJT6Q, STM32U595ZIT6, STM32U595ZIT6Q, STM32U595ZIY6QTR, STM32U595ZJT6, STM32U595ZJT6Q, STM32U595ZJY6QTR, STM32U599BJY6QTR, STM32U599NIH6Q, STM32U599NJH6Q, STM32U599VIT6Q, STM32U599VJT6, STM32U599VJT6Q, STM32U599ZIT6Q, STM32U599ZIY6QTR, STM32U599ZJT6Q, STM32U599ZJY6QTR, STM32U5A5AJH6, STM32U5A5AJH6Q, STM32U5A5QII3Q , STM32U5A5QJI6, STM32U5A5QJI6Q, STM32U5A5RJT6, STM32U5A5RJT6Q, STM32U5A5VJT6, STM32U5A5VJT6Q, STM32U5A5ZJT6, STM32U5A5ZJT6Q, STM32U5A5ZJY6QTR, STM32U5A9BJY6QTR, STM32U5A9J-DK, STM32U5A9NJH6Q, STM32U5A9VJT6Q, STM32U5A9ZJT6Q, STM32U5A9ZJY6QTR, STM32U5F7VIT6, STM32U5F7VIT6Q, STM32U5F7VJT6, STM32U5F7VJT6Q, STM32U5F9BJY6QTR, STM32U5F9NJH6Q, STM32U5F9VIT6Q, STM32U5F9VJT6Q, STM32U5F9ZIJ6QTR, STM32U5F9ZIT6Q, STM32U5F9ZJJ6QTR, STM32U5F9ZJT6Q, STM32U5G7VJT6, STM32U5G7VJT6Q, STM32U5G9BJY6QTR, STM32U5G9J-DK1, STM32U5G9J-DK2, STM32U5G9NJH6Q, STM32U5G9VJT6Q, STM32U5G9ZJJ6QTR, STM32U5G9ZJT6Q, STM32WB05KZV6TR, STM32WB05KZV7TR, STM32WB05TZF6TR, STM32WB05TZF7TR, STM32WB06CCF6TR, STM32WB06CCF7TR, STM32WB06CCV6TR, STM32WB06CCV7TR, STM32WB06KCV6TR, STM32WB06KCV7TR, STM32WB07CCF6TR, STM32WB07CCF7TR, STM32WB07CCV6TR, STM32WB07CCV7TR, STM32WB07KCV6TR, STM32WB07KCV7TR, STM32WB09KEV6TR, STM32WB09KEV7TR, STM32WB09TEF6TR, STM32WB09TEF7TR, STM32WB1MMCH6, STM32WBA50KGU6, STM32WBA50KGU6TR, STM32WBA52CEU6, STM32WBA52CEU6TR, STM32WBA52CEU7, STM32WBA52CEU7TR, STM32WBA52CGU6, STM32WBA52CGU6TR, STM32WBA52CGU6U, STM32WBA52CGU7, STM32WBA52CGU7TR, STM32WBA52KEU6, STM32WBA52KEU6TR, STM32WBA52KGU6, STM32WBA52KGU6TR, STM32WBA54CEU6, STM32WBA54CEU6TR, STM32WBA54CEU7, STM32WBA54CEU7TR, STM32WBA54CGU6, STM32WBA54CGU6TR, STM32WBA54CGU7, STM32WBA54CGU7TR, STM32WBA54KEU6, STM32WBA54KEU6TR, STM32WBA54KEU7, STM32WBA54KEU7TR, STM32WBA54KGU6, STM32WBA54KGU6TR, STM32WBA54KGU7, STM32WBA54KGU7TR, STM32WBA55CEU6, STM32WBA55CEU6TR, STM32WBA55CEU7, STM32WBA55CEU7TR, STM32WBA55CGU6, STM32WBA55CGU6TR, STM32WBA55CGU6U, STM32WBA55CGU7, STM32WBA55CGU7TR, STM32WBA55G-DK1, STM32WBA55HEF6, STM32WBA55HEF7, STM32WBA55HGF6, STM32WBA55HGF7, STM32WBA55UEI6, STM32WBA55UEI6TR, STM32WBA55UEI7, STM32WBA55UEI7TR, STM32WBA55UGI6, STM32WBA55UGI6TR, STM32WBA55UGI7, STM32WBA55UGI7TR, STM32WBA5MMGH6TR, STM32WBA62MGF6, STM32WBA62MIF6, STM32WBA65MGF7, STM32WBA65MIF6, STM32WBA65MIF7, STM32WL30K8V6, STM32WL30KBV6, STM32WL31C8V6, STM32WL31CBV6, STM32WL31K8V6, STM32WL31KBV6, STM32WL33C8V6, STM32WL33C8V6X, STM32WL33CBV6, STM32WL33CBV6X, STM32WL33CCV6, STM32WL33CCV6A, STM32WL33CCV6X, STM32WL33K8V7, STM32WL33K8V7X, STM32WL33KBV7 , STM32WL33KBV7X, STM32WL33KCV7, STM32WL33KCV7X, STM32WL5MOCH6, STM32WL5MOCH6TR]
2026-05-21 15:24:18,046 [INFO] ApiDb:668 - CubeFinder database Data Model version=2.1
2026-05-21 15:24:18,046 [INFO] ApiDb:669 - CubeFinder database Configuration version=3.0.42
2026-05-21 15:24:18,046 [INFO] ApiDb:670 - CubeFinder database generation date=2026-05-06 (1778060171)
2026-05-21 15:24:18,047 [INFO] ApiDb:671 - CubeFinder database FW Pack versions=[FP-ATR-ASTRA1_V2.0.0, FP-SNS-FLIGHT1_V5.1.0, FP-SNS-MOTENV1_V5.1.0, FP-SNS-MOTENVWB1_V1.5.0, FP-SNS-SMARTAG2_V1.2.0, FP-SNS-STBOX1_V2.1.0, STM32Cube_FW_C0_V1.4.0, STM32Cube_FW_F4_V1.28.3, STM32Cube_FW_F7_V1.17.4, STM32Cube_FW_G0_V1.6.3, STM32Cube_FW_G4_V1.6.2, STM32Cube_FW_H5_V1.6.0, STM32Cube_FW_H7RS_V1.3.0, STM32Cube_FW_H7_V1.13.0, STM32Cube_FW_L0_V1.12.2, STM32Cube_FW_L4_V1.18.2, STM32Cube_FW_L5_V1.6.0, STM32Cube_FW_N6_V1.3.0, STM32Cube_FW_U0_V1.3.0, STM32Cube_FW_U3_V1.3.0, STM32Cube_FW_U5_V1.8.0, STM32Cube_FW_WB0_V1.4.0, STM32Cube_FW_WBA_V1.9.0, STM32Cube_FW_WB_V1.24.0, STM32Cube_FW_WL3_V1.4.0, STM32Cube_FW_WL_V1.5.0, X-CUBE-ALGOBUILD_V1.4.0, X-CUBE-ALS_V1.0.2, X-CUBE-AZRTOS-F4_V1.1.0, X-CUBE-AZRTOS-F7_V1.1.0, X-CUBE-AZRTOS-G0_V1.1.0, X-CUBE-AZRTOS-G4_V2.0.0, X-CUBE-AZRTOS-H7RS_V1.1.0, X-CUBE-AZRTOS-H7_V3.5.0, X-CUBE-AZRTOS-L4_V2.0.0, X-CUBE-AZRTOS-L5_V2.0.0, X-CUBE-AZRTOS-WB_V2.0.0, X-CUBE-AZRTOS-WL_V2.0.0, X-CUBE-BLE1_V7.1.0, X-CUBE-BLE2_V3.3.0, X-CUBE-BLEMGR_V4.1.0, X-CUBE-EEPRMA1_V5.2.0, X-CUBE-FREERTOS_V1.5.0, X-CUBE-GNSS1_V6.0.0, X-CUBE-MEMS1_V12.0.0, X-CUBE-NFC4_V3.0.0, X-CUBE-NFC7_V2.0.0, X-CUBE-SFXS2LP1_V4.0.0, X-CUBE-ST67W61_V1.2.0, X-CUBE-SUBG2_V5.0.0, X-CUBE-TOF1_V3.4.3]
2026-05-21 15:24:25,565 [INFO] ApiDb:240 - Found 880 in-development CPN: [B-G473E-ZEST1S, B-WB1M-WPAN1, B-WBA5M-WPAN, B-WL5M-SUBG1, NUCLEO-C031C6, NUCLEO-C051C8, NUCLEO-C071RB, NUCLEO-C092RC, NUCLEO-H503RB, NUCLEO-H533RE, NUCLEO-H563ZI, NUCLEO-H7S3L8, NUCLEO-N657X0-Q, NUCLEO-U031R8, NUCLEO-U083RC, NUCLEO-U385RG-Q, NUCLEO-U545RE-Q, NUCLEO-U5A5ZJ-Q, NUCLEO-WB05KZ, NUCLEO-WB07CC, NUCLEO-WB09KE, NUCLEO-WBA52CG, NUCLEO-WBA55CG, NUCLEO-WL33CC1, NUCLEO-WL33CC2, STEVAL-PROTEUS1, STEVAL-SMARTAG2, STEVAL-STWINBX1, STM320518-EVAL, STM32C0116-DK, STM32C011D6Y3TR, STM32C011D6Y6TR, STM32C011F4P3, STM32C011F4P6, STM32C011F4U3, STM32C011F4U6TR, STM32C011F6P3, STM32C011F6P6, STM32C011F6U3, STM32C011F6U6TR, STM32C011J4M3, STM32C011J4M6, STM32C011J6M3, STM32C011J6M6, STM32C0316-DK, STM32C031C4T3, STM32C031C4T6, STM32C031C4U3, STM32C031C4U6, STM32C031C6T3, STM32C031C6T6, STM32C031C6U3, STM32C031C6U6, STM32C031F4P3, STM32C031F4P6, STM32C031F6P3, STM32C031F6P6, STM32C031G4U3, STM32C031G4U6, STM32C031G6U3, STM32C031G6U6, STM32C031K4T3, STM32C031K4T6, STM32C031K4U3, STM32C031K4U6, STM32C031K6T3, STM32C031K6T6, STM32C031K6U3, STM32C031K6U6, STM32C051C6T6, STM32C051C6U6, STM32C051C8T6, STM32C051C8U6, STM32C051D8Y6TR, STM32C051F6P6, STM32C051F8P6, STM32C051G6U6, STM32C051G8U6, STM32C051K6T6, STM32C051K6U6, STM32C051K8T6, STM32C071C8T6, STM32C071C8T6N, STM32C071C8U6, STM32C071C8U6N, STM32C071CBT6, STM32C071CBT6N, STM32C071CBU6, STM32C071CBU6N, STM32C071F8P6, STM32C071F8P6N, STM32C071FBP6, STM32C071FBP6N, STM32C071FBY6TR, STM32C071G8U6, STM32C071G8U6N, STM32C071GBU6, STM32C071GBU6N, STM32C071K8T6, STM32C071K8T6N, STM32C071K8U6, STM32C071K8U6N, STM32C071KBT6, STM32C071KBT6N, STM32C071KBU6, STM32C071KBU6N, STM32C071R8T6, STM32C071R8T6N, STM32C071RBI6N, STM32C071RBT6, STM32C071RBT6N, STM32C091CBT6, STM32C091CBU6, STM32C091CCT6, STM32C091CCU6, STM32C091ECY6TR, STM32C091FBP6, STM32C091FCP6, STM32C091GBU6, STM32C091GCU6, STM32C091KBT6, STM32C091KBU6, STM32C091KCT6, STM32C091KCU6, STM32C091RBT6, STM32C091RCI6, STM32C091RCT6, STM32C092CBT6, STM32C092CBU6, STM32C092CCT6, STM32C092CCU6, STM32C092ECY6TR, STM32C092FBP6, STM32C092FCP6, STM32C092GBU6, STM32C092GCU6, STM32C092KBT6, STM32C092KBU6, STM32C092KCT6, STM32C092KCU6, STM32C092RBT6, STM32C092RCI6, STM32C092RCT6, STM32G071K8TXN, STM32G071K8UXN, STM32G081GBU6N, STM32G081KBT6N, STM32G081KBUXN, STM32G0B1CCT6N, STM32G0B1KCT6, STM32G0B1NEY6TR, STM32G0B1RCT6N, STM32G0C1CCT6, STM32G0C1CCT6N, STM32G0C1CCU6N, STM32G0C1CET6N, STM32G0C1CEU6N, STM32G0C1KCT6, STM32G0C1NEY6TR, STM32G0C1RCI6N, STM32G0C1RCT6N, STM32G0C1REI6N, STM32G0C1RET6N, STM32G0C1VCI6, STM32G0C1VEI6, STM32G411C6T3, STM32G411C6T6, STM32G411C6U3, STM32G411C6U6, STM32G411C8T3, STM32G411C8T6, STM32G411C8U3, STM32G411C8U6, STM32G411CBT3, STM32G411CBT6, STM32G411CBU3, STM32G411CBU6, STM32G411K6T3, STM32G411K6T6, STM32G411K6U3, STM32G411K6U6, STM32G411K8T3, STM32G411K8T6, STM32G411K8U3, STM32G411K8U6, STM32G411KBT3, STM32G411KBT6, STM32G411KBU3, STM32G411KBU6, STM32G411M6T3, STM32G411M6T6, STM32G411M8T3, STM32G411M8T6, STM32G411MBT3, STM32G411MBT6, STM32G411R6T3, STM32G411R6T6, STM32G411R8T3, STM32G411R8T6, STM32G411RBT3, STM32G411RBT6, STM32G414CBT3, STM32G414CBT6, STM32G414CBU3, STM32G414CBU6, STM32G414CCT3, STM32G414CCT6, STM32G414CCU3, STM32G414CCU6, STM32G414MBT3, STM32G414MBT6, STM32G414MCT3, STM32G414MCT6, STM32G414RBT3, STM32G414RBT6, STM32G414RCT3, STM32G414RCT6, STM32G414VBT3, STM32G414VBT6, STM32G414VCT3, STM32G414VCT6, STM32G431CBT3Z, STM32G431RBT3Z, STM32G471CCT6, STM32G471CCU6, STM32G471CET3, STM32G471CET6, STM32G471CEU3, STM32G471CEU6, STM32G471MCT6, STM32G471MET3, STM32G471MET6, STM32G471MEY6TR, STM32G471QCT6, STM32G471QET3, STM32G471RCT6, STM32G471RET3, STM32G471RET6, STM32G471VCH6, STM32G471VCI6, STM32G471VCT6, STM32G471VEH3, STM32G471VEH6, STM32G471VEI3, STM32G471VEI6, STM32G471VET3, STM32G471VET6, STM32G473QET3Z, STM32G473RET3Z, STM32G474CCT6, STM32G491RET3Z, STM32H503CBT6, STM32H503CBU6, STM32H503EBY6TR, STM32H503KBU6, STM32H503RBT6, STM32H523CCT6, STM32H523CCU6, STM32H523CET6, STM32H523CEU6, STM32H523HEY6TR, STM32H523RCT6, STM32H523RET6, STM32H523VCI6, STM32H523VCT6, STM32H523VEI6, STM32H523VET6, STM32H523ZCJ6, STM32H523ZCT6, STM32H523ZEJ6, STM32H523ZET6, STM32H533CET6, STM32H533CEU6, STM32H533HEY6TR, STM32H533RET6, STM32H533VEI6, STM32H533VET6, STM32H533ZEJ6, STM32H533ZET6, STM32H562AGI6, STM32H562AII6, STM32H562IGK6, STM32H562IGT6, STM32H562IIK6, STM32H562IIT6, STM32H562RGT6, STM32H562RGV6, STM32H562RIT6, STM32H562RIV6, STM32H562VGT6, STM32H562VIT6, STM32H562ZGT6, STM32H562ZIT6, STM32H563AGI6, STM32H563AII3Q, STM32H563AII6, STM32H563IGK6, STM32H563IGT6, STM32H563IIK3Q, STM32H563IIK6, STM32H563IIT3Q, STM32H563IIT6, STM32H563MIY3QTR, STM32H563RGT6, STM32H563RGV6, STM32H563RIT6, STM32H563RIV6, STM32H563VGT6, STM32H563VIT3Q, STM32H563VIT6, STM32H563ZGT6, STM32H563ZIT3Q, STM32H563ZIT6, STM32H573AII3Q, STM32H573AII6, STM32H573I-DK, STM32H573IIK3Q, STM32H573IIK6, STM32H573IIT3Q, STM32H573IIT6, STM32H573MIY3QTR, STM32H573RIT6, STM32H573RIV6, STM32H573VIT3Q, STM32H573VIT6, STM32H573ZIT3Q, STM32H573ZIT6, STM32H7R3A8I6, STM32H7R3I8K6, STM32H7R3I8T6, STM32H7R3L8H6, STM32H7R3L8H6H, STM32H7R3R8V6, STM32H7R3V8H6, STM32H7R3V8T6, STM32H7R3V8Y6TR, STM32H7R3Z8J6, STM32H7R3Z8T6, STM32H7R7A8I6, STM32H7R7I8K6, STM32H7R7I8T6, STM32H7R7L8H6, STM32H7R7L8H6H, STM32H7R7Z8J6, STM32H7S3A8I6, STM32H7S3I8K6, STM32H7S3I8T6, STM32H7S3L8H6, STM32H7S3L8H6H, STM32H7S3R8V6, STM32H7S3V8H6, STM32H7S3V8T6, STM32H7S3V8Y6TR, STM32H7S3Z8J6, STM32H7S3Z8T6, STM32H7S78-DK, STM32H7S7A8I6, STM32H7S7I8K6, STM32H7S7I8T6, STM32H7S7L8H6, STM32H7S7L8H6H, STM32H7S7Z8J6, STM32L4R5QGI6STR, STM32MP131AAE3, STM32MP131AAF3, STM32MP131AAG3, STM32MP131CAE3, STM32MP131CAF3, STM32MP131CAG3, STM32MP131DAE7, STM32MP131DAF7, STM32MP131DAG7, STM32MP131FAE7, STM32MP131FAF7, STM32MP131FAG7, STM32MP133AAE3, STM32MP133AAF3, STM32MP133AAG3, STM32MP133CAE3, STM32MP133CAF3, STM32MP133CAG3, STM32MP133DAE7, STM32MP133DAF7, STM32MP133DAG7, STM32MP133FAE7, STM32MP133FAF7, STM32MP133FAG7, STM32MP135AAE3, STM32MP135AAF3, STM32MP135AAG3, STM32MP135CAE3, STM32MP135CAF3, STM32MP135CAG3, STM32MP135DAE7, STM32MP135DAF7, STM32MP135DAG7, STM32MP135F-DK, STM32MP135FAE7, STM32MP135FAF7, STM32MP135FAF7T, STM32MP135FAF7U, STM32MP135FAG7, STM32MP211AAL3, STM32MP211AAM3, STM32MP211AAN3, STM32MP211AAO3, STM32MP211CAL3, STM32MP211CAM3, STM32MP211CAN3, STM32MP211CAO3, STM32MP211DAL3, STM32MP211DAM3, STM32MP211DAN3, STM32MP211DAO3, STM32MP211FAL3, STM32MP211FAM3, STM32MP211FAN3, STM32MP211FAO3, STM32MP213AAL3, STM32MP213AAM3, STM32MP213AAN3, STM32MP213AAO3, STM32MP213CAL3, STM32MP213CAM3, STM32MP213CAN3, STM32MP213CAO3, STM32MP213DAL3, STM32MP213DAM3, STM32MP213DAN3, STM32MP213DAO3, STM32MP213FAL3, STM32MP213FAM3, STM32MP213FAN3, STM32MP213FAO3, STM32MP215AAL3, STM32MP215AAM3, STM32MP215AAN3, STM32MP215AAO3, STM32MP215CAL3, STM32MP215CAM3, STM32MP215CAN3, STM32MP215CAO3, STM32MP215DAL3, STM32MP215DAM3, STM32MP215DAN3, STM32MP215DAO3, STM32MP215F-DK, STM32MP215FAL3, STM32MP215FAM3, STM32MP215FAN3, STM32MP215FAO3, STM32MP231AAJ3, STM32MP231AAK3, STM32MP231AAL3, STM32MP231CAJ3, STM32MP231CAK3, STM32MP231CAL3, STM32MP231DAJ3, STM32MP231DAK3, STM32MP231DAL3, STM32MP231FAJ3, STM32MP231FAK3, STM32MP231FAL3, STM32MP233AAJ3, STM32MP233AAK3, STM32MP233AAL3, STM32MP233CAJ3, STM32MP233CAK3, STM32MP233CAL3, STM32MP233DAJ3, STM32MP233DAK3, STM32MP233DAL3, STM32MP233FAJ3, STM32MP233FAK3, STM32MP233FAL3, STM32MP235AAJ3, STM32MP235AAK3, STM32MP235AAL3, STM32MP235CAJ3, STM32MP235CAK3, STM32MP235CAL3, STM32MP235DAJ3, STM32MP235DAK3, STM32MP235DAL3, STM32MP235FAJ3, STM32MP235FAK3, STM32MP235FAL3, STM32MP251AAI3, STM32MP251AAK3, STM32MP251AAL3, STM32MP251CAI3, STM32MP251CAK3, STM32MP251CAL3, STM32MP251DAI3, STM32MP251DAK3, STM32MP251DAL3, STM32MP251FAI3, STM32MP251FAK3, STM32MP251FAL3, STM32MP253AAI3, STM32MP253AAK3, STM32MP253AAL3, STM32MP253CAI3, STM32MP253CAK3, STM32MP253CAL3, STM32MP253DAI3, STM32MP253DAK3, STM32MP253DAL3, STM32MP253FAI3, STM32MP253FAK3, STM32MP253FAL3, STM32MP255AAI3, STM32MP255AAK3, STM32MP255AAL3, STM32MP255CAI3, STM32MP255CAK3, STM32MP255CAL3, STM32MP255DAI3, STM32MP255DAK3, STM32MP255DAL3, STM32MP255FAI3, STM32MP255FAK3, STM32MP255FAL3, STM32MP257AAI3, STM32MP257AAK3, STM32MP257AAL3, STM32MP257CAI3, STM32MP257CAK3, STM32MP257CAL3, STM32MP257DAI3, STM32MP257DAK3, STM32MP257DAL3, STM32MP257F-DK, STM32MP257F-EV1, STM32MP257FAI3, STM32MP257FAK3, STM32MP257FAL3, STM32N645A0H3Q, STM32N645B0H3Q, STM32N645I0H3Q, STM32N645L0H3Q, STM32N645X0H3Q, STM32N645Z0H3Q, STM32N647A0H3Q, STM32N647B0H3Q, STM32N647I0H3Q, STM32N647L0H3Q, STM32N647X0H3Q, STM32N647Z0H3Q, STM32N655A0H3Q, STM32N655B0H3Q, STM32N655I0H3Q, STM32N655L0H3Q, STM32N655X0H3Q, STM32N655Z0H3Q, STM32N6570-DK, STM32N657A0H3Q, STM32N657B0H3Q, STM32N657I0H3Q, STM32N657L0H3Q, STM32N657X0H3Q, STM32N657Z0H3Q, STM32U031C6T6, STM32U031C6U6, STM32U031C8T6, STM32U031C8U6, STM32U031F4P6, STM32U031F6P6, STM32U031F8P6, STM32U031G6Y6TR, STM32U031G8Y6TR, STM32U031K4U6, STM32U031K6U6, STM32U031K8U6, STM32U031R6I6, STM32U031R6T6, STM32U031R8I6, STM32U031R8T6, STM32U073C8T6, STM32U073C8U6, STM32U073CBT6, STM32U073CBU6, STM32U073CCT6, STM32U073CCU6, STM32U073H8Y6TR, STM32U073HBY6TR, STM32U073HCY6TR, STM32U073K8U6, STM32U073KBU6, STM32U073KCU6, STM32U073M8I6, STM32U073M8T6, STM32U073MBI6, STM32U073MBT6, STM32U073MCI6, STM32U073MCT6, STM32U073R8I6, STM32U073R8T6, STM32U073RBI6, STM32U073RBT6, STM32U073RCI6, STM32U073RCT6, STM32U083C-DK, STM32U083CCT6, STM32U083CCU6, STM32U083HCY6TR, STM32U083KCU6, STM32U083MCI6, STM32U083MCT6, STM32U083RCI6, STM32U083RCT6, STM32U375CET6, STM32U375CET6Q, STM32U375CEU6, STM32U375CEU6Q, STM32U375CEY6QTR, STM32U375CGT6, STM32U375CGT6Q, STM32U375CGU6, STM32U375CGU6Q, STM32U375CGY6QTR, STM32U375KEU6, STM32U375KGU6, STM32U375REI6, STM32U375REI6Q, STM32U375RET6, STM32U375RET6Q, STM32U375REY6GTR, STM32U375REY6QTR, STM32U375RGI6, STM32U375RGI6Q, STM32U375RGT6, STM32U375RGT6Q, STM32U375RGY6GTR, STM32U375RGY6QTR, STM32U375VEI6, STM32U375VEI6Q, STM32U375VET6, STM32U375VET6Q, STM32U375VGI6, STM32U375VGI6Q, STM32U375VGT6, STM32U375VGT6Q, STM32U385CGT6, STM32U385CGT6Q, STM32U385CGU6, STM32U385CGU6Q, STM32U385CGY6QTR, STM32U385KGU6, STM32U385RGI6, STM32U385RGI6Q, STM32U385RGT6, STM32U385RGT6Q, STM32U385RGY6GTR, STM32U385RGY6QTR, STM32U385VGI6, STM32U385VGI6Q, STM32U385VGT6, STM32U385VGT6Q, STM32U535CBT6, STM32U535CBT6Q, STM32U535CBU6, STM32U535CBU6Q, STM32U535CCT6, STM32U535CCT6Q, STM32U535CCU6, STM32U535CCU6Q, STM32U535CET6, STM32U535CET6Q, STM32U535CEU6, STM32U535CEU6Q, STM32U535JEY6QTR, STM32U535NCY6QTR, STM32U535NEY6QTR, STM32U535RBI6, STM32U535RBI6Q, STM32U535RBT6, STM32U535RBT6Q, STM32U535RCI6, STM32U535RCI6Q, STM32U535RCT6, STM32U535RCT6Q, STM32U535REI6, STM32U535REI6Q, STM32U535RET6, STM32U535RET6Q, STM32U535VCI6, STM32U535VCI6Q, STM32U535VCT6, STM32U535VCT6Q, STM32U535VEI6, STM32U535VEI6Q, STM32U535VET6, STM32U535VET6Q, STM32U545CET6, STM32U545CET6Q, STM32U545CEU6, STM32U545CEU6Q, STM32U545JEY6QTR, STM32U545NEY6QTR, STM32U545REI6, STM32U545REI6Q, STM32U545RET6, STM32U545RET6Q, STM32U545VEI6, STM32U545VEI6Q, STM32U545VET6, STM32U545VET6Q, STM32U595AIH6, STM32U595AIH6Q, STM32U595AJH6, STM32U595AJH6Q, STM32U595QII6, STM32U595QII6Q, STM32U595QJI6, STM32U595QJI6Q, STM32U595RIT6, STM32U595RIT6Q, STM32U595RJT6, STM32U595RJT6Q, STM32U595VIT6, STM32U595VIT6Q, STM32U595VJT6, STM32U595VJT6Q, STM32U595ZIT6, STM32U595ZIT6Q, STM32U595ZIY6QTR, STM32U595ZJT6, STM32U595ZJT6Q, STM32U595ZJY6QTR, STM32U599BJY6QTR, STM32U599NIH6Q, STM32U599NJH6Q, STM32U599VIT6Q, STM32U599VJT6, STM32U599VJT6Q, STM32U599ZIT6Q, STM32U599ZIY6QTR, STM32U599ZJT6Q, STM32U599ZJY6QTR, STM32U5A5AJH6, STM32U5A5AJH6Q, STM32U5A5QII3Q , STM32U5A5QJI6, STM32U5A5QJI6Q, STM32U5A5RJT6, STM32U5A5RJT6Q, STM32U5A5VJT6, STM32U5A5VJT6Q, STM32U5A5ZJT6, STM32U5A5ZJT6Q, STM32U5A5ZJY6QTR, STM32U5A9BJY6QTR, STM32U5A9J-DK, STM32U5A9NJH6Q, STM32U5A9VJT6Q, STM32U5A9ZJT6Q, STM32U5A9ZJY6QTR, STM32U5F7VIT6, STM32U5F7VIT6Q, STM32U5F7VJT6, STM32U5F7VJT6Q, STM32U5F9BJY6QTR, STM32U5F9NJH6Q, STM32U5F9VIT6Q, STM32U5F9VJT6Q, STM32U5F9ZIJ6QTR, STM32U5F9ZIT6Q, STM32U5F9ZJJ6QTR, STM32U5F9ZJT6Q, STM32U5G7VJT6, STM32U5G7VJT6Q, STM32U5G9BJY6QTR, STM32U5G9J-DK1, STM32U5G9J-DK2, STM32U5G9NJH6Q, STM32U5G9VJT6Q, STM32U5G9ZJJ6QTR, STM32U5G9ZJT6Q, STM32WB05KZV6TR, STM32WB05KZV7TR, STM32WB05TZF6TR, STM32WB05TZF7TR, STM32WB06CCF6TR, STM32WB06CCF7TR, STM32WB06CCV6TR, STM32WB06CCV7TR, STM32WB06KCV6TR, STM32WB06KCV7TR, STM32WB07CCF6TR, STM32WB07CCF7TR, STM32WB07CCV6TR, STM32WB07CCV7TR, STM32WB07KCV6TR, STM32WB07KCV7TR, STM32WB09KEV6TR, STM32WB09KEV7TR, STM32WB09TEF6TR, STM32WB09TEF7TR, STM32WB1MMCH6, STM32WBA50KGU6, STM32WBA50KGU6TR, STM32WBA52CEU6, STM32WBA52CEU6TR, STM32WBA52CEU7, STM32WBA52CEU7TR, STM32WBA52CGU6, STM32WBA52CGU6TR, STM32WBA52CGU6U, STM32WBA52CGU7, STM32WBA52CGU7TR, STM32WBA52KEU6, STM32WBA52KEU6TR, STM32WBA52KGU6, STM32WBA52KGU6TR, STM32WBA54CEU6, STM32WBA54CEU6TR, STM32WBA54CEU7, STM32WBA54CEU7TR, STM32WBA54CGU6, STM32WBA54CGU6TR, STM32WBA54CGU7, STM32WBA54CGU7TR, STM32WBA54KEU6, STM32WBA54KEU6TR, STM32WBA54KEU7, STM32WBA54KEU7TR, STM32WBA54KGU6, STM32WBA54KGU6TR, STM32WBA54KGU7, STM32WBA54KGU7TR, STM32WBA55CEU6, STM32WBA55CEU6TR, STM32WBA55CEU7, STM32WBA55CEU7TR, STM32WBA55CGU6, STM32WBA55CGU6TR, STM32WBA55CGU6U, STM32WBA55CGU7, STM32WBA55CGU7TR, STM32WBA55G-DK1, STM32WBA55HEF6, STM32WBA55HEF7, STM32WBA55HGF6, STM32WBA55HGF7, STM32WBA55UEI6, STM32WBA55UEI6TR, STM32WBA55UEI7, STM32WBA55UEI7TR, STM32WBA55UGI6, STM32WBA55UGI6TR, STM32WBA55UGI7, STM32WBA55UGI7TR, STM32WBA5MMGH6TR, STM32WBA62MGF6, STM32WBA62MIF6, STM32WBA65MGF7, STM32WBA65MIF6, STM32WBA65MIF7, STM32WL30K8V6, STM32WL30KBV6, STM32WL31C8V6, STM32WL31CBV6, STM32WL31K8V6, STM32WL31KBV6, STM32WL33C8V6, STM32WL33C8V6X, STM32WL33CBV6, STM32WL33CBV6X, STM32WL33CCV6, STM32WL33CCV6A, STM32WL33CCV6X, STM32WL33K8V7, STM32WL33K8V7X, STM32WL33KBV7 , STM32WL33KBV7X, STM32WL33KCV7, STM32WL33KCV7X, STM32WL5MOCH6, STM32WL5MOCH6TR]
2026-05-21 15:24:25,581 [INFO] DbMcus:218 - Found 5086 MCUs, 4968 are supported
2026-05-21 15:24:25,583 [INFO] ApiDb:423 - Load user favorites file C:\Users\matuh/.stm32cubeide/favorites.mcus.txt: 1 item(s)
2026-05-21 15:24:25,584 [INFO] ApiDb:427 - User favorites MCUs=[STM32G491REI6]
2026-05-21 15:24:25,584 [INFO] DbMcus:224 - Set 1 / 1 favorites MCUs
2026-05-21 15:24:27,269 [INFO] BoardInfo:889 - No configuration file found for board NUCLEO-H5E5ZJ
2026-05-21 15:24:27,270 [INFO] DbBoards:161 - Board is not supported: NUCLEO-H5E5ZJ
2026-05-21 15:24:27,427 [INFO] BoardInfo:889 - No configuration file found for board NUCLEO-U3C5ZI-Q
2026-05-21 15:24:27,428 [INFO] DbBoards:161 - Board is not supported: NUCLEO-U3C5ZI-Q
2026-05-21 15:24:27,494 [INFO] BoardInfo:889 - No configuration file found for board NUCLEO-WBA25CE1
2026-05-21 15:24:27,497 [INFO] DbBoards:161 - Board is not supported: NUCLEO-WBA25CE1
2026-05-21 15:24:27,530 [INFO] BoardInfo:889 - No configuration file found for board NUCLEO-WL3RKB1
2026-05-21 15:24:27,531 [INFO] DbBoards:161 - Board is not supported: NUCLEO-WL3RKB1
2026-05-21 15:24:27,535 [INFO] BoardInfo:889 - No configuration file found for board NUCLEO-WL3RKB2
2026-05-21 15:24:27,536 [INFO] DbBoards:161 - Board is not supported: NUCLEO-WL3RKB2
2026-05-21 15:24:27,563 [INFO] BoardInfo:889 - No configuration file found for board P-NUCLEO-WB55
2026-05-21 15:24:27,565 [INFO] DbBoards:161 - Kit is not supported: P-NUCLEO-WB55
2026-05-21 15:24:27,583 [INFO] BoardInfo:889 - No configuration file found for board STEVAL-BFA001V1B
2026-05-21 15:24:27,585 [INFO] DbBoards:161 - Kit is not supported: STEVAL-BFA001V1B
2026-05-21 15:24:27,588 [INFO] BoardInfo:889 - No configuration file found for board STEVAL-BFA001V2B
2026-05-21 15:24:27,589 [INFO] DbBoards:161 - Kit is not supported: STEVAL-BFA001V2B
2026-05-21 15:24:27,963 [INFO] BoardInfo:889 - No configuration file found for board STM32H5F5J-DK
2026-05-21 15:24:27,965 [INFO] DbBoards:161 - Board is not supported: STM32H5F5J-DK
2026-05-21 15:24:28,214 [INFO] DbBoards:168 - Found 218 boards, 209 are supported
2026-05-21 15:24:28,215 [INFO] DbBoards:169 - Found 218 boards, 43 of them is supported for  Bsp
2026-05-21 15:24:28,227 [INFO] ApiDb:423 - Load user favorites file C:\Users\matuh/.stm32cubeide/favorites.boards.txt: 1 item(s)
2026-05-21 15:24:28,227 [INFO] ApiDb:427 - User favorites Boards=[NUCLEO-G491RE]
2026-05-21 15:24:28,227 [INFO] DbBoards:198 - Set 1 / 1 favorites Boards
2026-05-21 15:24:28,279 [INFO] UtilMem:75 - End LoadConfig() Used Memory: 517659096 Bytes (638582784)
2026-05-21 15:24:28,644 [WARN] ThirdParty:833 - waiting for thirdparty lock release [change project]
2026-05-21 15:24:28,644 [INFO] ThirdParty:835 - entering critical section [change project]
2026-05-21 15:24:28,645 [INFO] ThirdParty:1030 - CMSIS Pack Vendor :STMicroelectronics X-CUBE-AZRTOS-H7 3.5.0
2026-05-21 15:24:28,645 [INFO] ThirdParty:1030 - CMSIS Pack Vendor :STMicroelectronics X-CUBE-PM33A1 1.0.0
2026-05-21 15:24:28,645 [INFO] ThirdParty:1030 - CMSIS Pack Vendor :STMicroelectronics USBPD 4.1
2026-05-21 15:24:28,646 [INFO] ThirdParty:1030 - CMSIS Pack Vendor :STMicroelectronics X-CUBE-GNSS1 6.0.0
2026-05-21 15:24:28,646 [INFO] ThirdParty:1030 - CMSIS Pack Vendor :STMicroelectronics USB_HOST 2.0.0
2026-05-21 15:24:28,646 [INFO] ThirdParty:1030 - CMSIS Pack Vendor :STMicroelectronics FP-SNS-MOTENVWB1 1.4.0
2026-05-21 15:24:28,646 [INFO] ThirdParty:1030 - CMSIS Pack Vendor :STMicroelectronics X-CUBE-AZRTOS-F4 1.1.0
2026-05-21 15:24:28,646 [INFO] ThirdParty:1030 - CMSIS Pack Vendor :STMicroelectronics LIBJPEG 8.0.0
2026-05-21 15:24:28,646 [INFO] ThirdParty:1030 - CMSIS Pack Vendor :STMicroelectronics FP-ATR-ASTRA1 2.0.2
2026-05-21 15:24:28,646 [INFO] ThirdParty:1030 - CMSIS Pack Vendor :STMicroelectronics FP-ATR-ASTRA1 2.0.1
2026-05-21 15:24:28,646 [INFO] ThirdParty:1030 - CMSIS Pack Vendor :wolfSSL I-CUBE-wolfSSL 5.6.3
2026-05-21 15:24:28,646 [INFO] ThirdParty:1030 - CMSIS Pack Vendor :Avnet-IotConnect X-CUBE-IoTC-DA16k-PMOD 1.0.0
2026-05-21 15:24:28,647 [INFO] ThirdParty:1030 - CMSIS Pack Vendor :STMicroelectronics X-CUBE-SMBUS 2.1.0
2026-05-21 15:24:28,647 [INFO] ThirdParty:1030 - CMSIS Pack Vendor :STMicroelectronics X-CUBE-WB05N 1.1.0
2026-05-21 15:24:28,647 [INFO] ThirdParty:1030 - CMSIS Pack Vendor :STMicroelectronics X-CUBE-ISPU 2.1.0
2026-05-21 15:24:28,647 [INFO] ThirdParty:1030 - CMSIS Pack Vendor :STMicroelectronics X-CUBE-IPS 3.2.0
2026-05-21 15:24:28,647 [INFO] ThirdParty:1030 - CMSIS Pack Vendor :STMicroelectronics eDS-WB_DPC_TT-BIDIR 2.1.1
2026-05-21 15:24:28,648 [INFO] ThirdParty:1030 - CMSIS Pack Vendor :STMicroelectronics X-CUBE-FREERTOS 1.2.0
2026-05-21 15:24:28,648 [INFO] ThirdParty:1030 - CMSIS Pack Vendor :STMicroelectronics X-CUBE-ST60 1.0.0
2026-05-21 15:24:28,648 [INFO] ThirdParty:1030 - CMSIS Pack Vendor :STMicroelectronics X-CUBE-TOUCHGFX 4.23.1
2026-05-21 15:24:28,648 [INFO] ThirdParty:1030 - CMSIS Pack Vendor :STMicroelectronics X-CUBE-TOUCHGFX 4.23.0
2026-05-21 15:24:28,648 [INFO] ThirdParty:1030 - CMSIS Pack Vendor :STMicroelectronics X-CUBE-NFC12 1.0.0
2026-05-21 15:24:28,648 [INFO] ThirdParty:1030 - CMSIS Pack Vendor :STMicroelectronics X-CUBE-TOUCHGFX 4.23.2
2026-05-21 15:24:28,648 [INFO] ThirdParty:1030 - CMSIS Pack Vendor :STMicroelectronics X-CUBE-AZRTOS-F7 1.1.0
2026-05-21 15:24:28,648 [INFO] ThirdParty:1030 - CMSIS Pack Vendor :STMicroelectronics X-CUBE-AZRTOS-L5 2.0.0
2026-05-21 15:24:28,648 [INFO] ThirdParty:1030 - CMSIS Pack Vendor :STMicroelectronics USB_DEVICE 2.0.0
2026-05-21 15:24:28,648 [INFO] ThirdParty:1030 - CMSIS Pack Vendor :STMicroelectronics X-CUBE-MEMS1 9.6.0
2026-05-21 15:24:28,648 [INFO] ThirdParty:1030 - CMSIS Pack Vendor :STMicroelectronics X-CUBE-EEPRMA1 4.2.0
2026-05-21 15:24:28,648 [INFO] ThirdParty:1030 - CMSIS Pack Vendor :STMicroelectronics X-CUBE-NFC6 3.1.0
2026-05-21 15:24:28,648 [INFO] ThirdParty:1030 - CMSIS Pack Vendor :ITTIA_DB I-CUBE-ITTIADB 8.8.0
2026-05-21 15:24:28,649 [INFO] ThirdParty:1030 - CMSIS Pack Vendor :STMicroelectronics FP-SNS-MOTENV1 4.3.2
2026-05-21 15:24:28,649 [INFO] ThirdParty:1030 - CMSIS Pack Vendor :STMicroelectronics X-CUBE-MEMS1 11.0.0
2026-05-21 15:24:28,649 [INFO] ThirdParty:1030 - CMSIS Pack Vendor :STMicroelectronics X-CUBE-BLE1 6.2.4
2026-05-21 15:24:28,649 [INFO] ThirdParty:1030 - CMSIS Pack Vendor :STMicroelectronics FP-SNS-MOTENV1 5.1.0
2026-05-21 15:24:28,649 [INFO] ThirdParty:1030 - CMSIS Pack Vendor :STMicroelectronics FreeRTOS 0.0.1
2026-05-21 15:24:28,649 [INFO] ThirdParty:1030 - CMSIS Pack Vendor :STMicroelectronics X-CUBE-BLEMGR 2.0.0
2026-05-21 15:24:28,649 [INFO] ThirdParty:1030 - CMSIS Pack Vendor :STMicroelectronics X-CUBE-DPower 1.2.0
2026-05-21 15:24:28,649 [INFO] ThirdParty:1030 - CMSIS Pack Vendor :STMicroelectronics eDS-WB_DPC_VIENNA 1.2.0
2026-05-21 15:24:28,649 [INFO] ThirdParty:1030 - CMSIS Pack Vendor :STMicroelectronics FP-SNS-FLIGHT1 5.0.2
2026-05-21 15:24:28,649 [INFO] ThirdParty:1030 - CMSIS Pack Vendor :STMicroelectronics eDS-WB_DPC_3PH2L-BIDIR 1.1.1
2026-05-21 15:24:28,650 [INFO] ThirdParty:1030 - CMSIS Pack Vendor :STMicroelectronics X-CUBE-AI 9.0.0
2026-05-21 15:24:28,650 [INFO] ThirdParty:1030 - CMSIS Pack Vendor :STMicroelectronics X-CUBE-AZRTOS-H7 3.1.0
2026-05-21 15:24:28,650 [INFO] ThirdParty:1030 - CMSIS Pack Vendor :STMicroelectronics PDM2PCM 3.3.0
2026-05-21 15:24:28,650 [INFO] ThirdParty:1030 - CMSIS Pack Vendor :STMicroelectronics X-CUBE-AZRTOS-H7 3.4.0
2026-05-21 15:24:28,650 [INFO] ThirdParty:1030 - CMSIS Pack Vendor :STMicroelectronics X-CUBE-DISPLAY 3.0.0
2026-05-21 15:24:28,650 [INFO] ThirdParty:1030 - CMSIS Pack Vendor :STMicroelectronics X-CUBE-GNSS1 7.1.1
2026-05-21 15:24:28,650 [INFO] ThirdParty:1030 - CMSIS Pack Vendor :STMicroelectronics FP-SNS-MOTENVWB1 1.5.0
2026-05-21 15:24:28,650 [INFO] ThirdParty:1030 - CMSIS Pack Vendor :STMicroelectronics X-CUBE-BLE1 7.0.0
2026-05-21 15:24:28,650 [INFO] ThirdParty:1030 - CMSIS Pack Vendor :STMicroelectronics X-CUBE-NFC10 1.0.0
2026-05-21 15:24:28,650 [INFO] ThirdParty:1030 - CMSIS Pack Vendor :STMicroelectronics X-CUBE-BLEMGR 4.0.0
2026-05-21 15:24:28,650 [INFO] ThirdParty:1030 - CMSIS Pack Vendor :STMicroelectronics X-CUBE-FREERTOS 1.3.1
2026-05-21 15:24:28,650 [INFO] ThirdParty:1030 - CMSIS Pack Vendor :STMicroelectronics HAL Drivers 0.0.0
2026-05-21 15:24:28,650 [INFO] ThirdParty:1030 - CMSIS Pack Vendor :STMicroelectronics X-CUBE-ST60 1.1.0
2026-05-21 15:24:28,651 [INFO] ThirdParty:1030 - CMSIS Pack Vendor :emotas I-CUBE-CANOPEN 1.3.0
2026-05-21 15:24:28,651 [INFO] ThirdParty:1030 - CMSIS Pack Vendor :STMicroelectronics X-CUBE-FREERTOS 1.3.0
2026-05-21 15:24:28,651 [INFO] ThirdParty:1030 - CMSIS Pack Vendor :STMicroelectronics X-CUBE-TOUCHGFX 4.22.0
2026-05-21 15:24:28,651 [INFO] ThirdParty:1030 - CMSIS Pack Vendor :STMicroelectronics X-CUBE-NFC7 1.0.1
2026-05-21 15:24:28,651 [INFO] ThirdParty:1030 - CMSIS Pack Vendor :STMicroelectronics MBEDTLS 2.14.1
2026-05-21 15:24:28,651 [INFO] ThirdParty:1030 - CMSIS Pack Vendor :STMicroelectronics X-CUBE-GNSS1 7.1.0
2026-05-21 15:24:28,651 [INFO] ThirdParty:1030 - CMSIS Pack Vendor :STMicroelectronics X-CUBE-TOUCHGFX 4.22.1
2026-05-21 15:24:28,651 [INFO] ThirdParty:1030 - CMSIS Pack Vendor :wolfSSL I-CUBE-wolfTPM 3.2.0
2026-05-21 15:24:28,651 [INFO] ThirdParty:1030 - CMSIS Pack Vendor :STMicroelectronics X-CUBE-TOUCHGFX 4.26.0
2026-05-21 15:24:28,651 [INFO] ThirdParty:1030 - CMSIS Pack Vendor :STMicroelectronics X-CUBE-NFC6 3.0.0
2026-05-21 15:24:28,651 [INFO] ThirdParty:1030 - CMSIS Pack Vendor :STMicroelectronics X-CUBE-TOUCHGFX 4.26.1
2026-05-21 15:24:28,651 [INFO] ThirdParty:1030 - CMSIS Pack Vendor :STMicroelectronics X-CUBE-EEPRMA1 4.1.0
2026-05-21 15:24:28,651 [INFO] ThirdParty:1030 - CMSIS Pack Vendor :STMicroelectronics X-CUBE-BLEMGR 3.1.0
2026-05-21 15:24:28,651 [INFO] ThirdParty:1030 - CMSIS Pack Vendor :STMicroelectronics X-CUBE-AI 10.0.0
2026-05-21 15:24:28,651 [INFO] ThirdParty:1030 - CMSIS Pack Vendor :STMicroelectronics FP-SNS-STBOX1 2.1.0
2026-05-21 15:24:28,651 [INFO] ThirdParty:1030 - CMSIS Pack Vendor :STMicroelectronics FP-SNS-STAIOTCFT 1.0.0
2026-05-21 15:24:28,651 [INFO] ThirdParty:1030 - CMSIS Pack Vendor :STMicroelectronics FP-SNS-SMARTAG2 1.2.0
2026-05-21 15:24:28,651 [INFO] ThirdParty:1030 - CMSIS Pack Vendor :STMicroelectronics FP-SNS-FLIGHT1 5.1.0
2026-05-21 15:24:28,651 [INFO] ThirdParty:1030 - CMSIS Pack Vendor :STMicroelectronics X-CUBE-MEMS1 11.1.0
2026-05-21 15:24:28,651 [INFO] ThirdParty:1030 - CMSIS Pack Vendor :STMicroelectronics X-CUBE-AZRTOS-WL 2.0.0
2026-05-21 15:24:28,652 [INFO] ThirdParty:1030 - CMSIS Pack Vendor :STMicroelectronics X-CUBE-DPower 1.3.0
2026-05-21 15:24:28,652 [INFO] ThirdParty:1030 - CMSIS Pack Vendor :STMicroelectronics FP-SNS-MOTENV1 5.0.0
2026-05-21 15:24:28,652 [INFO] ThirdParty:1030 - CMSIS Pack Vendor :STMicroelectronics USB_DEVICE 1.0.0
2026-05-21 15:24:28,652 [INFO] ThirdParty:1030 - CMSIS Pack Vendor :STMicroelectronics X-CUBE-AZRTOS-H7RS 1.2.0
2026-05-21 15:24:28,652 [INFO] ThirdParty:1030 - CMSIS Pack Vendor :STMicroelectronics X-CUBE-AI 8.1.0
2026-05-21 15:24:28,652 [INFO] ThirdParty:1030 - CMSIS Pack Vendor :wolfSSL I-CUBE-wolfMQTT 1.19.0
2026-05-21 15:24:28,652 [INFO] ThirdParty:1030 - CMSIS Pack Vendor :STMicroelectronics X-CUBE-AZRTOS-L4 2.0.0
2026-05-21 15:24:28,652 [INFO] ThirdParty:1030 - CMSIS Pack Vendor :STMicroelectronics ThreadX 0.0.2
2026-05-21 15:24:28,652 [INFO] ThirdParty:1030 - CMSIS Pack Vendor :WES I-CUBE-Cesium 1.3.0
2026-05-21 15:24:28,653 [INFO] ThirdParty:1030 - CMSIS Pack Vendor :STMicroelectronics lwIP 2.1.2
2026-05-21 15:24:28,653 [INFO] ThirdParty:1030 - CMSIS Pack Vendor :STMicroelectronics X-CUBE-SFXS2LP1 4.0.0
2026-05-21 15:24:28,653 [INFO] ThirdParty:1030 - CMSIS Pack Vendor :STMicroelectronics X-CUBE-BLE2 3.3.0
2026-05-21 15:24:28,653 [INFO] ThirdParty:1030 - CMSIS Pack Vendor :Avnet-IOTCONNECT X-CUBE-iotc-st67-sdk 1.0.0
2026-05-21 15:24:28,653 [INFO] ThirdParty:1030 - CMSIS Pack Vendor :STMicroelectronics PDM2PCM 3.2.0
2026-05-21 15:24:28,653 [INFO] ThirdParty:1030 - CMSIS Pack Vendor :STMicroelectronics X-CUBE-WB05N 2.1.0
2026-05-21 15:24:28,653 [INFO] ThirdParty:1030 - CMSIS Pack Vendor :STMicroelectronics X-CUBE-ST67W61 1.2.0
2026-05-21 15:24:28,653 [INFO] ThirdParty:1030 - CMSIS Pack Vendor :STMicroelectronics X-CUBE-ISPU 1.1.0
2026-05-21 15:24:28,654 [INFO] ThirdParty:1030 - CMSIS Pack Vendor :STMicroelectronics X-CUBE-AZRTOS-H7 3.3.0
2026-05-21 15:24:28,654 [INFO] ThirdParty:1030 - CMSIS Pack Vendor :STMicroelectronics X-CUBE-NFC9 1.0.0
2026-05-21 15:24:28,654 [INFO] ThirdParty:1030 - CMSIS Pack Vendor :STMicroelectronics X-CUBE-BLE1 7.1.0
2026-05-21 15:24:28,654 [INFO] ThirdParty:1030 - CMSIS Pack Vendor :STMicroelectronics USB_DEVICE 3.0.0
2026-05-21 15:24:28,654 [INFO] ThirdParty:1030 - CMSIS Pack Vendor :STMicroelectronics X-CUBE-TCPP 4.1.0
2026-05-21 15:24:28,654 [INFO] ThirdParty:1030 - CMSIS Pack Vendor :STMicroelectronics X-CUBE-FREERTOS 1.4.0
2026-05-21 15:24:28,654 [INFO] ThirdParty:1030 - CMSIS Pack Vendor :STMicroelectronics X-CUBE-EEPRMA1 5.2.0
2026-05-21 15:24:28,654 [INFO] ThirdParty:1030 - CMSIS Pack Vendor :STMicroelectronics X-CUBE-BLEMGR 4.1.0
2026-05-21 15:24:28,654 [INFO] ThirdParty:1030 - CMSIS Pack Vendor :STMicroelectronics X-CUBE-IPS 3.0.0
2026-05-21 15:24:28,654 [INFO] ThirdParty:1030 - CMSIS Pack Vendor :STMicroelectronics X-CUBE-AZRTOS-WB 2.0.0
2026-05-21 15:24:28,654 [INFO] ThirdParty:1030 - CMSIS Pack Vendor :STMicroelectronics X-CUBE-FREERTOS 1.0.1
2026-05-21 15:24:28,654 [INFO] ThirdParty:1030 - CMSIS Pack Vendor :STMicroelectronics X-CUBE-GNSS1 7.0.0
2026-05-21 15:24:28,655 [INFO] ThirdParty:1030 - CMSIS Pack Vendor :STMicroelectronics X-CUBE-GNSS1 7.0.1
2026-05-21 15:24:28,655 [INFO] ThirdParty:1030 - CMSIS Pack Vendor :STMicroelectronics X-CUBE-TOUCHGFX 4.25.0
2026-05-21 15:24:28,655 [INFO] ThirdParty:1030 - CMSIS Pack Vendor :STMicroelectronics X-CUBE-ST67W61 1.1.0
2026-05-21 15:24:28,655 [INFO] ThirdParty:1030 - CMSIS Pack Vendor :STMicroelectronics X-CUBE-AI 10.1.0
2026-05-21 15:24:28,655 [INFO] ThirdParty:1030 - CMSIS Pack Vendor :STMicroelectronics FP-SNS-STBOX1 2.0.0
2026-05-21 15:24:28,655 [INFO] ThirdParty:1030 - CMSIS Pack Vendor :STMicroelectronics FP-SNS-STAIOTCFT 1.1.0
2026-05-21 15:24:28,655 [INFO] ThirdParty:1030 - CMSIS Pack Vendor :STMicroelectronics X-CUBE-MEMS1 12.0.0
2026-05-21 15:24:28,655 [INFO] ThirdParty:1030 - CMSIS Pack Vendor :STMicroelectronics X-CUBE-ALGOBUILD 1.3.0
2026-05-21 15:24:28,655 [INFO] ThirdParty:1030 - CMSIS Pack Vendor :STMicroelectronics X-CUBE-STSE01 2.0.0
2026-05-21 15:24:28,655 [INFO] ThirdParty:1030 - CMSIS Pack Vendor :STMicroelectronics X-CUBE-AZRTOS-L5 1.1.0
2026-05-21 15:24:28,655 [INFO] ThirdParty:1030 - CMSIS Pack Vendor :STMicroelectronics X-CUBE-MEMS1 11.2.0
2026-05-21 15:24:28,655 [INFO] ThirdParty:1030 - CMSIS Pack Vendor :STMicroelectronics X-CUBE-AZRTOS-G0 1.1.0
2026-05-21 15:24:28,655 [INFO] ThirdParty:1030 - CMSIS Pack Vendor :STMicroelectronics X-CUBE-AI 8.0.1
2026-05-21 15:24:28,655 [INFO] ThirdParty:1030 - CMSIS Pack Vendor :STMicroelectronics X-CUBE-SAFEA1 1.2.2
2026-05-21 15:24:28,655 [INFO] ThirdParty:1030 - CMSIS Pack Vendor :STMicroelectronics X-CUBE-NFC4 3.0.0
2026-05-21 15:24:28,655 [INFO] ThirdParty:1030 - CMSIS Pack Vendor :STMicroelectronics X-CUBE-SUBG2 5.0.0
2026-05-21 15:24:28,655 [INFO] ThirdParty:1030 - CMSIS Pack Vendor :STMicroelectronics X-CUBE-AZRTOS-H7RS 1.1.0
2026-05-21 15:24:28,656 [INFO] ThirdParty:1030 - CMSIS Pack Vendor :STMicroelectronics STM32_WPAN 1.0.0
2026-05-21 15:24:28,656 [INFO] ThirdParty:1030 - CMSIS Pack Vendor :EmbeddedOffice I-CUBE-FS-RTOS 1.0.1
2026-05-21 15:24:28,656 [INFO] ThirdParty:1030 - CMSIS Pack Vendor :STMicroelectronics lwIP 2.0.3
2026-05-21 15:24:28,656 [INFO] ThirdParty:1030 - CMSIS Pack Vendor :Cesanta I-CUBE-Mongoose 7.13.0
2026-05-21 15:24:28,656 [INFO] ThirdParty:1030 - CMSIS Pack Vendor :STMicroelectronics USB_HOST 1.0.0
2026-05-21 15:24:28,656 [INFO] ThirdParty:1030 - CMSIS Pack Vendor :STMicroelectronics X-CUBE-TOF1 3.3.1
2026-05-21 15:24:28,656 [INFO] ThirdParty:1030 - CMSIS Pack Vendor :STMicroelectronics X-CUBE-AZRTOS-G4 2.0.0
2026-05-21 15:24:28,656 [INFO] ThirdParty:1030 - CMSIS Pack Vendor :STMicroelectronics X-CUBE-WB05N 2.0.0
2026-05-21 15:24:28,656 [INFO] ThirdParty:1030 - CMSIS Pack Vendor :STMicroelectronics PDM2PCM 3.1.0
2026-05-21 15:24:28,656 [INFO] ThirdParty:1030 - CMSIS Pack Vendor :Infineon AIROC-Wi-Fi-Bluetooth-STM32 1.5.1
2026-05-21 15:24:28,656 [INFO] ThirdParty:1030 - CMSIS Pack Vendor :STMicroelectronics X-CUBE-BLEMGR 3.0.0
2026-05-21 15:24:28,656 [INFO] ThirdParty:1030 - CMSIS Pack Vendor :STMicroelectronics FP-SNS-MOTENVWB1 1.3.0
2026-05-21 15:24:28,656 [INFO] ThirdParty:1030 - CMSIS Pack Vendor :STMicroelectronics X-CUBE-NFC7 2.0.0
2026-05-21 15:24:28,656 [INFO] ThirdParty:1030 - CMSIS Pack Vendor :STMicroelectronics X-CUBE-TCPP 4.2.0
2026-05-21 15:24:28,656 [INFO] ThirdParty:1030 - CMSIS Pack Vendor :RealThread X-CUBE-RT-Thread_Nano 4.1.1
2026-05-21 15:24:28,657 [INFO] ThirdParty:1030 - CMSIS Pack Vendor :STMicroelectronics FP-SNS-MOTENVWB1 1.3.1
2026-05-21 15:24:28,657 [INFO] ThirdParty:1030 - CMSIS Pack Vendor :STMicroelectronics FP-ATR-SIGFOX1 3.2.0
2026-05-21 15:24:28,657 [INFO] ThirdParty:1030 - CMSIS Pack Vendor :quantropi X-CUBE-qispace-sdk-base 1.9.3
2026-05-21 15:24:28,657 [INFO] ThirdParty:1030 - CMSIS Pack Vendor :STMicroelectronics X-CUBE-ISPU 2.0.0
2026-05-21 15:24:28,657 [INFO] ThirdParty:1030 - CMSIS Pack Vendor :STMicroelectronics X-CUBE-EEPRMA1 5.1.0
2026-05-21 15:24:28,657 [INFO] ThirdParty:1030 - CMSIS Pack Vendor :STMicroelectronics X-CUBE-FREERTOS 1.5.0
2026-05-21 15:24:28,657 [INFO] ThirdParty:1030 - CMSIS Pack Vendor :STMicroelectronics MBEDTLS 2.16.2
2026-05-21 15:24:28,657 [INFO] ThirdParty:1030 - CMSIS Pack Vendor :STMicroelectronics X-CUBE-IPS 3.1.0
2026-05-21 15:24:28,657 [INFO] ThirdParty:1030 - CMSIS Pack Vendor :STMicroelectronics X-CUBE-ALS 1.0.2
2026-05-21 15:24:28,657 [INFO] ThirdParty:1030 - CMSIS Pack Vendor :STMicroelectronics X-CUBE-MEMS1 10.0.0
2026-05-21 15:24:28,657 [INFO] ThirdParty:1030 - CMSIS Pack Vendor :STMicroelectronics X-CUBE-FREERTOS 1.1.0
2026-05-21 15:24:28,658 [INFO] ThirdParty:1030 - CMSIS Pack Vendor :STMicroelectronics X-CUBE-TOUCHGFX 4.24.0
2026-05-21 15:24:28,658 [INFO] ThirdParty:1030 - CMSIS Pack Vendor :STMicroelectronics X-CUBE-TOUCHGFX 4.24.2
2026-05-21 15:24:28,658 [INFO] ThirdParty:1030 - CMSIS Pack Vendor :STMicroelectronics X-CUBE-TOUCHGFX 4.24.1
2026-05-21 15:24:28,658 [INFO] ThirdParty:1030 - CMSIS Pack Vendor :STMicroelectronics X-CUBE-STSE01 1.0.0
2026-05-21 15:24:28,658 [INFO] ThirdParty:1030 - CMSIS Pack Vendor :portGmbH I-Cube-SoM-uGOAL 1.1.0
2026-05-21 15:24:28,658 [INFO] ThirdParty:1030 - CMSIS Pack Vendor :STMicroelectronics X-CUBE-ALS 1.0.1
2026-05-21 15:24:28,659 [INFO] ThirdParty:1030 - CMSIS Pack Vendor :STMicroelectronics X-CUBE-NFC6 3.2.0
2026-05-21 15:24:28,659 [INFO] ThirdParty:1030 - CMSIS Pack Vendor :STMicroelectronics X-CUBE-ST67W61 1.0.0
2026-05-21 15:24:28,659 [INFO] ThirdParty:1030 - CMSIS Pack Vendor :STMicroelectronics X-CUBE-AI 10.2.0
2026-05-21 15:24:28,659 [INFO] ThirdParty:1030 - CMSIS Pack Vendor :STMicroelectronics ThreadX 1.0.0
2026-05-21 15:24:28,659 [INFO] ThirdParty:1030 - CMSIS Pack Vendor :STMicroelectronics X-CUBE-MEMS1 12.1.0
2026-05-21 15:24:28,661 [INFO] ThirdParty:1030 - CMSIS Pack Vendor :STMicroelectronics X-CUBE-AZRTOS-WB 1.1.0
2026-05-21 15:24:28,661 [INFO] ThirdParty:1030 - CMSIS Pack Vendor :SEGGER I-CUBE-embOS 1.3.1
2026-05-21 15:24:28,661 [INFO] ThirdParty:1030 - CMSIS Pack Vendor :STMicroelectronics X-CUBE-ALGOBUILD 1.4.0
2026-05-21 15:24:28,661 [INFO] ThirdParty:1030 - CMSIS Pack Vendor :STMicroelectronics X-CUBE-MEMS1 11.3.0
2026-05-21 15:24:28,662 [INFO] ThirdParty:1030 - CMSIS Pack Vendor :STMicroelectronics X-CUBE-AZRTOS-H7RS 1.0.0
2026-05-21 15:24:28,662 [INFO] ThirdParty:1030 - CMSIS Pack Vendor :STMicroelectronics FP-ATR-ASTRA1 2.0.0
2026-05-21 15:24:28,662 [INFO] ThirdParty:1030 - CMSIS Pack Vendor :STMicroelectronics X-CUBE-TOF1 3.4.2
2026-05-21 15:24:28,662 [INFO] ThirdParty:1030 - CMSIS Pack Vendor :STMicroelectronics X-CUBE-TOF1 3.4.3
2026-05-21 15:24:28,662 [INFO] ThirdParty:1030 - CMSIS Pack Vendor :STMicroelectronics X-CUBE-AI 9.1.0
2026-05-21 15:24:28,662 [INFO] ThirdParty:1030 - CMSIS Pack Vendor :STMicroelectronics X-CUBE-TOF1 3.4.0
2026-05-21 15:24:28,662 [INFO] ThirdParty:1030 - CMSIS Pack Vendor :STMicroelectronics X-CUBE-TOF1 3.4.1
2026-05-21 15:24:28,662 [INFO] ThirdParty:1030 - CMSIS Pack Vendor :STMicroelectronics X-CUBE-AZRTOS-H7 3.2.0
2026-05-21 15:24:28,662 [INFO] ThirdParty:1030 - CMSIS Pack Vendor :wolfSSL I-CUBE-wolfSSH 1.4.17
2026-05-21 15:24:28,663 [INFO] ThirdParty:841 - exiting critical section [change project]
2026-05-21 15:24:29,411 [INFO] PinOutPanel:1589 - setPackage(No Configuration,No Configuration)
2026-05-21 15:24:29,416 [INFO] PinOutPanel:1589 - setPackage(STM32G030K6Tx,LQFP32)
2026-05-21 15:24:30,349 [INFO] UtilMem:75 - Before build in PCC Used Memory: 532648680 Bytes (639631360)
2026-05-21 15:24:32,868 [INFO] UtilMem:75 - After build in PCC Used Memory: 466807304 Bytes (674234368)
2026-05-21 15:24:32,946 [INFO] IPUIPlugin:80 - create IPUIPlugin
2026-05-21 15:24:32,947 [INFO] IPUIPlugin:80 - create IPUIPlugin
2026-05-21 15:24:32,948 [INFO] IPUIPlugin:80 - create IPUIPlugin
2026-05-21 15:24:32,948 [INFO] IPUIPlugin:80 - create IPUIPlugin
2026-05-21 15:24:32,948 [INFO] IPUIPlugin:80 - create IPUIPlugin
2026-05-21 15:24:32,948 [INFO] IPUIPlugin:80 - create IPUIPlugin
2026-05-21 15:24:32,948 [INFO] IPUIPlugin:80 - create IPUIPlugin
2026-05-21 15:24:32,949 [INFO] IPUIPlugin:80 - create IPUIPlugin
2026-05-21 15:24:32,949 [INFO] IPUIPlugin:80 - create IPUIPlugin
2026-05-21 15:24:32,949 [INFO] IPUIPlugin:80 - create IPUIPlugin
2026-05-21 15:24:32,950 [INFO] IPUIPlugin:80 - create IPUIPlugin
2026-05-21 15:24:32,950 [INFO] IPUIPlugin:80 - create IPUIPlugin
2026-05-21 15:24:32,951 [INFO] IPUIPlugin:80 - create IPUIPlugin
2026-05-21 15:24:32,952 [INFO] IPUIPlugin:80 - create IPUIPlugin
2026-05-21 15:24:32,953 [INFO] IPUIPlugin:80 - create IPUIPlugin
2026-05-21 15:24:32,954 [INFO] IPUIPlugin:80 - create IPUIPlugin
2026-05-21 15:24:32,954 [INFO] IPUIPlugin:80 - create IPUIPlugin
2026-05-21 15:24:32,954 [INFO] IPUIPlugin:80 - create IPUIPlugin
2026-05-21 15:24:32,955 [INFO] IPUIPlugin:80 - create IPUIPlugin
2026-05-21 15:24:32,955 [INFO] IPUIPlugin:80 - create IPUIPlugin
2026-05-21 15:24:32,956 [INFO] IPUIPlugin:80 - create IPUIPlugin
2026-05-21 15:24:32,956 [INFO] IPUIPlugin:80 - create IPUIPlugin
2026-05-21 15:24:32,957 [INFO] IPUIPlugin:80 - create IPUIPlugin
2026-05-21 15:24:32,957 [INFO] IPUIPlugin:80 - create IPUIPlugin
2026-05-21 15:24:32,958 [INFO] IPUIPlugin:80 - create IPUIPlugin
2026-05-21 15:24:33,694 [INFO] CADModel:165 - CPN selected for project levelSTM32G030K6T6
2026-05-21 15:24:33,694 [INFO] CADModel:114 - Register for checkConnection events
2026-05-21 15:24:33,740 [INFO] OpenFileManager:386 - Restore cursor
2026-05-21 15:30:06,954 [INFO] UtilMem:75 - End SaveConfig() Used Memory: 925262480 Bytes (1073741824)
2026-05-21 15:30:09,847 [INFO] UtilMem:75 - End SaveConfig() Used Memory: 947936024 Bytes (1073741824)
2026-05-21 15:30:12,404 [INFO] UtilMem:75 - End SaveConfig() Used Memory: 980441880 Bytes (1073741824)
2026-05-21 15:30:13,226 [INFO] BlockDiagram:2775 - set Specific Code input for plugin: NVIC
2026-05-21 15:30:13,226 [INFO] BlockDiagram:2775 - set Specific Code input for plugin: TIM1_8G0
2026-05-21 15:30:13,226 [INFO] BlockDiagram:2775 - set Specific Code input for plugin: TIM1_8G0
2026-05-21 15:30:13,226 [INFO] BlockDiagram:2775 - set Specific Code input for plugin: TIM1_8G0
2026-05-21 15:30:13,227 [INFO] BlockDiagram:2775 - set Specific Code input for plugin: SYS
2026-05-21 15:30:13,227 [INFO] BlockDiagram:2775 - set Specific Code input for plugin: GPIO
2026-05-21 15:30:13,227 [INFO] BlockDiagram:2775 - set Specific Code input for plugin: RCC
2026-05-21 15:30:13,231 [INFO] CodeGenerator:892 - code generatio: config db path: C:\Users\matuh\STM32CubeIDE_1.19.0\STM32CubeIDE\plugins\com.st.stm32cube.common.mx_6.15.0.202507011659\\db\
2026-05-21 15:30:13,560 [INFO] CodeEngine:265 - oldGeneratedFile, D:\MojeData\Projekty\SolderFumeExtractor\CubeIDE\FumeExtractor\MXTmpFiles\license.tmp_save
2026-05-21 15:30:14,370 [INFO] CodeEngine:289 - Generated code: D:\MojeData\Projekty\SolderFumeExtractor\CubeIDE\FumeExtractor\MXTmpFiles\license.tmp
2026-05-21 15:30:14,672 [INFO] CodeEngine:265 - oldGeneratedFile, D:\MojeData\Projekty\SolderFumeExtractor\CubeIDE\FumeExtractor\MXTmpFiles\gpio.tmp_save
2026-05-21 15:30:14,954 [INFO] CodeEngine:289 - Generated code: D:\MojeData\Projekty\SolderFumeExtractor\CubeIDE\FumeExtractor\MXTmpFiles\gpio.tmp
2026-05-21 15:30:15,862 [INFO] CodeEngine:265 - oldGeneratedFile, D:\MojeData\Projekty\SolderFumeExtractor\CubeIDE\FumeExtractor\Core\Src\stm32g0xx_it.c_save
2026-05-21 15:30:16,226 [INFO] CodeEngine:289 - Generated code: D:\MojeData\Projekty\SolderFumeExtractor\CubeIDE\FumeExtractor\Core\Src\stm32g0xx_it.c
2026-05-21 15:30:16,252 [INFO] CodeEngine:265 - oldGeneratedFile, D:\MojeData\Projekty\SolderFumeExtractor\CubeIDE\FumeExtractor\Core\Inc\stm32g0xx_it.h_save
2026-05-21 15:30:16,428 [INFO] CodeEngine:289 - Generated code: D:\MojeData\Projekty\SolderFumeExtractor\CubeIDE\FumeExtractor\Core\Inc\stm32g0xx_it.h
2026-05-21 15:30:16,476 [INFO] CodeEngine:265 - oldGeneratedFile, D:\MojeData\Projekty\SolderFumeExtractor\CubeIDE\FumeExtractor\Core\Src\stm32g0xx_hal_msp.c_save
2026-05-21 15:30:16,882 [INFO] CodeEngine:289 - Generated code: D:\MojeData\Projekty\SolderFumeExtractor\CubeIDE\FumeExtractor\Core\Src\stm32g0xx_hal_msp.c
2026-05-21 15:30:16,905 [INFO] CodeEngine:265 - oldGeneratedFile, D:\MojeData\Projekty\SolderFumeExtractor\CubeIDE\FumeExtractor\MXTmpFiles\system.tmp_save
2026-05-21 15:30:17,075 [INFO] CodeEngine:289 - Generated code: D:\MojeData\Projekty\SolderFumeExtractor\CubeIDE\FumeExtractor\MXTmpFiles\system.tmp
2026-05-21 15:30:17,122 [INFO] CodeEngine:321 - oldGeneratedFile, D:\MojeData\Projekty\SolderFumeExtractor\CubeIDE\FumeExtractor\Core\Inc\stm32g0xx_hal_conf.h_save
2026-05-21 15:30:17,315 [INFO] CodeEngine:345 - Generated code: D:\MojeData\Projekty\SolderFumeExtractor\CubeIDE\FumeExtractor\Core\Inc\stm32g0xx_hal_conf.h
2026-05-21 15:30:17,420 [INFO] ApiDbMcu:532 - Load IP Config File for TIM1
2026-05-21 15:30:17,461 [INFO] ApiDbMcu:532 - Load IP Config File for TIM3
2026-05-21 15:30:17,498 [INFO] ApiDbMcu:532 - Load IP Config File for TIM14
2026-05-21 15:30:17,504 [INFO] ApiDbMcu:532 - Load IP Config File for RCC
2026-05-21 15:30:17,508 [WARN] IPConfigManager:3811 - IP not found : TIM
2026-05-21 15:30:17,512 [WARN] CodeGenerator:4259 - IP not found : null
2026-05-21 15:30:17,547 [INFO] CodeEngine:265 - oldGeneratedFile, D:\MojeData\Projekty\SolderFumeExtractor\CubeIDE\FumeExtractor\Core\Inc\main.h_save
2026-05-21 15:30:17,822 [INFO] CodeEngine:289 - Generated code: D:\MojeData\Projekty\SolderFumeExtractor\CubeIDE\FumeExtractor\Core\Inc\main.h
2026-05-21 15:30:17,854 [INFO] CodeEngine:265 - oldGeneratedFile, D:\MojeData\Projekty\SolderFumeExtractor\CubeIDE\FumeExtractor\Core\Src\main.c_save
2026-05-21 15:30:18,324 [INFO] CodeEngine:289 - Generated code: D:\MojeData\Projekty\SolderFumeExtractor\CubeIDE\FumeExtractor\Core\Src\main.c
2026-05-21 15:30:19,699 [INFO] ProjectBuilder:3606 - Time for Copy HAL[1] : 800mS.
2026-05-21 15:30:19,719 [INFO] ProjectBuilder:5216 - Project Generator version: 4.7.0-B52
2026-05-21 15:30:19,995 [INFO] ConfigFileManager:1595 - The Die is : DIE466
2026-05-21 15:30:20,011 [INFO] ApiDbMcu:532 - Load IP Config File for FATFS
2026-05-21 15:30:20,030 [INFO] ApiDbMcu:532 - Load IP Config File for FREERTOS
2026-05-21 15:30:21,061 [INFO] LogOutputStream:77 - [STDOUT_REDIRECT] 
2026-05-21 15:30:23,764 [INFO] ProjectBuilder:5496 - Time for Generating toolchain IDE Files: 4045mS.
2026-05-21 15:30:23,768 [INFO] ProjectBuilder:3463 - Time for Copy CMSIS : 2mS.
2026-05-21 15:30:23,778 [INFO] ProjectBuilder:3463 - Time for Copy CMSIS : 0mS.
2026-05-21 16:50:45,418 [ERROR] LogOutputStream:75 - [STDERR_REDIRECT] 
